AppID,GameName,Release_Date,Peak_CCU,Linux,CCU Rank,Rec_GPU,GPU_Class,GPU_Series,GPU_VRAM,GPU_Performance,GPU_Launch_Year,GPU_MSRP,GPU_PricePerDollar,GPU_Availability,Genre,Genre_Flag
380600,Fishing Planet,28/08/2017,2781,TRUE,241,RTX 4060,Mid,GF40,8,75,2023,299,25,Y,Action,N
380600,Fishing Planet,28/08/2017,2781,TRUE,241,RTX 4060,Mid,GF40,8,75,2023,299,25,Y,Indie,N
380600,Fishing Planet,28/08/2017,2781,TRUE,241,RTX 4060,Mid,GF40,8,75,2023,299,25,Y,Adventure,N
380600,Fishing Planet,28/08/2017,2781,TRUE,241,RTX 4060,Mid,GF40,8,75,2023,299,25,Y,Simulation,Y
380600,Fishing Planet,28/08/2017,2781,TRUE,241,RTX 4060,Mid,GF40,8,75,2023,299,25,Y,RPG,N
380600,Fishing Planet,28/08/2017,2781,TRUE,241,RTX 4060,Mid,GF40,8,75,2023,299,25,Y,Strategy,N
380600,Fishing Planet,28/08/2017,2781,TRUE,241,RTX 4060,Mid,GF40,8,75,2023,299,25,Y,Free To Play,Y
349040,Sea Power : Naval Combat in the Missile Age,04/02/2016,384,FALSE,897,RX 6700,Mid+,R6000,10,70,2021,329,21,N,Action,Y
349040,Sea Power : Naval Combat in the Missile Age,04/02/2016,384,FALSE,897,RX 6700,Mid+,R6000,10,70,2021,329,21,N,Indie,N
349040,Sea Power : Naval Combat in the Missile Age,04/02/2016,384,FALSE,897,RX 6700,Mid+,R6000,10,70,2021,329,21,N,Adventure,Y
349040,Sea Power : Naval Combat in the Missile Age,04/02/2016,384,FALSE,897,RX 6700,Mid+,R6000,10,70,2021,329,21,N,Simulation,N
349040,Sea Power : Naval Combat in the Missile Age,04/02/2016,384,FALSE,897,RX 6700,Mid+,R6000,10,70,2021,329,21,N,RPG,N
349040,Sea Power : Naval Combat in the Missile Age,04/02/2016,384,FALSE,897,RX 6700,Mid+,R6000,10,70,2021,329,21,N,Strategy,N
349040,Sea Power : Naval Combat in the Missile Age,04/02/2016,384,FALSE,897,RX 6700,Mid+,R6000,10,70,2021,329,21,N,Free To Play,N
284160,BeamNG.drive,29/05/2015,15863,FALSE,63,RX 6700,Mid+,R6000,10,70,2021,329,21,N,Action,N
284160,BeamNG.drive,29/05/2015,15863,FALSE,63,RX 6700,Mid+,R6000,10,70,2021,329,21,N,Indie,N
284160,BeamNG.drive,29/05/2015,15863,FALSE,63,RX 6700,Mid+,R6000,10,70,2021,329,21,N,Adventure,N
284160,BeamNG.drive,29/05/2015,15863,FALSE,63,RX 6700,Mid+,R6000,10,70,2021,329,21,N,Simulation,Y
284160,BeamNG.drive,29/05/2015,15863,FALSE,63,RX 6700,Mid+,R6000,10,70,2021,329,21,N,RPG,N
284160,BeamNG.drive,29/05/2015,15863,FALSE,63,RX 6700,Mid+,R6000,10,70,2021,329,21,N,Strategy,N
284160,BeamNG.drive,29/05/2015,15863,FALSE,63,RX 6700,Mid+,R6000,10,70,2021,329,21,N,Free To Play,N
1286220,LurkBait Twitch Fishing,12/11/2024,384,FALSE,897,RX 6700,Mid+,R6000,10,70,2021,329,21,N,Action,Y
1286220,LurkBait Twitch Fishing,12/11/2024,384,FALSE,897,RX 6700,Mid+,R6000,10,70,2021,329,21,N,Indie,N
1286220,LurkBait Twitch Fishing,12/11/2024,384,FALSE,897,RX 6700,Mid+,R6000,10,70,2021,329,21,N,Adventure,N
1286220,LurkBait Twitch Fishing,12/11/2024,384,FALSE,897,RX 6700,Mid+,R6000,10,70,2021,329,21,N,Simulation,Y
1286220,LurkBait Twitch Fishing,12/11/2024,384,FALSE,897,RX 6700,Mid+,R6000,10,70,2021,329,21,N,RPG,N
1286220,LurkBait Twitch Fishing,12/11/2024,384,FALSE,897,RX 6700,Mid+,R6000,10,70,2021,329,21,N,Strategy,Y
1286220,LurkBait Twitch Fishing,12/11/2024,384,FALSE,897,RX 6700,Mid+,R6000,10,70,2021,329,21,N,Free To Play,N
252490,Rust,08/02/2018,143870,TRUE,6,RTX 3060,Mid,GF30,12,65,2021,329,19,Y,Action,Y
252490,Rust,08/02/2018,143870,TRUE,6,RTX 3060,Mid,GF30,12,65,2021,329,19,Y,Indie,Y
252490,Rust,08/02/2018,143870,TRUE,6,RTX 3060,Mid,GF30,12,65,2021,329,19,Y,Adventure,Y
252490,Rust,08/02/2018,143870,TRUE,6,RTX 3060,Mid,GF30,12,65,2021,329,19,Y,Simulation,N
252490,Rust,08/02/2018,143870,TRUE,6,RTX 3060,Mid,GF30,12,65,2021,329,19,Y,RPG,Y
252490,Rust,08/02/2018,143870,TRUE,6,RTX 3060,Mid,GF30,12,65,2021,329,19,Y,Strategy,N
252490,Rust,08/02/2018,143870,TRUE,6,RTX 3060,Mid,GF30,12,65,2021,329,19,Y,Free To Play,N
3240220,Grand Theft Auto V Enhanced,04/03/2025,39502,FALSE,24,RTX 3060,Mid,GF30,12,65,2021,329,19,Y,Action,Y
3240220,Grand Theft Auto V Enhanced,04/03/2025,39502,FALSE,24,RTX 3060,Mid,GF30,12,65,2021,329,19,Y,Indie,N
3240220,Grand Theft Auto V Enhanced,04/03/2025,39502,FALSE,24,RTX 3060,Mid,GF30,12,65,2021,329,19,Y,Adventure,Y
3240220,Grand Theft Auto V Enhanced,04/03/2025,39502,FALSE,24,RTX 3060,Mid,GF30,12,65,2021,329,19,Y,Simulation,N
3240220,Grand Theft Auto V Enhanced,04/03/2025,39502,FALSE,24,RTX 3060,Mid,GF30,12,65,2021,329,19,Y,RPG,N
3240220,Grand Theft Auto V Enhanced,04/03/2025,39502,FALSE,24,RTX 3060,Mid,GF30,12,65,2021,329,19,Y,Strategy,N
3240220,Grand Theft Auto V Enhanced,04/03/2025,39502,FALSE,24,RTX 3060,Mid,GF30,12,65,2021,329,19,Y,Free To Play,N
393380,Squad,23/09/2020,9116,FALSE,100,RTX 3060,Mid,GF30,12,65,2021,329,19,Y,Action,Y
393380,Squad,23/09/2020,9116,FALSE,100,RTX 3060,Mid,GF30,12,65,2021,329,19,Y,Indie,Y
393380,Squad,23/09/2020,9116,FALSE,100,RTX 3060,Mid,GF30,12,65,2021,329,19,Y,Adventure,N
393380,Squad,23/09/2020,9116,FALSE,100,RTX 3060,Mid,GF30,12,65,2021,329,19,Y,Simulation,N
393380,Squad,23/09/2020,9116,FALSE,100,RTX 3060,Mid,GF30,12,65,2021,329,19,Y,RPG,N
393380,Squad,23/09/2020,9116,FALSE,100,RTX 3060,Mid,GF30,12,65,2021,329,19,Y,Strategy,Y
393380,Squad,23/09/2020,9116,FALSE,100,RTX 3060,Mid,GF30,12,65,2021,329,19,Y,Free To Play,N
1812450,Bellwright,23/04/2024,1252,FALSE,436,RTX 3060,Mid,GF30,12,65,2021,329,19,Y,Action,Y
1812450,Bellwright,23/04/2024,1252,FALSE,436,RTX 3060,Mid,GF30,12,65,2021,329,19,Y,Indie,N
1812450,Bellwright,23/04/2024,1252,FALSE,436,RTX 3060,Mid,GF30,12,65,2021,329,19,Y,Adventure,N
1812450,Bellwright,23/04/2024,1252,FALSE,436,RTX 3060,Mid,GF30,12,65,2021,329,19,Y,Simulation,Y
1812450,Bellwright,23/04/2024,1252,FALSE,436,RTX 3060,Mid,GF30,12,65,2021,329,19,Y,RPG,Y
1812450,Bellwright,23/04/2024,1252,FALSE,436,RTX 3060,Mid,GF30,12,65,2021,329,19,Y,Strategy,Y
1812450,Bellwright,23/04/2024,1252,FALSE,436,RTX 3060,Mid,GF30,12,65,2021,329,19,Y,Free To Play,N
899770,Last Epoch,21/02/2024,5831,FALSE,138,RTX 3060,Mid,GF30,12,65,2021,329,19,Y,Action,Y
899770,Last Epoch,21/02/2024,5831,FALSE,138,RTX 3060,Mid,GF30,12,65,2021,329,19,Y,Indie,Y
899770,Last Epoch,21/02/2024,5831,FALSE,138,RTX 3060,Mid,GF30,12,65,2021,329,19,Y,Adventure,Y
899770,Last Epoch,21/02/2024,5831,FALSE,138,RTX 3060,Mid,GF30,12,65,2021,329,19,Y,Simulation,N
899770,Last Epoch,21/02/2024,5831,FALSE,138,RTX 3060,Mid,GF30,12,65,2021,329,19,Y,RPG,Y
899770,Last Epoch,21/02/2024,5831,FALSE,138,RTX 3060,Mid,GF30,12,65,2021,329,19,Y,Strategy,N
899770,Last Epoch,21/02/2024,5831,FALSE,138,RTX 3060,Mid,GF30,12,65,2021,329,19,Y,Free To Play,N
2625420,Drive Beyond Horizons,24/03/2025,3366,FALSE,210,RTX 3060,Mid,GF30,12,65,2021,329,19,Y,Action,Y
2625420,Drive Beyond Horizons,24/03/2025,3366,FALSE,210,RTX 3060,Mid,GF30,12,65,2021,329,19,Y,Indie,Y
2625420,Drive Beyond Horizons,24/03/2025,3366,FALSE,210,RTX 3060,Mid,GF30,12,65,2021,329,19,Y,Adventure,Y
2625420,Drive Beyond Horizons,24/03/2025,3366,FALSE,210,RTX 3060,Mid,GF30,12,65,2021,329,19,Y,Simulation,Y
2625420,Drive Beyond Horizons,24/03/2025,3366,FALSE,210,RTX 3060,Mid,GF30,12,65,2021,329,19,Y,RPG,N
2625420,Drive Beyond Horizons,24/03/2025,3366,FALSE,210,RTX 3060,Mid,GF30,12,65,2021,329,19,Y,Strategy,N
2625420,Drive Beyond Horizons,24/03/2025,3366,FALSE,210,RTX 3060,Mid,GF30,12,65,2021,329,19,Y,Free To Play,N
440900,Conan Exiles,08/05/2018,5677,FALSE,142,RTX 3060,Mid,GF30,12,65,2021,329,19,Y,Action,Y
440900,Conan Exiles,08/05/2018,5677,FALSE,142,RTX 3060,Mid,GF30,12,65,2021,329,19,Y,Indie,N
440900,Conan Exiles,08/05/2018,5677,FALSE,142,RTX 3060,Mid,GF30,12,65,2021,329,19,Y,Adventure,Y
440900,Conan Exiles,08/05/2018,5677,FALSE,142,RTX 3060,Mid,GF30,12,65,2021,329,19,Y,Simulation,Y
440900,Conan Exiles,08/05/2018,5677,FALSE,142,RTX 3060,Mid,GF30,12,65,2021,329,19,Y,RPG,Y
440900,Conan Exiles,08/05/2018,5677,FALSE,142,RTX 3060,Mid,GF30,12,65,2021,329,19,Y,Strategy,Y
440900,Conan Exiles,08/05/2018,5677,FALSE,142,RTX 3060,Mid,GF30,12,65,2021,329,19,Y,Free To Play,N
3400000,VRoid Studio v2.7.0,14/05/2025,429,FALSE,842,RTX 3060,Mid,GF30,12,65,2021,329,19,Y,Action,Y
3400000,VRoid Studio v2.7.0,14/05/2025,429,FALSE,842,RTX 3060,Mid,GF30,12,65,2021,329,19,Y,Indie,N
3400000,VRoid Studio v2.7.0,14/05/2025,429,FALSE,842,RTX 3060,Mid,GF30,12,65,2021,329,19,Y,Adventure,Y
3400000,VRoid Studio v2.7.0,14/05/2025,429,FALSE,842,RTX 3060,Mid,GF30,12,65,2021,329,19,Y,Simulation,N
3400000,VRoid Studio v2.7.0,14/05/2025,429,FALSE,842,RTX 3060,Mid,GF30,12,65,2021,329,19,Y,RPG,N
3400000,VRoid Studio v2.7.0,14/05/2025,429,FALSE,842,RTX 3060,Mid,GF30,12,65,2021,329,19,Y,Strategy,N
3400000,VRoid Studio v2.7.0,14/05/2025,429,FALSE,842,RTX 3060,Mid,GF30,12,65,2021,329,19,Y,Free To Play,N
2916430,Sins of a Solar Empire II,10/12/2024,545,FALSE,728,RTX 3060,Mid,GF30,12,65,2021,329,19,Y,Action,N
2916430,Sins of a Solar Empire II,10/12/2024,545,FALSE,728,RTX 3060,Mid,GF30,12,65,2021,329,19,Y,Indie,Y
2916430,Sins of a Solar Empire II,10/12/2024,545,FALSE,728,RTX 3060,Mid,GF30,12,65,2021,329,19,Y,Adventure,N
2916430,Sins of a Solar Empire II,10/12/2024,545,FALSE,728,RTX 3060,Mid,GF30,12,65,2021,329,19,Y,Simulation,Y
2916430,Sins of a Solar Empire II,10/12/2024,545,FALSE,728,RTX 3060,Mid,GF30,12,65,2021,329,19,Y,RPG,N
2916430,Sins of a Solar Empire II,10/12/2024,545,FALSE,728,RTX 3060,Mid,GF30,12,65,2021,329,19,Y,Strategy,N
2916430,Sins of a Solar Empire II,10/12/2024,545,FALSE,728,RTX 3060,Mid,GF30,12,65,2021,329,19,Y,Free To Play,N
2669320,EA SPORTS FC 25,26/09/2024,42032,FALSE,22,RX 5600 XT,Mid,R5000,6,55,2020,279,19,N,Action,N
2669320,EA SPORTS FC 25,26/09/2024,42032,FALSE,22,RX 5600 XT,Mid,R5000,6,55,2020,279,19,N,Indie,N
2669320,EA SPORTS FC 25,26/09/2024,42032,FALSE,22,RX 5600 XT,Mid,R5000,6,55,2020,279,19,N,Adventure,N
2669320,EA SPORTS FC 25,26/09/2024,42032,FALSE,22,RX 5600 XT,Mid,R5000,6,55,2020,279,19,N,Simulation,Y
2669320,EA SPORTS FC 25,26/09/2024,42032,FALSE,22,RX 5600 XT,Mid,R5000,6,55,2020,279,19,N,RPG,N
2669320,EA SPORTS FC 25,26/09/2024,42032,FALSE,22,RX 5600 XT,Mid,R5000,6,55,2020,279,19,N,Strategy,N
2669320,EA SPORTS FC 25,26/09/2024,42032,FALSE,22,RX 5600 XT,Mid,R5000,6,55,2020,279,19,N,Free To Play,N
1325200,Nioh 2 ' The Complete Edition,05/02/2021,1441,FALSE,384,GTX 1660 SUPER,Mid,GF16,6,45,2019,229,19,N,Action,Y
1325200,Nioh 2 ' The Complete Edition,05/02/2021,1441,FALSE,384,GTX 1660 SUPER,Mid,GF16,6,45,2019,229,19,N,Indie,N
1325200,Nioh 2 ' The Complete Edition,05/02/2021,1441,FALSE,384,GTX 1660 SUPER,Mid,GF16,6,45,2019,229,19,N,Adventure,N
1325200,Nioh 2 ' The Complete Edition,05/02/2021,1441,FALSE,384,GTX 1660 SUPER,Mid,GF16,6,45,2019,229,19,N,Simulation,N
1325200,Nioh 2 ' The Complete Edition,05/02/2021,1441,FALSE,384,GTX 1660 SUPER,Mid,GF16,6,45,2019,229,19,N,RPG,Y
1325200,Nioh 2 ' The Complete Edition,05/02/2021,1441,FALSE,384,GTX 1660 SUPER,Mid,GF16,6,45,2019,229,19,N,Strategy,N
1325200,Nioh 2 ' The Complete Edition,05/02/2021,1441,FALSE,384,GTX 1660 SUPER,Mid,GF16,6,45,2019,229,19,N,Free To Play,N
926990,WolfQuest: Anniversary Edition,22/07/2025,869,TRUE,535,RTX 3060,Mid,GF30,12,65,2021,329,19,Y,Action,Y
926990,WolfQuest: Anniversary Edition,22/07/2025,869,TRUE,535,RTX 3060,Mid,GF30,12,65,2021,329,19,Y,Indie,N
926990,WolfQuest: Anniversary Edition,22/07/2025,869,TRUE,535,RTX 3060,Mid,GF30,12,65,2021,329,19,Y,Adventure,N
926990,WolfQuest: Anniversary Edition,22/07/2025,869,TRUE,535,RTX 3060,Mid,GF30,12,65,2021,329,19,Y,Simulation,Y
926990,WolfQuest: Anniversary Edition,22/07/2025,869,TRUE,535,RTX 3060,Mid,GF30,12,65,2021,329,19,Y,RPG,Y
926990,WolfQuest: Anniversary Edition,22/07/2025,869,TRUE,535,RTX 3060,Mid,GF30,12,65,2021,329,19,Y,Strategy,N
926990,WolfQuest: Anniversary Edition,22/07/2025,869,TRUE,535,RTX 3060,Mid,GF30,12,65,2021,329,19,Y,Free To Play,N
2531310,The Last of Us Part II Remastered,03/04/2025,4405,FALSE,175,RTX 3060,Mid,GF30,12,65,2021,329,19,Y,Action,Y
2531310,The Last of Us Part II Remastered,03/04/2025,4405,FALSE,175,RTX 3060,Mid,GF30,12,65,2021,329,19,Y,Indie,N
2531310,The Last of Us Part II Remastered,03/04/2025,4405,FALSE,175,RTX 3060,Mid,GF30,12,65,2021,329,19,Y,Adventure,Y
2531310,The Last of Us Part II Remastered,03/04/2025,4405,FALSE,175,RTX 3060,Mid,GF30,12,65,2021,329,19,Y,Simulation,N
2531310,The Last of Us Part II Remastered,03/04/2025,4405,FALSE,175,RTX 3060,Mid,GF30,12,65,2021,329,19,Y,RPG,N
2531310,The Last of Us Part II Remastered,03/04/2025,4405,FALSE,175,RTX 3060,Mid,GF30,12,65,2021,329,19,Y,Strategy,N
2531310,The Last of Us Part II Remastered,03/04/2025,4405,FALSE,175,RTX 3060,Mid,GF30,12,65,2021,329,19,Y,Free To Play,N
387990,Scrap Mechanic,19/01/2016,909,FALSE,526,RTX 3060,Mid,GF30,12,65,2021,329,19,Y,Action,Y
387990,Scrap Mechanic,19/01/2016,909,FALSE,526,RTX 3060,Mid,GF30,12,65,2021,329,19,Y,Indie,Y
387990,Scrap Mechanic,19/01/2016,909,FALSE,526,RTX 3060,Mid,GF30,12,65,2021,329,19,Y,Adventure,Y
387990,Scrap Mechanic,19/01/2016,909,FALSE,526,RTX 3060,Mid,GF30,12,65,2021,329,19,Y,Simulation,Y
387990,Scrap Mechanic,19/01/2016,909,FALSE,526,RTX 3060,Mid,GF30,12,65,2021,329,19,Y,RPG,N
387990,Scrap Mechanic,19/01/2016,909,FALSE,526,RTX 3060,Mid,GF30,12,65,2021,329,19,Y,Strategy,N
387990,Scrap Mechanic,19/01/2016,909,FALSE,526,RTX 3060,Mid,GF30,12,65,2021,329,19,Y,Free To Play,N
2651280,Marvel's Spider-Man 2,30/01/2025,1348,FALSE,407,RTX 3060,Mid,GF30,12,65,2021,329,19,Y,Action,Y
2651280,Marvel's Spider-Man 2,30/01/2025,1348,FALSE,407,RTX 3060,Mid,GF30,12,65,2021,329,19,Y,Indie,N
2651280,Marvel's Spider-Man 2,30/01/2025,1348,FALSE,407,RTX 3060,Mid,GF30,12,65,2021,329,19,Y,Adventure,Y
2651280,Marvel's Spider-Man 2,30/01/2025,1348,FALSE,407,RTX 3060,Mid,GF30,12,65,2021,329,19,Y,Simulation,N
2651280,Marvel's Spider-Man 2,30/01/2025,1348,FALSE,407,RTX 3060,Mid,GF30,12,65,2021,329,19,Y,RPG,N
2651280,Marvel's Spider-Man 2,30/01/2025,1348,FALSE,407,RTX 3060,Mid,GF30,12,65,2021,329,19,Y,Strategy,N
2651280,Marvel's Spider-Man 2,30/01/2025,1348,FALSE,407,RTX 3060,Mid,GF30,12,65,2021,329,19,Y,Free To Play,N
2407270,AI LIMIT,27/03/2025,922,FALSE,519,RTX 3060,Mid,GF30,12,65,2021,329,19,Y,Action,Y
2407270,AI LIMIT,27/03/2025,922,FALSE,519,RTX 3060,Mid,GF30,12,65,2021,329,19,Y,Indie,Y
2407270,AI LIMIT,27/03/2025,922,FALSE,519,RTX 3060,Mid,GF30,12,65,2021,329,19,Y,Adventure,Y
2407270,AI LIMIT,27/03/2025,922,FALSE,519,RTX 3060,Mid,GF30,12,65,2021,329,19,Y,Simulation,N
2407270,AI LIMIT,27/03/2025,922,FALSE,519,RTX 3060,Mid,GF30,12,65,2021,329,19,Y,RPG,Y
2407270,AI LIMIT,27/03/2025,922,FALSE,519,RTX 3060,Mid,GF30,12,65,2021,329,19,Y,Strategy,N
2407270,AI LIMIT,27/03/2025,922,FALSE,519,RTX 3060,Mid,GF30,12,65,2021,329,19,Y,Free To Play,N
2351560,Resident Evil 5,30/11/2023,567,FALSE,705,RTX 3060,Mid,GF30,12,65,2021,329,19,Y,Action,Y
2351560,Resident Evil 5,30/11/2023,567,FALSE,705,RTX 3060,Mid,GF30,12,65,2021,329,19,Y,Indie,Y
2351560,Resident Evil 5,30/11/2023,567,FALSE,705,RTX 3060,Mid,GF30,12,65,2021,329,19,Y,Adventure,N
2351560,Resident Evil 5,30/11/2023,567,FALSE,705,RTX 3060,Mid,GF30,12,65,2021,329,19,Y,Simulation,N
2351560,Resident Evil 5,30/11/2023,567,FALSE,705,RTX 3060,Mid,GF30,12,65,2021,329,19,Y,RPG,N
2351560,Resident Evil 5,30/11/2023,567,FALSE,705,RTX 3060,Mid,GF30,12,65,2021,329,19,Y,Strategy,Y
2351560,Resident Evil 5,30/11/2023,567,FALSE,705,RTX 3060,Mid,GF30,12,65,2021,329,19,Y,Free To Play,N
3164500,Schedule I,24/03/2025,22757,FALSE,45,RTX 3060,Mid,GF30,12,65,2021,329,19,Y,Action,Y
3164500,Schedule I,24/03/2025,22757,FALSE,45,RTX 3060,Mid,GF30,12,65,2021,329,19,Y,Indie,Y
3164500,Schedule I,24/03/2025,22757,FALSE,45,RTX 3060,Mid,GF30,12,65,2021,329,19,Y,Adventure,N
3164500,Schedule I,24/03/2025,22757,FALSE,45,RTX 3060,Mid,GF30,12,65,2021,329,19,Y,Simulation,Y
3164500,Schedule I,24/03/2025,22757,FALSE,45,RTX 3060,Mid,GF30,12,65,2021,329,19,Y,RPG,N
3164500,Schedule I,24/03/2025,22757,FALSE,45,RTX 3060,Mid,GF30,12,65,2021,329,19,Y,Strategy,Y
3164500,Schedule I,24/03/2025,22757,FALSE,45,RTX 3060,Mid,GF30,12,65,2021,329,19,Y,Free To Play,N
700330,SCP: Secret Laboratory,29/12/2017,4696,FALSE,166,RTX 3060,Mid,GF30,12,65,2021,329,19,Y,Action,Y
700330,SCP: Secret Laboratory,29/12/2017,4696,FALSE,166,RTX 3060,Mid,GF30,12,65,2021,329,19,Y,Indie,Y
700330,SCP: Secret Laboratory,29/12/2017,4696,FALSE,166,RTX 3060,Mid,GF30,12,65,2021,329,19,Y,Adventure,N
700330,SCP: Secret Laboratory,29/12/2017,4696,FALSE,166,RTX 3060,Mid,GF30,12,65,2021,329,19,Y,Simulation,N
700330,SCP: Secret Laboratory,29/12/2017,4696,FALSE,166,RTX 3060,Mid,GF30,12,65,2021,329,19,Y,RPG,Y
700330,SCP: Secret Laboratory,29/12/2017,4696,FALSE,166,RTX 3060,Mid,GF30,12,65,2021,329,19,Y,Strategy,N
700330,SCP: Secret Laboratory,29/12/2017,4696,FALSE,166,RTX 3060,Mid,GF30,12,65,2021,329,19,Y,Free To Play,Y
2420110,Horizon Forbidden West Complete Edition,21/03/2024,1005,FALSE,485,RTX 3060,Mid,GF30,12,65,2021,329,19,Y,Action,Y
2420110,Horizon Forbidden West Complete Edition,21/03/2024,1005,FALSE,485,RTX 3060,Mid,GF30,12,65,2021,329,19,Y,Indie,N
2420110,Horizon Forbidden West Complete Edition,21/03/2024,1005,FALSE,485,RTX 3060,Mid,GF30,12,65,2021,329,19,Y,Adventure,N
2420110,Horizon Forbidden West Complete Edition,21/03/2024,1005,FALSE,485,RTX 3060,Mid,GF30,12,65,2021,329,19,Y,Simulation,N
2420110,Horizon Forbidden West Complete Edition,21/03/2024,1005,FALSE,485,RTX 3060,Mid,GF30,12,65,2021,329,19,Y,RPG,Y
2420110,Horizon Forbidden West Complete Edition,21/03/2024,1005,FALSE,485,RTX 3060,Mid,GF30,12,65,2021,329,19,Y,Strategy,N
2420110,Horizon Forbidden West Complete Edition,21/03/2024,1005,FALSE,485,RTX 3060,Mid,GF30,12,65,2021,329,19,Y,Free To Play,N
2567870,Chained Together,19/06/2024,1154,FALSE,452,RTX 3060,Mid,GF30,12,65,2021,329,19,Y,Action,N
2567870,Chained Together,19/06/2024,1154,FALSE,452,RTX 3060,Mid,GF30,12,65,2021,329,19,Y,Indie,Y
2567870,Chained Together,19/06/2024,1154,FALSE,452,RTX 3060,Mid,GF30,12,65,2021,329,19,Y,Adventure,Y
2567870,Chained Together,19/06/2024,1154,FALSE,452,RTX 3060,Mid,GF30,12,65,2021,329,19,Y,Simulation,Y
2567870,Chained Together,19/06/2024,1154,FALSE,452,RTX 3060,Mid,GF30,12,65,2021,329,19,Y,RPG,N
2567870,Chained Together,19/06/2024,1154,FALSE,452,RTX 3060,Mid,GF30,12,65,2021,329,19,Y,Strategy,N
2567870,Chained Together,19/06/2024,1154,FALSE,452,RTX 3060,Mid,GF30,12,65,2021,329,19,Y,Free To Play,N
1062520,Dinkum,22/04/2025,2422,FALSE,266,RTX 3060,Mid,GF30,12,65,2021,329,19,Y,Action,N
1062520,Dinkum,22/04/2025,2422,FALSE,266,RTX 3060,Mid,GF30,12,65,2021,329,19,Y,Indie,Y
1062520,Dinkum,22/04/2025,2422,FALSE,266,RTX 3060,Mid,GF30,12,65,2021,329,19,Y,Adventure,Y
1062520,Dinkum,22/04/2025,2422,FALSE,266,RTX 3060,Mid,GF30,12,65,2021,329,19,Y,Simulation,Y
1062520,Dinkum,22/04/2025,2422,FALSE,266,RTX 3060,Mid,GF30,12,65,2021,329,19,Y,RPG,Y
1062520,Dinkum,22/04/2025,2422,FALSE,266,RTX 3060,Mid,GF30,12,65,2021,329,19,Y,Strategy,N
1062520,Dinkum,22/04/2025,2422,FALSE,266,RTX 3060,Mid,GF30,12,65,2021,329,19,Y,Free To Play,N
2582560,EA SPORTS Madden NFL 25,15/08/2024,1823,FALSE,320,RTX 3060,Mid,GF30,12,65,2021,329,19,Y,Action,N
2582560,EA SPORTS Madden NFL 25,15/08/2024,1823,FALSE,320,RTX 3060,Mid,GF30,12,65,2021,329,19,Y,Indie,N
2582560,EA SPORTS Madden NFL 25,15/08/2024,1823,FALSE,320,RTX 3060,Mid,GF30,12,65,2021,329,19,Y,Adventure,N
2582560,EA SPORTS Madden NFL 25,15/08/2024,1823,FALSE,320,RTX 3060,Mid,GF30,12,65,2021,329,19,Y,Simulation,Y
2582560,EA SPORTS Madden NFL 25,15/08/2024,1823,FALSE,320,RTX 3060,Mid,GF30,12,65,2021,329,19,Y,RPG,N
2582560,EA SPORTS Madden NFL 25,15/08/2024,1823,FALSE,320,RTX 3060,Mid,GF30,12,65,2021,329,19,Y,Strategy,Y
2582560,EA SPORTS Madden NFL 25,15/08/2024,1823,FALSE,320,RTX 3060,Mid,GF30,12,65,2021,329,19,Y,Free To Play,N
1029780,Going Medieval,01/06/2021,713,FALSE,595,GTX 1660 SUPER,Mid,GF16,6,45,2019,229,19,N,Action,N
1029780,Going Medieval,01/06/2021,713,FALSE,595,GTX 1660 SUPER,Mid,GF16,6,45,2019,229,19,N,Indie,Y
1029780,Going Medieval,01/06/2021,713,FALSE,595,GTX 1660 SUPER,Mid,GF16,6,45,2019,229,19,N,Adventure,N
1029780,Going Medieval,01/06/2021,713,FALSE,595,GTX 1660 SUPER,Mid,GF16,6,45,2019,229,19,N,Simulation,Y
1029780,Going Medieval,01/06/2021,713,FALSE,595,GTX 1660 SUPER,Mid,GF16,6,45,2019,229,19,N,RPG,Y
1029780,Going Medieval,01/06/2021,713,FALSE,595,GTX 1660 SUPER,Mid,GF16,6,45,2019,229,19,N,Strategy,Y
1029780,Going Medieval,01/06/2021,713,FALSE,595,GTX 1660 SUPER,Mid,GF16,6,45,2019,229,19,N,Free To Play,N
2009350,The Perfect Tower II,31/10/2022,493,FALSE,778,RTX 3060,Mid,GF30,12,65,2021,329,19,Y,Action,N
2009350,The Perfect Tower II,31/10/2022,493,FALSE,778,RTX 3060,Mid,GF30,12,65,2021,329,19,Y,Indie,N
2009350,The Perfect Tower II,31/10/2022,493,FALSE,778,RTX 3060,Mid,GF30,12,65,2021,329,19,Y,Adventure,Y
2009350,The Perfect Tower II,31/10/2022,493,FALSE,778,RTX 3060,Mid,GF30,12,65,2021,329,19,Y,Simulation,Y
2009350,The Perfect Tower II,31/10/2022,493,FALSE,778,RTX 3060,Mid,GF30,12,65,2021,329,19,Y,RPG,N
2009350,The Perfect Tower II,31/10/2022,493,FALSE,778,RTX 3060,Mid,GF30,12,65,2021,329,19,Y,Strategy,Y
2009350,The Perfect Tower II,31/10/2022,493,FALSE,778,RTX 3060,Mid,GF30,12,65,2021,329,19,Y,Free To Play,N
1361210,"Warhammer 40,000: Darktide",30/11/2022,7267,FALSE,120,RTX 3060,Mid,GF30,12,65,2021,329,19,Y,Action,Y
1361210,"Warhammer 40,000: Darktide",30/11/2022,7267,FALSE,120,RTX 3060,Mid,GF30,12,65,2021,329,19,Y,Indie,N
1361210,"Warhammer 40,000: Darktide",30/11/2022,7267,FALSE,120,RTX 3060,Mid,GF30,12,65,2021,329,19,Y,Adventure,Y
1361210,"Warhammer 40,000: Darktide",30/11/2022,7267,FALSE,120,RTX 3060,Mid,GF30,12,65,2021,329,19,Y,Simulation,N
1361210,"Warhammer 40,000: Darktide",30/11/2022,7267,FALSE,120,RTX 3060,Mid,GF30,12,65,2021,329,19,Y,RPG,Y
1361210,"Warhammer 40,000: Darktide",30/11/2022,7267,FALSE,120,RTX 3060,Mid,GF30,12,65,2021,329,19,Y,Strategy,N
1361210,"Warhammer 40,000: Darktide",30/11/2022,7267,FALSE,120,RTX 3060,Mid,GF30,12,65,2021,329,19,Y,Free To Play,N
1094780,Loop Hero,27/10/2019,349,FALSE,947,RTX 3060,Mid,GF30,12,65,2021,329,19,Y,Action,N
1094780,Loop Hero,27/10/2019,349,FALSE,947,RTX 3060,Mid,GF30,12,65,2021,329,19,Y,Indie,N
1094780,Loop Hero,27/10/2019,349,FALSE,947,RTX 3060,Mid,GF30,12,65,2021,329,19,Y,Adventure,N
1094780,Loop Hero,27/10/2019,349,FALSE,947,RTX 3060,Mid,GF30,12,65,2021,329,19,Y,Simulation,Y
1094780,Loop Hero,27/10/2019,349,FALSE,947,RTX 3060,Mid,GF30,12,65,2021,329,19,Y,RPG,N
1094780,Loop Hero,27/10/2019,349,FALSE,947,RTX 3060,Mid,GF30,12,65,2021,329,19,Y,Strategy,N
1094780,Loop Hero,27/10/2019,349,FALSE,947,RTX 3060,Mid,GF30,12,65,2021,329,19,Y,Free To Play,N
2646460,Soulmask,30/05/2024,2760,FALSE,243,RTX 3060,Mid,GF30,12,65,2021,329,19,Y,Action,N
2646460,Soulmask,30/05/2024,2760,FALSE,243,RTX 3060,Mid,GF30,12,65,2021,329,19,Y,Indie,Y
2646460,Soulmask,30/05/2024,2760,FALSE,243,RTX 3060,Mid,GF30,12,65,2021,329,19,Y,Adventure,Y
2646460,Soulmask,30/05/2024,2760,FALSE,243,RTX 3060,Mid,GF30,12,65,2021,329,19,Y,Simulation,Y
2646460,Soulmask,30/05/2024,2760,FALSE,243,RTX 3060,Mid,GF30,12,65,2021,329,19,Y,RPG,Y
2646460,Soulmask,30/05/2024,2760,FALSE,243,RTX 3060,Mid,GF30,12,65,2021,329,19,Y,Strategy,N
2646460,Soulmask,30/05/2024,2760,FALSE,243,RTX 3060,Mid,GF30,12,65,2021,329,19,Y,Free To Play,Y
392160,X4: Foundations,30/11/2018,2141,FALSE,293,RTX 3060,Mid,GF30,12,65,2021,329,19,Y,Action,Y
392160,X4: Foundations,30/11/2018,2141,FALSE,293,RTX 3060,Mid,GF30,12,65,2021,329,19,Y,Indie,N
392160,X4: Foundations,30/11/2018,2141,FALSE,293,RTX 3060,Mid,GF30,12,65,2021,329,19,Y,Adventure,N
392160,X4: Foundations,30/11/2018,2141,FALSE,293,RTX 3060,Mid,GF30,12,65,2021,329,19,Y,Simulation,Y
392160,X4: Foundations,30/11/2018,2141,FALSE,293,RTX 3060,Mid,GF30,12,65,2021,329,19,Y,RPG,N
392160,X4: Foundations,30/11/2018,2141,FALSE,293,RTX 3060,Mid,GF30,12,65,2021,329,19,Y,Strategy,Y
392160,X4: Foundations,30/11/2018,2141,FALSE,293,RTX 3060,Mid,GF30,12,65,2021,329,19,Y,Free To Play,N
1599340,Lost Ark,11/02/2022,17355,FALSE,54,GTX 1660 SUPER,Mid,GF16,6,45,2019,229,19,N,Action,Y
1599340,Lost Ark,11/02/2022,17355,FALSE,54,GTX 1660 SUPER,Mid,GF16,6,45,2019,229,19,N,Indie,N
1599340,Lost Ark,11/02/2022,17355,FALSE,54,GTX 1660 SUPER,Mid,GF16,6,45,2019,229,19,N,Adventure,Y
1599340,Lost Ark,11/02/2022,17355,FALSE,54,GTX 1660 SUPER,Mid,GF16,6,45,2019,229,19,N,Simulation,N
1599340,Lost Ark,11/02/2022,17355,FALSE,54,GTX 1660 SUPER,Mid,GF16,6,45,2019,229,19,N,RPG,Y
1599340,Lost Ark,11/02/2022,17355,FALSE,54,GTX 1660 SUPER,Mid,GF16,6,45,2019,229,19,N,Strategy,N
1599340,Lost Ark,11/02/2022,17355,FALSE,54,GTX 1660 SUPER,Mid,GF16,6,45,2019,229,19,N,Free To Play,Y
1343370,Old School RuneScape,24/02/2021,1050,TRUE,472,GTX 1050 Ti,Lower,GF10,4,20,2016,109,18,N,Action,N
1343370,Old School RuneScape,24/02/2021,1050,TRUE,472,GTX 1050 Ti,Lower,GF10,4,20,2016,109,18,N,Indie,N
1343370,Old School RuneScape,24/02/2021,1050,TRUE,472,GTX 1050 Ti,Lower,GF10,4,20,2016,109,18,N,Adventure,Y
1343370,Old School RuneScape,24/02/2021,1050,TRUE,472,GTX 1050 Ti,Lower,GF10,4,20,2016,109,18,N,Simulation,N
1343370,Old School RuneScape,24/02/2021,1050,TRUE,472,GTX 1050 Ti,Lower,GF10,4,20,2016,109,18,N,RPG,Y
1343370,Old School RuneScape,24/02/2021,1050,TRUE,472,GTX 1050 Ti,Lower,GF10,4,20,2016,109,18,N,Strategy,N
1343370,Old School RuneScape,24/02/2021,1050,TRUE,472,GTX 1050 Ti,Lower,GF10,4,20,2016,109,18,N,Free To Play,Y
383150,Shin Megami Tensei V: Vengeance,31/05/2016,410,FALSE,869,GTX 1050 Ti,Lower,GF10,4,20,2016,109,18,N,Action,Y
383150,Shin Megami Tensei V: Vengeance,31/05/2016,410,FALSE,869,GTX 1050 Ti,Lower,GF10,4,20,2016,109,18,N,Indie,N
383150,Shin Megami Tensei V: Vengeance,31/05/2016,410,FALSE,869,GTX 1050 Ti,Lower,GF10,4,20,2016,109,18,N,Adventure,N
383150,Shin Megami Tensei V: Vengeance,31/05/2016,410,FALSE,869,GTX 1050 Ti,Lower,GF10,4,20,2016,109,18,N,Simulation,N
383150,Shin Megami Tensei V: Vengeance,31/05/2016,410,FALSE,869,GTX 1050 Ti,Lower,GF10,4,20,2016,109,18,N,RPG,N
383150,Shin Megami Tensei V: Vengeance,31/05/2016,410,FALSE,869,GTX 1050 Ti,Lower,GF10,4,20,2016,109,18,N,Strategy,N
383150,Shin Megami Tensei V: Vengeance,31/05/2016,410,FALSE,869,GTX 1050 Ti,Lower,GF10,4,20,2016,109,18,N,Free To Play,N
666140,XCOM: Enemy Unknown,15/01/2019,593,TRUE,686,GTX 1050 Ti,Lower,GF10,4,20,2016,109,18,N,Action,N
666140,XCOM: Enemy Unknown,15/01/2019,593,TRUE,686,GTX 1050 Ti,Lower,GF10,4,20,2016,109,18,N,Indie,Y
666140,XCOM: Enemy Unknown,15/01/2019,593,TRUE,686,GTX 1050 Ti,Lower,GF10,4,20,2016,109,18,N,Adventure,Y
666140,XCOM: Enemy Unknown,15/01/2019,593,TRUE,686,GTX 1050 Ti,Lower,GF10,4,20,2016,109,18,N,Simulation,Y
666140,XCOM: Enemy Unknown,15/01/2019,593,TRUE,686,GTX 1050 Ti,Lower,GF10,4,20,2016,109,18,N,RPG,Y
666140,XCOM: Enemy Unknown,15/01/2019,593,TRUE,686,GTX 1050 Ti,Lower,GF10,4,20,2016,109,18,N,Strategy,N
666140,XCOM: Enemy Unknown,15/01/2019,593,TRUE,686,GTX 1050 Ti,Lower,GF10,4,20,2016,109,18,N,Free To Play,N
1158160,Coral Island,14/11/2023,1328,FALSE,410,GTX 1050 Ti,Lower,GF10,4,20,2016,109,18,N,Action,N
1158160,Coral Island,14/11/2023,1328,FALSE,410,GTX 1050 Ti,Lower,GF10,4,20,2016,109,18,N,Indie,Y
1158160,Coral Island,14/11/2023,1328,FALSE,410,GTX 1050 Ti,Lower,GF10,4,20,2016,109,18,N,Adventure,Y
1158160,Coral Island,14/11/2023,1328,FALSE,410,GTX 1050 Ti,Lower,GF10,4,20,2016,109,18,N,Simulation,Y
1158160,Coral Island,14/11/2023,1328,FALSE,410,GTX 1050 Ti,Lower,GF10,4,20,2016,109,18,N,RPG,Y
1158160,Coral Island,14/11/2023,1328,FALSE,410,GTX 1050 Ti,Lower,GF10,4,20,2016,109,18,N,Strategy,Y
1158160,Coral Island,14/11/2023,1328,FALSE,410,GTX 1050 Ti,Lower,GF10,4,20,2016,109,18,N,Free To Play,N
1506830,FIFA 22,01/10/2021,1319,FALSE,412,GTX 1050 Ti,Lower,GF10,4,20,2016,109,18,N,Action,N
1506830,FIFA 22,01/10/2021,1319,FALSE,412,GTX 1050 Ti,Lower,GF10,4,20,2016,109,18,N,Indie,N
1506830,FIFA 22,01/10/2021,1319,FALSE,412,GTX 1050 Ti,Lower,GF10,4,20,2016,109,18,N,Adventure,N
1506830,FIFA 22,01/10/2021,1319,FALSE,412,GTX 1050 Ti,Lower,GF10,4,20,2016,109,18,N,Simulation,Y
1506830,FIFA 22,01/10/2021,1319,FALSE,412,GTX 1050 Ti,Lower,GF10,4,20,2016,109,18,N,RPG,N
1506830,FIFA 22,01/10/2021,1319,FALSE,412,GTX 1050 Ti,Lower,GF10,4,20,2016,109,18,N,Strategy,N
1506830,FIFA 22,01/10/2021,1319,FALSE,412,GTX 1050 Ti,Lower,GF10,4,20,2016,109,18,N,Free To Play,N
2437170,SMITE 2,27/08/2024,4975,FALSE,159,GTX 1050 Ti,Lower,GF10,4,20,2016,109,18,N,Action,Y
2437170,SMITE 2,27/08/2024,4975,FALSE,159,GTX 1050 Ti,Lower,GF10,4,20,2016,109,18,N,Indie,N
2437170,SMITE 2,27/08/2024,4975,FALSE,159,GTX 1050 Ti,Lower,GF10,4,20,2016,109,18,N,Adventure,Y
2437170,SMITE 2,27/08/2024,4975,FALSE,159,GTX 1050 Ti,Lower,GF10,4,20,2016,109,18,N,Simulation,N
2437170,SMITE 2,27/08/2024,4975,FALSE,159,GTX 1050 Ti,Lower,GF10,4,20,2016,109,18,N,RPG,Y
2437170,SMITE 2,27/08/2024,4975,FALSE,159,GTX 1050 Ti,Lower,GF10,4,20,2016,109,18,N,Strategy,Y
2437170,SMITE 2,27/08/2024,4975,FALSE,159,GTX 1050 Ti,Lower,GF10,4,20,2016,109,18,N,Free To Play,Y
1385380,Tempest Rising,16/08/2022,531,TRUE,735,RTX 3060 Ti,Mid,GF30,8,75,2020,399,18,N,Action,N
1385380,Tempest Rising,16/08/2022,531,TRUE,735,RTX 3060 Ti,Mid,GF30,8,75,2020,399,18,N,Indie,Y
1385380,Tempest Rising,16/08/2022,531,TRUE,735,RTX 3060 Ti,Mid,GF30,8,75,2020,399,18,N,Adventure,Y
1385380,Tempest Rising,16/08/2022,531,TRUE,735,RTX 3060 Ti,Mid,GF30,8,75,2020,399,18,N,Simulation,N
1385380,Tempest Rising,16/08/2022,531,TRUE,735,RTX 3060 Ti,Mid,GF30,8,75,2020,399,18,N,RPG,Y
1385380,Tempest Rising,16/08/2022,531,TRUE,735,RTX 3060 Ti,Mid,GF30,8,75,2020,399,18,N,Strategy,Y
1385380,Tempest Rising,16/08/2022,531,TRUE,735,RTX 3060 Ti,Mid,GF30,8,75,2020,399,18,N,Free To Play,N
671860,Apocalypse Party,15/06/2023,568,FALSE,704,GTX 1050 Ti,Lower,GF10,4,20,2016,109,18,N,Action,Y
671860,Apocalypse Party,15/06/2023,568,FALSE,704,GTX 1050 Ti,Lower,GF10,4,20,2016,109,18,N,Indie,N
671860,Apocalypse Party,15/06/2023,568,FALSE,704,GTX 1050 Ti,Lower,GF10,4,20,2016,109,18,N,Adventure,N
671860,Apocalypse Party,15/06/2023,568,FALSE,704,GTX 1050 Ti,Lower,GF10,4,20,2016,109,18,N,Simulation,N
671860,Apocalypse Party,15/06/2023,568,FALSE,704,GTX 1050 Ti,Lower,GF10,4,20,2016,109,18,N,RPG,N
671860,Apocalypse Party,15/06/2023,568,FALSE,704,GTX 1050 Ti,Lower,GF10,4,20,2016,109,18,N,Strategy,N
671860,Apocalypse Party,15/06/2023,568,FALSE,704,GTX 1050 Ti,Lower,GF10,4,20,2016,109,18,N,Free To Play,N
1030830,Stranded: Alien Dawn,19/05/2020,538,FALSE,732,GTX 1050 Ti,Lower,GF10,4,20,2016,109,18,N,Action,Y
1030830,Stranded: Alien Dawn,19/05/2020,538,FALSE,732,GTX 1050 Ti,Lower,GF10,4,20,2016,109,18,N,Indie,N
1030830,Stranded: Alien Dawn,19/05/2020,538,FALSE,732,GTX 1050 Ti,Lower,GF10,4,20,2016,109,18,N,Adventure,Y
1030830,Stranded: Alien Dawn,19/05/2020,538,FALSE,732,GTX 1050 Ti,Lower,GF10,4,20,2016,109,18,N,Simulation,N
1030830,Stranded: Alien Dawn,19/05/2020,538,FALSE,732,GTX 1050 Ti,Lower,GF10,4,20,2016,109,18,N,RPG,N
1030830,Stranded: Alien Dawn,19/05/2020,538,FALSE,732,GTX 1050 Ti,Lower,GF10,4,20,2016,109,18,N,Strategy,N
1030830,Stranded: Alien Dawn,19/05/2020,538,FALSE,732,GTX 1050 Ti,Lower,GF10,4,20,2016,109,18,N,Free To Play,N
2195250,EA SPORTS FC 24,28/09/2023,5110,FALSE,155,GTX 1660,Mid,GF16,6,40,2019,219,18,N,Action,N
2195250,EA SPORTS FC 24,28/09/2023,5110,FALSE,155,GTX 1660,Mid,GF16,6,40,2019,219,18,N,Indie,N
2195250,EA SPORTS FC 24,28/09/2023,5110,FALSE,155,GTX 1660,Mid,GF16,6,40,2019,219,18,N,Adventure,N
2195250,EA SPORTS FC 24,28/09/2023,5110,FALSE,155,GTX 1660,Mid,GF16,6,40,2019,219,18,N,Simulation,Y
2195250,EA SPORTS FC 24,28/09/2023,5110,FALSE,155,GTX 1660,Mid,GF16,6,40,2019,219,18,N,RPG,N
2195250,EA SPORTS FC 24,28/09/2023,5110,FALSE,155,GTX 1660,Mid,GF16,6,40,2019,219,18,N,Strategy,N
2195250,EA SPORTS FC 24,28/09/2023,5110,FALSE,155,GTX 1660,Mid,GF16,6,40,2019,219,18,N,Free To Play,N
767560,War Robots,04/04/2018,1280,FALSE,428,GTX 1050 Ti,Lower,GF10,4,20,2016,109,18,N,Action,Y
767560,War Robots,04/04/2018,1280,FALSE,428,GTX 1050 Ti,Lower,GF10,4,20,2016,109,18,N,Indie,N
767560,War Robots,04/04/2018,1280,FALSE,428,GTX 1050 Ti,Lower,GF10,4,20,2016,109,18,N,Adventure,N
767560,War Robots,04/04/2018,1280,FALSE,428,GTX 1050 Ti,Lower,GF10,4,20,2016,109,18,N,Simulation,N
767560,War Robots,04/04/2018,1280,FALSE,428,GTX 1050 Ti,Lower,GF10,4,20,2016,109,18,N,RPG,N
767560,War Robots,04/04/2018,1280,FALSE,428,GTX 1050 Ti,Lower,GF10,4,20,2016,109,18,N,Strategy,N
767560,War Robots,04/04/2018,1280,FALSE,428,GTX 1050 Ti,Lower,GF10,4,20,2016,109,18,N,Free To Play,Y
1811260,EA SPORTS FIFA 23,30/09/2022,1280,FALSE,428,GTX 1660,Mid,GF16,6,40,2019,219,18,N,Action,N
1811260,EA SPORTS FIFA 23,30/09/2022,1280,FALSE,428,GTX 1660,Mid,GF16,6,40,2019,219,18,N,Indie,N
1811260,EA SPORTS FIFA 23,30/09/2022,1280,FALSE,428,GTX 1660,Mid,GF16,6,40,2019,219,18,N,Adventure,N
1811260,EA SPORTS FIFA 23,30/09/2022,1280,FALSE,428,GTX 1660,Mid,GF16,6,40,2019,219,18,N,Simulation,Y
1811260,EA SPORTS FIFA 23,30/09/2022,1280,FALSE,428,GTX 1660,Mid,GF16,6,40,2019,219,18,N,RPG,N
1811260,EA SPORTS FIFA 23,30/09/2022,1280,FALSE,428,GTX 1660,Mid,GF16,6,40,2019,219,18,N,Strategy,N
1811260,EA SPORTS FIFA 23,30/09/2022,1280,FALSE,428,GTX 1660,Mid,GF16,6,40,2019,219,18,N,Free To Play,N
3150440,Laundry Store Simulator,09/12/2024,1256,FALSE,434,GTX 1050 Ti,Lower,GF10,4,20,2016,109,18,N,Action,N
3150440,Laundry Store Simulator,09/12/2024,1256,FALSE,434,GTX 1050 Ti,Lower,GF10,4,20,2016,109,18,N,Indie,Y
3150440,Laundry Store Simulator,09/12/2024,1256,FALSE,434,GTX 1050 Ti,Lower,GF10,4,20,2016,109,18,N,Adventure,N
3150440,Laundry Store Simulator,09/12/2024,1256,FALSE,434,GTX 1050 Ti,Lower,GF10,4,20,2016,109,18,N,Simulation,Y
3150440,Laundry Store Simulator,09/12/2024,1256,FALSE,434,GTX 1050 Ti,Lower,GF10,4,20,2016,109,18,N,RPG,N
3150440,Laundry Store Simulator,09/12/2024,1256,FALSE,434,GTX 1050 Ti,Lower,GF10,4,20,2016,109,18,N,Strategy,N
3150440,Laundry Store Simulator,09/12/2024,1256,FALSE,434,GTX 1050 Ti,Lower,GF10,4,20,2016,109,18,N,Free To Play,N
632360,Risk of Rain 2,11/08/2020,7902,FALSE,113,GTX 1050 Ti,Lower,GF10,4,20,2016,109,18,N,Action,Y
632360,Risk of Rain 2,11/08/2020,7902,FALSE,113,GTX 1050 Ti,Lower,GF10,4,20,2016,109,18,N,Indie,Y
632360,Risk of Rain 2,11/08/2020,7902,FALSE,113,GTX 1050 Ti,Lower,GF10,4,20,2016,109,18,N,Adventure,N
632360,Risk of Rain 2,11/08/2020,7902,FALSE,113,GTX 1050 Ti,Lower,GF10,4,20,2016,109,18,N,Simulation,N
632360,Risk of Rain 2,11/08/2020,7902,FALSE,113,GTX 1050 Ti,Lower,GF10,4,20,2016,109,18,N,RPG,N
632360,Risk of Rain 2,11/08/2020,7902,FALSE,113,GTX 1050 Ti,Lower,GF10,4,20,2016,109,18,N,Strategy,N
632360,Risk of Rain 2,11/08/2020,7902,FALSE,113,GTX 1050 Ti,Lower,GF10,4,20,2016,109,18,N,Free To Play,N
492720,JDM: Japanese Drift Master,29/03/2019,575,TRUE,697,GTX 1050 Ti,Lower,GF10,4,20,2016,109,18,N,Action,N
492720,JDM: Japanese Drift Master,29/03/2019,575,TRUE,697,GTX 1050 Ti,Lower,GF10,4,20,2016,109,18,N,Indie,N
492720,JDM: Japanese Drift Master,29/03/2019,575,TRUE,697,GTX 1050 Ti,Lower,GF10,4,20,2016,109,18,N,Adventure,N
492720,JDM: Japanese Drift Master,29/03/2019,575,TRUE,697,GTX 1050 Ti,Lower,GF10,4,20,2016,109,18,N,Simulation,Y
492720,JDM: Japanese Drift Master,29/03/2019,575,TRUE,697,GTX 1050 Ti,Lower,GF10,4,20,2016,109,18,N,RPG,N
492720,JDM: Japanese Drift Master,29/03/2019,575,TRUE,697,GTX 1050 Ti,Lower,GF10,4,20,2016,109,18,N,Strategy,Y
492720,JDM: Japanese Drift Master,29/03/2019,575,TRUE,697,GTX 1050 Ti,Lower,GF10,4,20,2016,109,18,N,Free To Play,N
1153410,Peglin,21/05/2025,574,FALSE,698,RTX 3060 Ti,Mid,GF30,8,75,2020,399,18,N,Action,N
1153410,Peglin,21/05/2025,574,FALSE,698,RTX 3060 Ti,Mid,GF30,8,75,2020,399,18,N,Indie,N
1153410,Peglin,21/05/2025,574,FALSE,698,RTX 3060 Ti,Mid,GF30,8,75,2020,399,18,N,Adventure,N
1153410,Peglin,21/05/2025,574,FALSE,698,RTX 3060 Ti,Mid,GF30,8,75,2020,399,18,N,Simulation,Y
1153410,Peglin,21/05/2025,574,FALSE,698,RTX 3060 Ti,Mid,GF30,8,75,2020,399,18,N,RPG,N
1153410,Peglin,21/05/2025,574,FALSE,698,RTX 3060 Ti,Mid,GF30,8,75,2020,399,18,N,Strategy,N
1153410,Peglin,21/05/2025,574,FALSE,698,RTX 3060 Ti,Mid,GF30,8,75,2020,399,18,N,Free To Play,N
2495100,Hello Kitty Island Adventure,30/01/2025,1129,FALSE,457,GTX 1050 Ti,Lower,GF10,4,20,2016,109,18,N,Action,Y
2495100,Hello Kitty Island Adventure,30/01/2025,1129,FALSE,457,GTX 1050 Ti,Lower,GF10,4,20,2016,109,18,N,Indie,Y
2495100,Hello Kitty Island Adventure,30/01/2025,1129,FALSE,457,GTX 1050 Ti,Lower,GF10,4,20,2016,109,18,N,Adventure,Y
2495100,Hello Kitty Island Adventure,30/01/2025,1129,FALSE,457,GTX 1050 Ti,Lower,GF10,4,20,2016,109,18,N,Simulation,Y
2495100,Hello Kitty Island Adventure,30/01/2025,1129,FALSE,457,GTX 1050 Ti,Lower,GF10,4,20,2016,109,18,N,RPG,Y
2495100,Hello Kitty Island Adventure,30/01/2025,1129,FALSE,457,GTX 1050 Ti,Lower,GF10,4,20,2016,109,18,N,Strategy,N
2495100,Hello Kitty Island Adventure,30/01/2025,1129,FALSE,457,GTX 1050 Ti,Lower,GF10,4,20,2016,109,18,N,Free To Play,N
665300,Stream Avatars,26/07/2017,1214,TRUE,437,GTX 1050 Ti,Lower,GF10,4,20,2016,109,18,N,Action,N
665300,Stream Avatars,26/07/2017,1214,TRUE,437,GTX 1050 Ti,Lower,GF10,4,20,2016,109,18,N,Indie,N
665300,Stream Avatars,26/07/2017,1214,TRUE,437,GTX 1050 Ti,Lower,GF10,4,20,2016,109,18,N,Adventure,N
665300,Stream Avatars,26/07/2017,1214,TRUE,437,GTX 1050 Ti,Lower,GF10,4,20,2016,109,18,N,Simulation,N
665300,Stream Avatars,26/07/2017,1214,TRUE,437,GTX 1050 Ti,Lower,GF10,4,20,2016,109,18,N,RPG,N
665300,Stream Avatars,26/07/2017,1214,TRUE,437,GTX 1050 Ti,Lower,GF10,4,20,2016,109,18,N,Strategy,N
665300,Stream Avatars,26/07/2017,1214,TRUE,437,GTX 1050 Ti,Lower,GF10,4,20,2016,109,18,N,Free To Play,N
1284190,The Planet Crafter,10/04/2024,7330,FALSE,118,GTX 1660,Mid,GF16,6,40,2019,219,18,N,Action,N
1284190,The Planet Crafter,10/04/2024,7330,FALSE,118,GTX 1660,Mid,GF16,6,40,2019,219,18,N,Indie,N
1284190,The Planet Crafter,10/04/2024,7330,FALSE,118,GTX 1660,Mid,GF16,6,40,2019,219,18,N,Adventure,Y
1284190,The Planet Crafter,10/04/2024,7330,FALSE,118,GTX 1660,Mid,GF16,6,40,2019,219,18,N,Simulation,N
1284190,The Planet Crafter,10/04/2024,7330,FALSE,118,GTX 1660,Mid,GF16,6,40,2019,219,18,N,RPG,N
1284190,The Planet Crafter,10/04/2024,7330,FALSE,118,GTX 1660,Mid,GF16,6,40,2019,219,18,N,Strategy,N
1284190,The Planet Crafter,10/04/2024,7330,FALSE,118,GTX 1660,Mid,GF16,6,40,2019,219,18,N,Free To Play,N
719890,Beasts of Bermuda,21/12/2018,1143,FALSE,455,RX 6600,Mid,R6000,8,60,2021,329,18,Y,Action,N
719890,Beasts of Bermuda,21/12/2018,1143,FALSE,455,RX 6600,Mid,R6000,8,60,2021,329,18,Y,Indie,Y
719890,Beasts of Bermuda,21/12/2018,1143,FALSE,455,RX 6600,Mid,R6000,8,60,2021,329,18,Y,Adventure,Y
719890,Beasts of Bermuda,21/12/2018,1143,FALSE,455,RX 6600,Mid,R6000,8,60,2021,329,18,Y,Simulation,Y
719890,Beasts of Bermuda,21/12/2018,1143,FALSE,455,RX 6600,Mid,R6000,8,60,2021,329,18,Y,RPG,N
719890,Beasts of Bermuda,21/12/2018,1143,FALSE,455,RX 6600,Mid,R6000,8,60,2021,329,18,Y,Strategy,N
719890,Beasts of Bermuda,21/12/2018,1143,FALSE,455,RX 6600,Mid,R6000,8,60,2021,329,18,Y,Free To Play,N
1875830,Symphony of War: The Nephilim Saga,13/06/2024,410,FALSE,869,GTX 1050 Ti,Lower,GF10,4,20,2016,109,18,N,Action,N
1875830,Symphony of War: The Nephilim Saga,13/06/2024,410,FALSE,869,GTX 1050 Ti,Lower,GF10,4,20,2016,109,18,N,Indie,N
1875830,Symphony of War: The Nephilim Saga,13/06/2024,410,FALSE,869,GTX 1050 Ti,Lower,GF10,4,20,2016,109,18,N,Adventure,Y
1875830,Symphony of War: The Nephilim Saga,13/06/2024,410,FALSE,869,GTX 1050 Ti,Lower,GF10,4,20,2016,109,18,N,Simulation,N
1875830,Symphony of War: The Nephilim Saga,13/06/2024,410,FALSE,869,GTX 1050 Ti,Lower,GF10,4,20,2016,109,18,N,RPG,Y
1875830,Symphony of War: The Nephilim Saga,13/06/2024,410,FALSE,869,GTX 1050 Ti,Lower,GF10,4,20,2016,109,18,N,Strategy,N
1875830,Symphony of War: The Nephilim Saga,13/06/2024,410,FALSE,869,GTX 1050 Ti,Lower,GF10,4,20,2016,109,18,N,Free To Play,N
920210,LEGO Star Wars: The Skywalker Saga,05/04/2022,719,FALSE,594,GTX 1050 Ti,Lower,GF10,4,20,2016,109,18,N,Action,Y
920210,LEGO Star Wars: The Skywalker Saga,05/04/2022,719,FALSE,594,GTX 1050 Ti,Lower,GF10,4,20,2016,109,18,N,Indie,N
920210,LEGO Star Wars: The Skywalker Saga,05/04/2022,719,FALSE,594,GTX 1050 Ti,Lower,GF10,4,20,2016,109,18,N,Adventure,Y
920210,LEGO Star Wars: The Skywalker Saga,05/04/2022,719,FALSE,594,GTX 1050 Ti,Lower,GF10,4,20,2016,109,18,N,Simulation,N
920210,LEGO Star Wars: The Skywalker Saga,05/04/2022,719,FALSE,594,GTX 1050 Ti,Lower,GF10,4,20,2016,109,18,N,RPG,N
920210,LEGO Star Wars: The Skywalker Saga,05/04/2022,719,FALSE,594,GTX 1050 Ti,Lower,GF10,4,20,2016,109,18,N,Strategy,N
920210,LEGO Star Wars: The Skywalker Saga,05/04/2022,719,FALSE,594,GTX 1050 Ti,Lower,GF10,4,20,2016,109,18,N,Free To Play,N
2406770,A Little to the Left,07/06/2024,422,FALSE,858,RX 6600 XT,Mid,R6000,8,70,2021,379,18,Y,Action,Y
2406770,A Little to the Left,07/06/2024,422,FALSE,858,RX 6600 XT,Mid,R6000,8,70,2021,379,18,Y,Indie,Y
2406770,A Little to the Left,07/06/2024,422,FALSE,858,RX 6600 XT,Mid,R6000,8,70,2021,379,18,Y,Adventure,N
2406770,A Little to the Left,07/06/2024,422,FALSE,858,RX 6600 XT,Mid,R6000,8,70,2021,379,18,Y,Simulation,Y
2406770,A Little to the Left,07/06/2024,422,FALSE,858,RX 6600 XT,Mid,R6000,8,70,2021,379,18,Y,RPG,N
2406770,A Little to the Left,07/06/2024,422,FALSE,858,RX 6600 XT,Mid,R6000,8,70,2021,379,18,Y,Strategy,Y
2406770,A Little to the Left,07/06/2024,422,FALSE,858,RX 6600 XT,Mid,R6000,8,70,2021,379,18,Y,Free To Play,N
3314070,HUMANKIND,31/01/2025,412,FALSE,865,GTX 1050 Ti,Lower,GF10,4,20,2016,109,18,N,Action,N
3314070,HUMANKIND,31/01/2025,412,FALSE,865,GTX 1050 Ti,Lower,GF10,4,20,2016,109,18,N,Indie,N
3314070,HUMANKIND,31/01/2025,412,FALSE,865,GTX 1050 Ti,Lower,GF10,4,20,2016,109,18,N,Adventure,N
3314070,HUMANKIND,31/01/2025,412,FALSE,865,GTX 1050 Ti,Lower,GF10,4,20,2016,109,18,N,Simulation,Y
3314070,HUMANKIND,31/01/2025,412,FALSE,865,GTX 1050 Ti,Lower,GF10,4,20,2016,109,18,N,RPG,N
3314070,HUMANKIND,31/01/2025,412,FALSE,865,GTX 1050 Ti,Lower,GF10,4,20,2016,109,18,N,Strategy,N
3314070,HUMANKIND,31/01/2025,412,FALSE,865,GTX 1050 Ti,Lower,GF10,4,20,2016,109,18,N,Free To Play,N
1559600,Nuclear Option,23/05/2025,440,FALSE,827,GTX 1050 Ti,Lower,GF10,4,20,2016,109,18,N,Action,N
1559600,Nuclear Option,23/05/2025,440,FALSE,827,GTX 1050 Ti,Lower,GF10,4,20,2016,109,18,N,Indie,N
1559600,Nuclear Option,23/05/2025,440,FALSE,827,GTX 1050 Ti,Lower,GF10,4,20,2016,109,18,N,Adventure,N
1559600,Nuclear Option,23/05/2025,440,FALSE,827,GTX 1050 Ti,Lower,GF10,4,20,2016,109,18,N,Simulation,Y
1559600,Nuclear Option,23/05/2025,440,FALSE,827,GTX 1050 Ti,Lower,GF10,4,20,2016,109,18,N,RPG,N
1559600,Nuclear Option,23/05/2025,440,FALSE,827,GTX 1050 Ti,Lower,GF10,4,20,2016,109,18,N,Strategy,N
1559600,Nuclear Option,23/05/2025,440,FALSE,827,GTX 1050 Ti,Lower,GF10,4,20,2016,109,18,N,Free To Play,N
678960,Karos,26/09/2019,443,FALSE,824,GTX 1050 Ti,Lower,GF10,4,20,2016,109,18,N,Action,Y
678960,Karos,26/09/2019,443,FALSE,824,GTX 1050 Ti,Lower,GF10,4,20,2016,109,18,N,Indie,N
678960,Karos,26/09/2019,443,FALSE,824,GTX 1050 Ti,Lower,GF10,4,20,2016,109,18,N,Adventure,N
678960,Karos,26/09/2019,443,FALSE,824,GTX 1050 Ti,Lower,GF10,4,20,2016,109,18,N,Simulation,N
678960,Karos,26/09/2019,443,FALSE,824,GTX 1050 Ti,Lower,GF10,4,20,2016,109,18,N,RPG,Y
678960,Karos,26/09/2019,443,FALSE,824,GTX 1050 Ti,Lower,GF10,4,20,2016,109,18,N,Strategy,N
678960,Karos,26/09/2019,443,FALSE,824,GTX 1050 Ti,Lower,GF10,4,20,2016,109,18,N,Free To Play,N
1332010,Aviassembly,19/07/2022,498,TRUE,771,GTX 1050 Ti,Lower,GF10,4,20,2016,109,18,N,Action,N
1332010,Aviassembly,19/07/2022,498,TRUE,771,GTX 1050 Ti,Lower,GF10,4,20,2016,109,18,N,Indie,Y
1332010,Aviassembly,19/07/2022,498,TRUE,771,GTX 1050 Ti,Lower,GF10,4,20,2016,109,18,N,Adventure,Y
1332010,Aviassembly,19/07/2022,498,TRUE,771,GTX 1050 Ti,Lower,GF10,4,20,2016,109,18,N,Simulation,N
1332010,Aviassembly,19/07/2022,498,TRUE,771,GTX 1050 Ti,Lower,GF10,4,20,2016,109,18,N,RPG,N
1332010,Aviassembly,19/07/2022,498,TRUE,771,GTX 1050 Ti,Lower,GF10,4,20,2016,109,18,N,Strategy,N
1332010,Aviassembly,19/07/2022,498,TRUE,771,GTX 1050 Ti,Lower,GF10,4,20,2016,109,18,N,Free To Play,N
1517290,Battlefield 2042,19/11/2021,2774,FALSE,242,RX 6600 XT,Mid,R6000,8,70,2021,379,18,Y,Action,Y
1517290,Battlefield 2042,19/11/2021,2774,FALSE,242,RX 6600 XT,Mid,R6000,8,70,2021,379,18,Y,Indie,N
1517290,Battlefield 2042,19/11/2021,2774,FALSE,242,RX 6600 XT,Mid,R6000,8,70,2021,379,18,Y,Adventure,Y
1517290,Battlefield 2042,19/11/2021,2774,FALSE,242,RX 6600 XT,Mid,R6000,8,70,2021,379,18,Y,Simulation,N
1517290,Battlefield 2042,19/11/2021,2774,FALSE,242,RX 6600 XT,Mid,R6000,8,70,2021,379,18,Y,RPG,N
1517290,Battlefield 2042,19/11/2021,2774,FALSE,242,RX 6600 XT,Mid,R6000,8,70,2021,379,18,Y,Strategy,N
1517290,Battlefield 2042,19/11/2021,2774,FALSE,242,RX 6600 XT,Mid,R6000,8,70,2021,379,18,Y,Free To Play,N
699130,World War Z,21/09/2021,1663,FALSE,339,GTX 1050 Ti,Lower,GF10,4,20,2016,109,18,N,Action,Y
699130,World War Z,21/09/2021,1663,FALSE,339,GTX 1050 Ti,Lower,GF10,4,20,2016,109,18,N,Indie,N
699130,World War Z,21/09/2021,1663,FALSE,339,GTX 1050 Ti,Lower,GF10,4,20,2016,109,18,N,Adventure,N
699130,World War Z,21/09/2021,1663,FALSE,339,GTX 1050 Ti,Lower,GF10,4,20,2016,109,18,N,Simulation,N
699130,World War Z,21/09/2021,1663,FALSE,339,GTX 1050 Ti,Lower,GF10,4,20,2016,109,18,N,RPG,N
699130,World War Z,21/09/2021,1663,FALSE,339,GTX 1050 Ti,Lower,GF10,4,20,2016,109,18,N,Strategy,N
699130,World War Z,21/09/2021,1663,FALSE,339,GTX 1050 Ti,Lower,GF10,4,20,2016,109,18,N,Free To Play,N
1683150,Dragon Age Inquisition,07/12/2023,455,FALSE,812,GTX 1660,Mid,GF16,6,40,2019,219,18,N,Action,N
1683150,Dragon Age Inquisition,07/12/2023,455,FALSE,812,GTX 1660,Mid,GF16,6,40,2019,219,18,N,Indie,N
1683150,Dragon Age Inquisition,07/12/2023,455,FALSE,812,GTX 1660,Mid,GF16,6,40,2019,219,18,N,Adventure,N
1683150,Dragon Age Inquisition,07/12/2023,455,FALSE,812,GTX 1660,Mid,GF16,6,40,2019,219,18,N,Simulation,Y
1683150,Dragon Age Inquisition,07/12/2023,455,FALSE,812,GTX 1660,Mid,GF16,6,40,2019,219,18,N,RPG,N
1683150,Dragon Age Inquisition,07/12/2023,455,FALSE,812,GTX 1660,Mid,GF16,6,40,2019,219,18,N,Strategy,Y
1683150,Dragon Age Inquisition,07/12/2023,455,FALSE,812,GTX 1660,Mid,GF16,6,40,2019,219,18,N,Free To Play,N
2157560,Granblue Fantasy Versus: Rising,13/12/2023,1736,FALSE,332,GTX 1050 Ti,Lower,GF10,4,20,2016,109,18,N,Action,Y
2157560,Granblue Fantasy Versus: Rising,13/12/2023,1736,FALSE,332,GTX 1050 Ti,Lower,GF10,4,20,2016,109,18,N,Indie,N
2157560,Granblue Fantasy Versus: Rising,13/12/2023,1736,FALSE,332,GTX 1050 Ti,Lower,GF10,4,20,2016,109,18,N,Adventure,N
2157560,Granblue Fantasy Versus: Rising,13/12/2023,1736,FALSE,332,GTX 1050 Ti,Lower,GF10,4,20,2016,109,18,N,Simulation,N
2157560,Granblue Fantasy Versus: Rising,13/12/2023,1736,FALSE,332,GTX 1050 Ti,Lower,GF10,4,20,2016,109,18,N,RPG,N
2157560,Granblue Fantasy Versus: Rising,13/12/2023,1736,FALSE,332,GTX 1050 Ti,Lower,GF10,4,20,2016,109,18,N,Strategy,N
2157560,Granblue Fantasy Versus: Rising,13/12/2023,1736,FALSE,332,GTX 1050 Ti,Lower,GF10,4,20,2016,109,18,N,Free To Play,N
2168680,Hotline Miami 2: Wrong Number,15/10/2023,438,FALSE,829,RTX 3050,Lower,GF30,8,45,2021,249,18,Y,Action,Y
2168680,Hotline Miami 2: Wrong Number,15/10/2023,438,FALSE,829,RTX 3050,Lower,GF30,8,45,2021,249,18,Y,Indie,Y
2168680,Hotline Miami 2: Wrong Number,15/10/2023,438,FALSE,829,RTX 3050,Lower,GF30,8,45,2021,249,18,Y,Adventure,N
2168680,Hotline Miami 2: Wrong Number,15/10/2023,438,FALSE,829,RTX 3050,Lower,GF30,8,45,2021,249,18,Y,Simulation,Y
2168680,Hotline Miami 2: Wrong Number,15/10/2023,438,FALSE,829,RTX 3050,Lower,GF30,8,45,2021,249,18,Y,RPG,N
2168680,Hotline Miami 2: Wrong Number,15/10/2023,438,FALSE,829,RTX 3050,Lower,GF30,8,45,2021,249,18,Y,Strategy,N
2168680,Hotline Miami 2: Wrong Number,15/10/2023,438,FALSE,829,RTX 3050,Lower,GF30,8,45,2021,249,18,Y,Free To Play,N
2288150,Ultimate General: Civil War,23/10/2024,496,FALSE,773,GTX 1660,Mid,GF16,6,40,2019,219,18,N,Action,N
2288150,Ultimate General: Civil War,23/10/2024,496,FALSE,773,GTX 1660,Mid,GF16,6,40,2019,219,18,N,Indie,N
2288150,Ultimate General: Civil War,23/10/2024,496,FALSE,773,GTX 1660,Mid,GF16,6,40,2019,219,18,N,Adventure,N
2288150,Ultimate General: Civil War,23/10/2024,496,FALSE,773,GTX 1660,Mid,GF16,6,40,2019,219,18,N,Simulation,Y
2288150,Ultimate General: Civil War,23/10/2024,496,FALSE,773,GTX 1660,Mid,GF16,6,40,2019,219,18,N,RPG,N
2288150,Ultimate General: Civil War,23/10/2024,496,FALSE,773,GTX 1660,Mid,GF16,6,40,2019,219,18,N,Strategy,Y
2288150,Ultimate General: Civil War,23/10/2024,496,FALSE,773,GTX 1660,Mid,GF16,6,40,2019,219,18,N,Free To Play,N
502520,EVGA Precision X1,14/07/2017,495,TRUE,775,GTX 1050 Ti,Lower,GF10,4,20,2016,109,18,N,Action,N
502520,EVGA Precision X1,14/07/2017,495,TRUE,775,GTX 1050 Ti,Lower,GF10,4,20,2016,109,18,N,Indie,Y
502520,EVGA Precision X1,14/07/2017,495,TRUE,775,GTX 1050 Ti,Lower,GF10,4,20,2016,109,18,N,Adventure,N
502520,EVGA Precision X1,14/07/2017,495,TRUE,775,GTX 1050 Ti,Lower,GF10,4,20,2016,109,18,N,Simulation,Y
502520,EVGA Precision X1,14/07/2017,495,TRUE,775,GTX 1050 Ti,Lower,GF10,4,20,2016,109,18,N,RPG,N
502520,EVGA Precision X1,14/07/2017,495,TRUE,775,GTX 1050 Ti,Lower,GF10,4,20,2016,109,18,N,Strategy,Y
502520,EVGA Precision X1,14/07/2017,495,TRUE,775,GTX 1050 Ti,Lower,GF10,4,20,2016,109,18,N,Free To Play,N
268850,Increlution,16/07/2014,494,FALSE,776,RTX 3050,Lower,GF30,8,45,2021,249,18,Y,Action,N
268850,Increlution,16/07/2014,494,FALSE,776,RTX 3050,Lower,GF30,8,45,2021,249,18,Y,Indie,N
268850,Increlution,16/07/2014,494,FALSE,776,RTX 3050,Lower,GF30,8,45,2021,249,18,Y,Adventure,N
268850,Increlution,16/07/2014,494,FALSE,776,RTX 3050,Lower,GF30,8,45,2021,249,18,Y,Simulation,N
268850,Increlution,16/07/2014,494,FALSE,776,RTX 3050,Lower,GF30,8,45,2021,249,18,Y,RPG,N
268850,Increlution,16/07/2014,494,FALSE,776,RTX 3050,Lower,GF30,8,45,2021,249,18,Y,Strategy,N
268850,Increlution,16/07/2014,494,FALSE,776,RTX 3050,Lower,GF30,8,45,2021,249,18,Y,Free To Play,N
1343400,RuneScape ,14/10/2020,2496,TRUE,263,GTX 1050 Ti,Lower,GF10,4,20,2016,109,18,N,Action,N
1343400,RuneScape ,14/10/2020,2496,TRUE,263,GTX 1050 Ti,Lower,GF10,4,20,2016,109,18,N,Indie,N
1343400,RuneScape ,14/10/2020,2496,TRUE,263,GTX 1050 Ti,Lower,GF10,4,20,2016,109,18,N,Adventure,N
1343400,RuneScape ,14/10/2020,2496,TRUE,263,GTX 1050 Ti,Lower,GF10,4,20,2016,109,18,N,Simulation,N
1343400,RuneScape ,14/10/2020,2496,TRUE,263,GTX 1050 Ti,Lower,GF10,4,20,2016,109,18,N,RPG,Y
1343400,RuneScape ,14/10/2020,2496,TRUE,263,GTX 1050 Ti,Lower,GF10,4,20,2016,109,18,N,Strategy,N
1343400,RuneScape ,14/10/2020,2496,TRUE,263,GTX 1050 Ti,Lower,GF10,4,20,2016,109,18,N,Free To Play,Y
1184370,Pathfinder: Wrath of the Righteous - Enhanced Edition,02/09/2021,1874,TRUE,309,GTX 1050 Ti,Lower,GF10,4,20,2016,109,18,N,Action,Y
1184370,Pathfinder: Wrath of the Righteous - Enhanced Edition,02/09/2021,1874,TRUE,309,GTX 1050 Ti,Lower,GF10,4,20,2016,109,18,N,Indie,Y
1184370,Pathfinder: Wrath of the Righteous - Enhanced Edition,02/09/2021,1874,TRUE,309,GTX 1050 Ti,Lower,GF10,4,20,2016,109,18,N,Adventure,Y
1184370,Pathfinder: Wrath of the Righteous - Enhanced Edition,02/09/2021,1874,TRUE,309,GTX 1050 Ti,Lower,GF10,4,20,2016,109,18,N,Simulation,N
1184370,Pathfinder: Wrath of the Righteous - Enhanced Edition,02/09/2021,1874,TRUE,309,GTX 1050 Ti,Lower,GF10,4,20,2016,109,18,N,RPG,Y
1184370,Pathfinder: Wrath of the Righteous - Enhanced Edition,02/09/2021,1874,TRUE,309,GTX 1050 Ti,Lower,GF10,4,20,2016,109,18,N,Strategy,Y
1184370,Pathfinder: Wrath of the Righteous - Enhanced Edition,02/09/2021,1874,TRUE,309,GTX 1050 Ti,Lower,GF10,4,20,2016,109,18,N,Free To Play,N
621830,City Car Driving,15/09/2017,484,FALSE,787,GTX 1050 Ti,Lower,GF10,4,20,2016,109,18,N,Action,N
621830,City Car Driving,15/09/2017,484,FALSE,787,GTX 1050 Ti,Lower,GF10,4,20,2016,109,18,N,Indie,N
621830,City Car Driving,15/09/2017,484,FALSE,787,GTX 1050 Ti,Lower,GF10,4,20,2016,109,18,N,Adventure,N
621830,City Car Driving,15/09/2017,484,FALSE,787,GTX 1050 Ti,Lower,GF10,4,20,2016,109,18,N,Simulation,N
621830,City Car Driving,15/09/2017,484,FALSE,787,GTX 1050 Ti,Lower,GF10,4,20,2016,109,18,N,RPG,N
621830,City Car Driving,15/09/2017,484,FALSE,787,GTX 1050 Ti,Lower,GF10,4,20,2016,109,18,N,Strategy,N
621830,City Car Driving,15/09/2017,484,FALSE,787,GTX 1050 Ti,Lower,GF10,4,20,2016,109,18,N,Free To Play,N
834910,UNCHARTED: Legacy of Thieves Collection,22/12/2018,468,FALSE,805,GTX 1050 Ti,Lower,GF10,4,20,2016,109,18,N,Action,Y
834910,UNCHARTED: Legacy of Thieves Collection,22/12/2018,468,FALSE,805,GTX 1050 Ti,Lower,GF10,4,20,2016,109,18,N,Indie,N
834910,UNCHARTED: Legacy of Thieves Collection,22/12/2018,468,FALSE,805,GTX 1050 Ti,Lower,GF10,4,20,2016,109,18,N,Adventure,Y
834910,UNCHARTED: Legacy of Thieves Collection,22/12/2018,468,FALSE,805,GTX 1050 Ti,Lower,GF10,4,20,2016,109,18,N,Simulation,N
834910,UNCHARTED: Legacy of Thieves Collection,22/12/2018,468,FALSE,805,GTX 1050 Ti,Lower,GF10,4,20,2016,109,18,N,RPG,Y
834910,UNCHARTED: Legacy of Thieves Collection,22/12/2018,468,FALSE,805,GTX 1050 Ti,Lower,GF10,4,20,2016,109,18,N,Strategy,N
834910,UNCHARTED: Legacy of Thieves Collection,22/12/2018,468,FALSE,805,GTX 1050 Ti,Lower,GF10,4,20,2016,109,18,N,Free To Play,N
794260,ATLAS,17/05/2022,469,FALSE,804,GTX 1050 Ti,Lower,GF10,4,20,2016,109,18,N,Action,N
794260,ATLAS,17/05/2022,469,FALSE,804,GTX 1050 Ti,Lower,GF10,4,20,2016,109,18,N,Indie,N
794260,ATLAS,17/05/2022,469,FALSE,804,GTX 1050 Ti,Lower,GF10,4,20,2016,109,18,N,Adventure,N
794260,ATLAS,17/05/2022,469,FALSE,804,GTX 1050 Ti,Lower,GF10,4,20,2016,109,18,N,Simulation,N
794260,ATLAS,17/05/2022,469,FALSE,804,GTX 1050 Ti,Lower,GF10,4,20,2016,109,18,N,RPG,Y
794260,ATLAS,17/05/2022,469,FALSE,804,GTX 1050 Ti,Lower,GF10,4,20,2016,109,18,N,Strategy,N
794260,ATLAS,17/05/2022,469,FALSE,804,GTX 1050 Ti,Lower,GF10,4,20,2016,109,18,N,Free To Play,N
1960270,Railroader,14/05/2024,455,FALSE,812,GTX 1660,Mid,GF16,6,40,2019,219,18,N,Action,N
1960270,Railroader,14/05/2024,455,FALSE,812,GTX 1660,Mid,GF16,6,40,2019,219,18,N,Indie,N
1960270,Railroader,14/05/2024,455,FALSE,812,GTX 1660,Mid,GF16,6,40,2019,219,18,N,Adventure,N
1960270,Railroader,14/05/2024,455,FALSE,812,GTX 1660,Mid,GF16,6,40,2019,219,18,N,Simulation,N
1960270,Railroader,14/05/2024,455,FALSE,812,GTX 1660,Mid,GF16,6,40,2019,219,18,N,RPG,Y
1960270,Railroader,14/05/2024,455,FALSE,812,GTX 1660,Mid,GF16,6,40,2019,219,18,N,Strategy,N
1960270,Railroader,14/05/2024,455,FALSE,812,GTX 1660,Mid,GF16,6,40,2019,219,18,N,Free To Play,N
529340,Victoria 3,25/10/2022,4609,TRUE,168,GTX 1660,Mid,GF16,6,40,2019,219,18,N,Action,N
529340,Victoria 3,25/10/2022,4609,TRUE,168,GTX 1660,Mid,GF16,6,40,2019,219,18,N,Indie,N
529340,Victoria 3,25/10/2022,4609,TRUE,168,GTX 1660,Mid,GF16,6,40,2019,219,18,N,Adventure,N
529340,Victoria 3,25/10/2022,4609,TRUE,168,GTX 1660,Mid,GF16,6,40,2019,219,18,N,Simulation,Y
529340,Victoria 3,25/10/2022,4609,TRUE,168,GTX 1660,Mid,GF16,6,40,2019,219,18,N,RPG,N
529340,Victoria 3,25/10/2022,4609,TRUE,168,GTX 1660,Mid,GF16,6,40,2019,219,18,N,Strategy,Y
529340,Victoria 3,25/10/2022,4609,TRUE,168,GTX 1660,Mid,GF16,6,40,2019,219,18,N,Free To Play,N
268500,XCOM 2,04/02/2016,3123,TRUE,223,GTX 1050 Ti,Lower,GF10,4,20,2016,109,18,N,Action,N
268500,XCOM 2,04/02/2016,3123,TRUE,223,GTX 1050 Ti,Lower,GF10,4,20,2016,109,18,N,Indie,N
268500,XCOM 2,04/02/2016,3123,TRUE,223,GTX 1050 Ti,Lower,GF10,4,20,2016,109,18,N,Adventure,N
268500,XCOM 2,04/02/2016,3123,TRUE,223,GTX 1050 Ti,Lower,GF10,4,20,2016,109,18,N,Simulation,N
268500,XCOM 2,04/02/2016,3123,TRUE,223,GTX 1050 Ti,Lower,GF10,4,20,2016,109,18,N,RPG,N
268500,XCOM 2,04/02/2016,3123,TRUE,223,GTX 1050 Ti,Lower,GF10,4,20,2016,109,18,N,Strategy,Y
268500,XCOM 2,04/02/2016,3123,TRUE,223,GTX 1050 Ti,Lower,GF10,4,20,2016,109,18,N,Free To Play,N
1682970,Surviving Mars,01/09/2021,507,TRUE,757,GTX 1050 Ti,Lower,GF10,4,20,2016,109,18,N,Action,Y
1682970,Surviving Mars,01/09/2021,507,TRUE,757,GTX 1050 Ti,Lower,GF10,4,20,2016,109,18,N,Indie,Y
1682970,Surviving Mars,01/09/2021,507,TRUE,757,GTX 1050 Ti,Lower,GF10,4,20,2016,109,18,N,Adventure,N
1682970,Surviving Mars,01/09/2021,507,TRUE,757,GTX 1050 Ti,Lower,GF10,4,20,2016,109,18,N,Simulation,Y
1682970,Surviving Mars,01/09/2021,507,TRUE,757,GTX 1050 Ti,Lower,GF10,4,20,2016,109,18,N,RPG,N
1682970,Surviving Mars,01/09/2021,507,TRUE,757,GTX 1050 Ti,Lower,GF10,4,20,2016,109,18,N,Strategy,N
1682970,Surviving Mars,01/09/2021,507,TRUE,757,GTX 1050 Ti,Lower,GF10,4,20,2016,109,18,N,Free To Play,N
1129580,Medieval Dynasty,23/09/2021,1366,FALSE,403,GTX 1660,Mid,GF16,6,40,2019,219,18,N,Action,Y
1129580,Medieval Dynasty,23/09/2021,1366,FALSE,403,GTX 1660,Mid,GF16,6,40,2019,219,18,N,Indie,Y
1129580,Medieval Dynasty,23/09/2021,1366,FALSE,403,GTX 1660,Mid,GF16,6,40,2019,219,18,N,Adventure,Y
1129580,Medieval Dynasty,23/09/2021,1366,FALSE,403,GTX 1660,Mid,GF16,6,40,2019,219,18,N,Simulation,Y
1129580,Medieval Dynasty,23/09/2021,1366,FALSE,403,GTX 1660,Mid,GF16,6,40,2019,219,18,N,RPG,Y
1129580,Medieval Dynasty,23/09/2021,1366,FALSE,403,GTX 1660,Mid,GF16,6,40,2019,219,18,N,Strategy,N
1129580,Medieval Dynasty,23/09/2021,1366,FALSE,403,GTX 1660,Mid,GF16,6,40,2019,219,18,N,Free To Play,N
1486920,Call of Duty: Black Ops,24/04/2025,528,FALSE,736,RTX 3060 Ti,Mid,GF30,8,75,2020,399,18,N,Action,Y
1486920,Call of Duty: Black Ops,24/04/2025,528,FALSE,736,RTX 3060 Ti,Mid,GF30,8,75,2020,399,18,N,Indie,N
1486920,Call of Duty: Black Ops,24/04/2025,528,FALSE,736,RTX 3060 Ti,Mid,GF30,8,75,2020,399,18,N,Adventure,N
1486920,Call of Duty: Black Ops,24/04/2025,528,FALSE,736,RTX 3060 Ti,Mid,GF30,8,75,2020,399,18,N,Simulation,N
1486920,Call of Duty: Black Ops,24/04/2025,528,FALSE,736,RTX 3060 Ti,Mid,GF30,8,75,2020,399,18,N,RPG,N
1486920,Call of Duty: Black Ops,24/04/2025,528,FALSE,736,RTX 3060 Ti,Mid,GF30,8,75,2020,399,18,N,Strategy,Y
1486920,Call of Duty: Black Ops,24/04/2025,528,FALSE,736,RTX 3060 Ti,Mid,GF30,8,75,2020,399,18,N,Free To Play,N
2208920,Assassin's Creed Valhalla,06/12/2022,1379,FALSE,401,GTX 1050 Ti,Lower,GF10,4,20,2016,109,18,N,Action,Y
2208920,Assassin's Creed Valhalla,06/12/2022,1379,FALSE,401,GTX 1050 Ti,Lower,GF10,4,20,2016,109,18,N,Indie,N
2208920,Assassin's Creed Valhalla,06/12/2022,1379,FALSE,401,GTX 1050 Ti,Lower,GF10,4,20,2016,109,18,N,Adventure,Y
2208920,Assassin's Creed Valhalla,06/12/2022,1379,FALSE,401,GTX 1050 Ti,Lower,GF10,4,20,2016,109,18,N,Simulation,N
2208920,Assassin's Creed Valhalla,06/12/2022,1379,FALSE,401,GTX 1050 Ti,Lower,GF10,4,20,2016,109,18,N,RPG,Y
2208920,Assassin's Creed Valhalla,06/12/2022,1379,FALSE,401,GTX 1050 Ti,Lower,GF10,4,20,2016,109,18,N,Strategy,N
2208920,Assassin's Creed Valhalla,06/12/2022,1379,FALSE,401,GTX 1050 Ti,Lower,GF10,4,20,2016,109,18,N,Free To Play,N
1594320,Captain of Industry,31/05/2022,4404,FALSE,176,GTX 1660,Mid,GF16,6,40,2019,219,18,N,Action,N
1594320,Captain of Industry,31/05/2022,4404,FALSE,176,GTX 1660,Mid,GF16,6,40,2019,219,18,N,Indie,Y
1594320,Captain of Industry,31/05/2022,4404,FALSE,176,GTX 1660,Mid,GF16,6,40,2019,219,18,N,Adventure,N
1594320,Captain of Industry,31/05/2022,4404,FALSE,176,GTX 1660,Mid,GF16,6,40,2019,219,18,N,Simulation,Y
1594320,Captain of Industry,31/05/2022,4404,FALSE,176,GTX 1660,Mid,GF16,6,40,2019,219,18,N,RPG,N
1594320,Captain of Industry,31/05/2022,4404,FALSE,176,GTX 1660,Mid,GF16,6,40,2019,219,18,N,Strategy,Y
1594320,Captain of Industry,31/05/2022,4404,FALSE,176,GTX 1660,Mid,GF16,6,40,2019,219,18,N,Free To Play,N
1017180,Gang Beasts,25/09/2019,377,FALSE,906,GTX 1050 Ti,Lower,GF10,4,20,2016,109,18,N,Action,Y
1017180,Gang Beasts,25/09/2019,377,FALSE,906,GTX 1050 Ti,Lower,GF10,4,20,2016,109,18,N,Indie,Y
1017180,Gang Beasts,25/09/2019,377,FALSE,906,GTX 1050 Ti,Lower,GF10,4,20,2016,109,18,N,Adventure,Y
1017180,Gang Beasts,25/09/2019,377,FALSE,906,GTX 1050 Ti,Lower,GF10,4,20,2016,109,18,N,Simulation,Y
1017180,Gang Beasts,25/09/2019,377,FALSE,906,GTX 1050 Ti,Lower,GF10,4,20,2016,109,18,N,RPG,N
1017180,Gang Beasts,25/09/2019,377,FALSE,906,GTX 1050 Ti,Lower,GF10,4,20,2016,109,18,N,Strategy,N
1017180,Gang Beasts,25/09/2019,377,FALSE,906,GTX 1050 Ti,Lower,GF10,4,20,2016,109,18,N,Free To Play,N
534380,Dying Light 2 Stay Human: Reloaded Edition,03/02/2022,4223,FALSE,181,GTX 1050 Ti,Lower,GF10,4,20,2016,109,18,N,Action,Y
534380,Dying Light 2 Stay Human: Reloaded Edition,03/02/2022,4223,FALSE,181,GTX 1050 Ti,Lower,GF10,4,20,2016,109,18,N,Indie,N
534380,Dying Light 2 Stay Human: Reloaded Edition,03/02/2022,4223,FALSE,181,GTX 1050 Ti,Lower,GF10,4,20,2016,109,18,N,Adventure,Y
534380,Dying Light 2 Stay Human: Reloaded Edition,03/02/2022,4223,FALSE,181,GTX 1050 Ti,Lower,GF10,4,20,2016,109,18,N,Simulation,N
534380,Dying Light 2 Stay Human: Reloaded Edition,03/02/2022,4223,FALSE,181,GTX 1050 Ti,Lower,GF10,4,20,2016,109,18,N,RPG,Y
534380,Dying Light 2 Stay Human: Reloaded Edition,03/02/2022,4223,FALSE,181,GTX 1050 Ti,Lower,GF10,4,20,2016,109,18,N,Strategy,N
534380,Dying Light 2 Stay Human: Reloaded Edition,03/02/2022,4223,FALSE,181,GTX 1050 Ti,Lower,GF10,4,20,2016,109,18,N,Free To Play,N
3226530,Tower Dominion,07/05/2025,1427,FALSE,388,RTX 3050,Lower,GF30,8,45,2021,249,18,Y,Action,N
3226530,Tower Dominion,07/05/2025,1427,FALSE,388,RTX 3050,Lower,GF30,8,45,2021,249,18,Y,Indie,N
3226530,Tower Dominion,07/05/2025,1427,FALSE,388,RTX 3050,Lower,GF30,8,45,2021,249,18,Y,Adventure,N
3226530,Tower Dominion,07/05/2025,1427,FALSE,388,RTX 3050,Lower,GF30,8,45,2021,249,18,Y,Simulation,N
3226530,Tower Dominion,07/05/2025,1427,FALSE,388,RTX 3050,Lower,GF30,8,45,2021,249,18,Y,RPG,N
3226530,Tower Dominion,07/05/2025,1427,FALSE,388,RTX 3050,Lower,GF30,8,45,2021,249,18,Y,Strategy,Y
3226530,Tower Dominion,07/05/2025,1427,FALSE,388,RTX 3050,Lower,GF30,8,45,2021,249,18,Y,Free To Play,N
2622000,Astral Party,28/02/2024,3227,FALSE,220,GTX 1660,Mid,GF16,6,40,2019,219,18,N,Action,N
2622000,Astral Party,28/02/2024,3227,FALSE,220,GTX 1660,Mid,GF16,6,40,2019,219,18,N,Indie,Y
2622000,Astral Party,28/02/2024,3227,FALSE,220,GTX 1660,Mid,GF16,6,40,2019,219,18,N,Adventure,N
2622000,Astral Party,28/02/2024,3227,FALSE,220,GTX 1660,Mid,GF16,6,40,2019,219,18,N,Simulation,N
2622000,Astral Party,28/02/2024,3227,FALSE,220,GTX 1660,Mid,GF16,6,40,2019,219,18,N,RPG,Y
2622000,Astral Party,28/02/2024,3227,FALSE,220,GTX 1660,Mid,GF16,6,40,2019,219,18,N,Strategy,Y
2622000,Astral Party,28/02/2024,3227,FALSE,220,GTX 1660,Mid,GF16,6,40,2019,219,18,N,Free To Play,N
1304930,The Outlast Trials,05/03/2024,3743,FALSE,193,GTX 1660,Mid,GF16,6,40,2019,219,18,N,Action,Y
1304930,The Outlast Trials,05/03/2024,3743,FALSE,193,GTX 1660,Mid,GF16,6,40,2019,219,18,N,Indie,Y
1304930,The Outlast Trials,05/03/2024,3743,FALSE,193,GTX 1660,Mid,GF16,6,40,2019,219,18,N,Adventure,Y
1304930,The Outlast Trials,05/03/2024,3743,FALSE,193,GTX 1660,Mid,GF16,6,40,2019,219,18,N,Simulation,N
1304930,The Outlast Trials,05/03/2024,3743,FALSE,193,GTX 1660,Mid,GF16,6,40,2019,219,18,N,RPG,N
1304930,The Outlast Trials,05/03/2024,3743,FALSE,193,GTX 1660,Mid,GF16,6,40,2019,219,18,N,Strategy,N
1304930,The Outlast Trials,05/03/2024,3743,FALSE,193,GTX 1660,Mid,GF16,6,40,2019,219,18,N,Free To Play,N
1621690,Core Keeper,27/08/2024,3688,FALSE,196,GTX 1050 Ti,Lower,GF10,4,20,2016,109,18,N,Action,Y
1621690,Core Keeper,27/08/2024,3688,FALSE,196,GTX 1050 Ti,Lower,GF10,4,20,2016,109,18,N,Indie,Y
1621690,Core Keeper,27/08/2024,3688,FALSE,196,GTX 1050 Ti,Lower,GF10,4,20,2016,109,18,N,Adventure,Y
1621690,Core Keeper,27/08/2024,3688,FALSE,196,GTX 1050 Ti,Lower,GF10,4,20,2016,109,18,N,Simulation,Y
1621690,Core Keeper,27/08/2024,3688,FALSE,196,GTX 1050 Ti,Lower,GF10,4,20,2016,109,18,N,RPG,Y
1621690,Core Keeper,27/08/2024,3688,FALSE,196,GTX 1050 Ti,Lower,GF10,4,20,2016,109,18,N,Strategy,N
1621690,Core Keeper,27/08/2024,3688,FALSE,196,GTX 1050 Ti,Lower,GF10,4,20,2016,109,18,N,Free To Play,N
594570,Total War: WARHAMMER II,28/09/2017,1464,TRUE,380,GTX 1050 Ti,Lower,GF10,4,20,2016,109,18,N,Action,Y
594570,Total War: WARHAMMER II,28/09/2017,1464,TRUE,380,GTX 1050 Ti,Lower,GF10,4,20,2016,109,18,N,Indie,N
594570,Total War: WARHAMMER II,28/09/2017,1464,TRUE,380,GTX 1050 Ti,Lower,GF10,4,20,2016,109,18,N,Adventure,N
594570,Total War: WARHAMMER II,28/09/2017,1464,TRUE,380,GTX 1050 Ti,Lower,GF10,4,20,2016,109,18,N,Simulation,N
594570,Total War: WARHAMMER II,28/09/2017,1464,TRUE,380,GTX 1050 Ti,Lower,GF10,4,20,2016,109,18,N,RPG,N
594570,Total War: WARHAMMER II,28/09/2017,1464,TRUE,380,GTX 1050 Ti,Lower,GF10,4,20,2016,109,18,N,Strategy,Y
594570,Total War: WARHAMMER II,28/09/2017,1464,TRUE,380,GTX 1050 Ti,Lower,GF10,4,20,2016,109,18,N,Free To Play,N
1401590,Disney Dreamlight Valley,05/12/2023,3587,FALSE,200,GTX 1050 Ti,Lower,GF10,4,20,2016,109,18,N,Action,Y
1401590,Disney Dreamlight Valley,05/12/2023,3587,FALSE,200,GTX 1050 Ti,Lower,GF10,4,20,2016,109,18,N,Indie,N
1401590,Disney Dreamlight Valley,05/12/2023,3587,FALSE,200,GTX 1050 Ti,Lower,GF10,4,20,2016,109,18,N,Adventure,Y
1401590,Disney Dreamlight Valley,05/12/2023,3587,FALSE,200,GTX 1050 Ti,Lower,GF10,4,20,2016,109,18,N,Simulation,Y
1401590,Disney Dreamlight Valley,05/12/2023,3587,FALSE,200,GTX 1050 Ti,Lower,GF10,4,20,2016,109,18,N,RPG,Y
1401590,Disney Dreamlight Valley,05/12/2023,3587,FALSE,200,GTX 1050 Ti,Lower,GF10,4,20,2016,109,18,N,Strategy,N
1401590,Disney Dreamlight Valley,05/12/2023,3587,FALSE,200,GTX 1050 Ti,Lower,GF10,4,20,2016,109,18,N,Free To Play,N
435150,Divinity: Original Sin 2 - Definitive Edition,14/09/2017,3510,TRUE,204,GTX 1050 Ti,Lower,GF10,4,20,2016,109,18,N,Action,N
435150,Divinity: Original Sin 2 - Definitive Edition,14/09/2017,3510,TRUE,204,GTX 1050 Ti,Lower,GF10,4,20,2016,109,18,N,Indie,N
435150,Divinity: Original Sin 2 - Definitive Edition,14/09/2017,3510,TRUE,204,GTX 1050 Ti,Lower,GF10,4,20,2016,109,18,N,Adventure,Y
435150,Divinity: Original Sin 2 - Definitive Edition,14/09/2017,3510,TRUE,204,GTX 1050 Ti,Lower,GF10,4,20,2016,109,18,N,Simulation,N
435150,Divinity: Original Sin 2 - Definitive Edition,14/09/2017,3510,TRUE,204,GTX 1050 Ti,Lower,GF10,4,20,2016,109,18,N,RPG,Y
435150,Divinity: Original Sin 2 - Definitive Edition,14/09/2017,3510,TRUE,204,GTX 1050 Ti,Lower,GF10,4,20,2016,109,18,N,Strategy,Y
435150,Divinity: Original Sin 2 - Definitive Edition,14/09/2017,3510,TRUE,204,GTX 1050 Ti,Lower,GF10,4,20,2016,109,18,N,Free To Play,N
1149460,ICARUS,03/12/2021,1492,FALSE,373,RTX 3060 Ti,Mid,GF30,8,75,2020,399,18,N,Action,Y
1149460,ICARUS,03/12/2021,1492,FALSE,373,RTX 3060 Ti,Mid,GF30,8,75,2020,399,18,N,Indie,N
1149460,ICARUS,03/12/2021,1492,FALSE,373,RTX 3060 Ti,Mid,GF30,8,75,2020,399,18,N,Adventure,Y
1149460,ICARUS,03/12/2021,1492,FALSE,373,RTX 3060 Ti,Mid,GF30,8,75,2020,399,18,N,Simulation,Y
1149460,ICARUS,03/12/2021,1492,FALSE,373,RTX 3060 Ti,Mid,GF30,8,75,2020,399,18,N,RPG,N
1149460,ICARUS,03/12/2021,1492,FALSE,373,RTX 3060 Ti,Mid,GF30,8,75,2020,399,18,N,Strategy,N
1149460,ICARUS,03/12/2021,1492,FALSE,373,RTX 3060 Ti,Mid,GF30,8,75,2020,399,18,N,Free To Play,N
2665680,Tower of Babel: Survivors of Chaos,19/05/2025,3392,TRUE,206,GTX 1050 Ti,Lower,GF10,4,20,2016,109,18,N,Action,Y
2665680,Tower of Babel: Survivors of Chaos,19/05/2025,3392,TRUE,206,GTX 1050 Ti,Lower,GF10,4,20,2016,109,18,N,Indie,N
2665680,Tower of Babel: Survivors of Chaos,19/05/2025,3392,TRUE,206,GTX 1050 Ti,Lower,GF10,4,20,2016,109,18,N,Adventure,N
2665680,Tower of Babel: Survivors of Chaos,19/05/2025,3392,TRUE,206,GTX 1050 Ti,Lower,GF10,4,20,2016,109,18,N,Simulation,N
2665680,Tower of Babel: Survivors of Chaos,19/05/2025,3392,TRUE,206,GTX 1050 Ti,Lower,GF10,4,20,2016,109,18,N,RPG,Y
2665680,Tower of Babel: Survivors of Chaos,19/05/2025,3392,TRUE,206,GTX 1050 Ti,Lower,GF10,4,20,2016,109,18,N,Strategy,N
2665680,Tower of Babel: Survivors of Chaos,19/05/2025,3392,TRUE,206,GTX 1050 Ti,Lower,GF10,4,20,2016,109,18,N,Free To Play,N
1022450,Uncrashed : FPV Drone Simulator,08/10/2019,507,FALSE,757,GTX 1050 Ti,Lower,GF10,4,20,2016,109,18,N,Action,N
1022450,Uncrashed : FPV Drone Simulator,08/10/2019,507,FALSE,757,GTX 1050 Ti,Lower,GF10,4,20,2016,109,18,N,Indie,Y
1022450,Uncrashed : FPV Drone Simulator,08/10/2019,507,FALSE,757,GTX 1050 Ti,Lower,GF10,4,20,2016,109,18,N,Adventure,N
1022450,Uncrashed : FPV Drone Simulator,08/10/2019,507,FALSE,757,GTX 1050 Ti,Lower,GF10,4,20,2016,109,18,N,Simulation,N
1022450,Uncrashed : FPV Drone Simulator,08/10/2019,507,FALSE,757,GTX 1050 Ti,Lower,GF10,4,20,2016,109,18,N,RPG,N
1022450,Uncrashed : FPV Drone Simulator,08/10/2019,507,FALSE,757,GTX 1050 Ti,Lower,GF10,4,20,2016,109,18,N,Strategy,Y
1022450,Uncrashed : FPV Drone Simulator,08/10/2019,507,FALSE,757,GTX 1050 Ti,Lower,GF10,4,20,2016,109,18,N,Free To Play,Y
637090,BATTLETECH,24/04/2018,1446,TRUE,383,GTX 1050 Ti,Lower,GF10,4,20,2016,109,18,N,Action,Y
637090,BATTLETECH,24/04/2018,1446,TRUE,383,GTX 1050 Ti,Lower,GF10,4,20,2016,109,18,N,Indie,N
637090,BATTLETECH,24/04/2018,1446,TRUE,383,GTX 1050 Ti,Lower,GF10,4,20,2016,109,18,N,Adventure,Y
637090,BATTLETECH,24/04/2018,1446,TRUE,383,GTX 1050 Ti,Lower,GF10,4,20,2016,109,18,N,Simulation,N
637090,BATTLETECH,24/04/2018,1446,TRUE,383,GTX 1050 Ti,Lower,GF10,4,20,2016,109,18,N,RPG,N
637090,BATTLETECH,24/04/2018,1446,TRUE,383,GTX 1050 Ti,Lower,GF10,4,20,2016,109,18,N,Strategy,Y
637090,BATTLETECH,24/04/2018,1446,TRUE,383,GTX 1050 Ti,Lower,GF10,4,20,2016,109,18,N,Free To Play,N
976310,Mortal Kombatﾂ11,23/04/2019,1026,FALSE,478,GTX 1050 Ti,Lower,GF10,4,20,2016,109,18,N,Action,Y
976310,Mortal Kombatﾂ11,23/04/2019,1026,FALSE,478,GTX 1050 Ti,Lower,GF10,4,20,2016,109,18,N,Indie,N
976310,Mortal Kombatﾂ11,23/04/2019,1026,FALSE,478,GTX 1050 Ti,Lower,GF10,4,20,2016,109,18,N,Adventure,N
976310,Mortal Kombatﾂ11,23/04/2019,1026,FALSE,478,GTX 1050 Ti,Lower,GF10,4,20,2016,109,18,N,Simulation,N
976310,Mortal Kombatﾂ11,23/04/2019,1026,FALSE,478,GTX 1050 Ti,Lower,GF10,4,20,2016,109,18,N,RPG,N
976310,Mortal Kombatﾂ11,23/04/2019,1026,FALSE,478,GTX 1050 Ti,Lower,GF10,4,20,2016,109,18,N,Strategy,N
976310,Mortal Kombatﾂ11,23/04/2019,1026,FALSE,478,GTX 1050 Ti,Lower,GF10,4,20,2016,109,18,N,Free To Play,N
1677280,Company of Heroes 3,23/02/2023,2183,FALSE,289,GTX 1660,Mid,GF16,6,40,2019,219,18,N,Action,Y
1677280,Company of Heroes 3,23/02/2023,2183,FALSE,289,GTX 1660,Mid,GF16,6,40,2019,219,18,N,Indie,N
1677280,Company of Heroes 3,23/02/2023,2183,FALSE,289,GTX 1660,Mid,GF16,6,40,2019,219,18,N,Adventure,N
1677280,Company of Heroes 3,23/02/2023,2183,FALSE,289,GTX 1660,Mid,GF16,6,40,2019,219,18,N,Simulation,N
1677280,Company of Heroes 3,23/02/2023,2183,FALSE,289,GTX 1660,Mid,GF16,6,40,2019,219,18,N,RPG,N
1677280,Company of Heroes 3,23/02/2023,2183,FALSE,289,GTX 1660,Mid,GF16,6,40,2019,219,18,N,Strategy,Y
1677280,Company of Heroes 3,23/02/2023,2183,FALSE,289,GTX 1660,Mid,GF16,6,40,2019,219,18,N,Free To Play,N
870780,Book of Yog Idle RPG,27/08/2020,648,TRUE,637,GTX 1660,Mid,GF16,6,40,2019,219,18,N,Action,Y
870780,Book of Yog Idle RPG,27/08/2020,648,TRUE,637,GTX 1660,Mid,GF16,6,40,2019,219,18,N,Indie,N
870780,Book of Yog Idle RPG,27/08/2020,648,TRUE,637,GTX 1660,Mid,GF16,6,40,2019,219,18,N,Adventure,Y
870780,Book of Yog Idle RPG,27/08/2020,648,TRUE,637,GTX 1660,Mid,GF16,6,40,2019,219,18,N,Simulation,N
870780,Book of Yog Idle RPG,27/08/2020,648,TRUE,637,GTX 1660,Mid,GF16,6,40,2019,219,18,N,RPG,N
870780,Book of Yog Idle RPG,27/08/2020,648,TRUE,637,GTX 1660,Mid,GF16,6,40,2019,219,18,N,Strategy,N
870780,Book of Yog Idle RPG,27/08/2020,648,TRUE,637,GTX 1660,Mid,GF16,6,40,2019,219,18,N,Free To Play,N
2842040,BioShock Remastered,21/11/2024,364,FALSE,923,RTX 3060 Ti,Mid,GF30,8,75,2020,399,18,N,Action,Y
2842040,BioShock Remastered,21/11/2024,364,FALSE,923,RTX 3060 Ti,Mid,GF30,8,75,2020,399,18,N,Indie,N
2842040,BioShock Remastered,21/11/2024,364,FALSE,923,RTX 3060 Ti,Mid,GF30,8,75,2020,399,18,N,Adventure,Y
2842040,BioShock Remastered,21/11/2024,364,FALSE,923,RTX 3060 Ti,Mid,GF30,8,75,2020,399,18,N,Simulation,N
2842040,BioShock Remastered,21/11/2024,364,FALSE,923,RTX 3060 Ti,Mid,GF30,8,75,2020,399,18,N,RPG,N
2842040,BioShock Remastered,21/11/2024,364,FALSE,923,RTX 3060 Ti,Mid,GF30,8,75,2020,399,18,N,Strategy,N
2842040,BioShock Remastered,21/11/2024,364,FALSE,923,RTX 3060 Ti,Mid,GF30,8,75,2020,399,18,N,Free To Play,N
409710,Super Animal Royale,15/09/2016,364,TRUE,923,GTX 1050 Ti,Lower,GF10,4,20,2016,109,18,N,Action,Y
409710,Super Animal Royale,15/09/2016,364,TRUE,923,GTX 1050 Ti,Lower,GF10,4,20,2016,109,18,N,Indie,N
409710,Super Animal Royale,15/09/2016,364,TRUE,923,GTX 1050 Ti,Lower,GF10,4,20,2016,109,18,N,Adventure,N
409710,Super Animal Royale,15/09/2016,364,TRUE,923,GTX 1050 Ti,Lower,GF10,4,20,2016,109,18,N,Simulation,N
409710,Super Animal Royale,15/09/2016,364,TRUE,923,GTX 1050 Ti,Lower,GF10,4,20,2016,109,18,N,RPG,Y
409710,Super Animal Royale,15/09/2016,364,TRUE,923,GTX 1050 Ti,Lower,GF10,4,20,2016,109,18,N,Strategy,N
409710,Super Animal Royale,15/09/2016,364,TRUE,923,GTX 1050 Ti,Lower,GF10,4,20,2016,109,18,N,Free To Play,N
552100,Brick Rigs,14/07/2023,983,FALSE,497,GTX 1050 Ti,Lower,GF10,4,20,2016,109,18,N,Action,N
552100,Brick Rigs,14/07/2023,983,FALSE,497,GTX 1050 Ti,Lower,GF10,4,20,2016,109,18,N,Indie,N
552100,Brick Rigs,14/07/2023,983,FALSE,497,GTX 1050 Ti,Lower,GF10,4,20,2016,109,18,N,Adventure,N
552100,Brick Rigs,14/07/2023,983,FALSE,497,GTX 1050 Ti,Lower,GF10,4,20,2016,109,18,N,Simulation,Y
552100,Brick Rigs,14/07/2023,983,FALSE,497,GTX 1050 Ti,Lower,GF10,4,20,2016,109,18,N,RPG,N
552100,Brick Rigs,14/07/2023,983,FALSE,497,GTX 1050 Ti,Lower,GF10,4,20,2016,109,18,N,Strategy,N
552100,Brick Rigs,14/07/2023,983,FALSE,497,GTX 1050 Ti,Lower,GF10,4,20,2016,109,18,N,Free To Play,N
431240,Golf With Your Friends,19/05/2020,979,TRUE,499,GTX 1050 Ti,Lower,GF10,4,20,2016,109,18,N,Action,N
431240,Golf With Your Friends,19/05/2020,979,TRUE,499,GTX 1050 Ti,Lower,GF10,4,20,2016,109,18,N,Indie,Y
431240,Golf With Your Friends,19/05/2020,979,TRUE,499,GTX 1050 Ti,Lower,GF10,4,20,2016,109,18,N,Adventure,N
431240,Golf With Your Friends,19/05/2020,979,TRUE,499,GTX 1050 Ti,Lower,GF10,4,20,2016,109,18,N,Simulation,N
431240,Golf With Your Friends,19/05/2020,979,TRUE,499,GTX 1050 Ti,Lower,GF10,4,20,2016,109,18,N,RPG,N
431240,Golf With Your Friends,19/05/2020,979,TRUE,499,GTX 1050 Ti,Lower,GF10,4,20,2016,109,18,N,Strategy,N
431240,Golf With Your Friends,19/05/2020,979,TRUE,499,GTX 1050 Ti,Lower,GF10,4,20,2016,109,18,N,Free To Play,N
3003300,ZMﾂDesktopﾂElf,13/02/2025,762,FALSE,578,GTX 1050 Ti,Lower,GF10,4,20,2016,109,18,N,Action,N
3003300,ZMﾂDesktopﾂElf,13/02/2025,762,FALSE,578,GTX 1050 Ti,Lower,GF10,4,20,2016,109,18,N,Indie,N
3003300,ZMﾂDesktopﾂElf,13/02/2025,762,FALSE,578,GTX 1050 Ti,Lower,GF10,4,20,2016,109,18,N,Adventure,N
3003300,ZMﾂDesktopﾂElf,13/02/2025,762,FALSE,578,GTX 1050 Ti,Lower,GF10,4,20,2016,109,18,N,Simulation,N
3003300,ZMﾂDesktopﾂElf,13/02/2025,762,FALSE,578,GTX 1050 Ti,Lower,GF10,4,20,2016,109,18,N,RPG,N
3003300,ZMﾂDesktopﾂElf,13/02/2025,762,FALSE,578,GTX 1050 Ti,Lower,GF10,4,20,2016,109,18,N,Strategy,N
3003300,ZMﾂDesktopﾂElf,13/02/2025,762,FALSE,578,GTX 1050 Ti,Lower,GF10,4,20,2016,109,18,N,Free To Play,Y
885970,Total War: ROME REMASTERED,29/04/2021,764,TRUE,576,GTX 1050 Ti,Lower,GF10,4,20,2016,109,18,N,Action,N
885970,Total War: ROME REMASTERED,29/04/2021,764,TRUE,576,GTX 1050 Ti,Lower,GF10,4,20,2016,109,18,N,Indie,N
885970,Total War: ROME REMASTERED,29/04/2021,764,TRUE,576,GTX 1050 Ti,Lower,GF10,4,20,2016,109,18,N,Adventure,N
885970,Total War: ROME REMASTERED,29/04/2021,764,TRUE,576,GTX 1050 Ti,Lower,GF10,4,20,2016,109,18,N,Simulation,N
885970,Total War: ROME REMASTERED,29/04/2021,764,TRUE,576,GTX 1050 Ti,Lower,GF10,4,20,2016,109,18,N,RPG,N
885970,Total War: ROME REMASTERED,29/04/2021,764,TRUE,576,GTX 1050 Ti,Lower,GF10,4,20,2016,109,18,N,Strategy,Y
885970,Total War: ROME REMASTERED,29/04/2021,764,TRUE,576,GTX 1050 Ti,Lower,GF10,4,20,2016,109,18,N,Free To Play,N
1449690,Devil May Cry HD Collection,29/10/2020,677,FALSE,617,GTX 1050 Ti,Lower,GF10,4,20,2016,109,18,N,Action,N
1449690,Devil May Cry HD Collection,29/10/2020,677,FALSE,617,GTX 1050 Ti,Lower,GF10,4,20,2016,109,18,N,Indie,N
1449690,Devil May Cry HD Collection,29/10/2020,677,FALSE,617,GTX 1050 Ti,Lower,GF10,4,20,2016,109,18,N,Adventure,Y
1449690,Devil May Cry HD Collection,29/10/2020,677,FALSE,617,GTX 1050 Ti,Lower,GF10,4,20,2016,109,18,N,Simulation,N
1449690,Devil May Cry HD Collection,29/10/2020,677,FALSE,617,GTX 1050 Ti,Lower,GF10,4,20,2016,109,18,N,RPG,N
1449690,Devil May Cry HD Collection,29/10/2020,677,FALSE,617,GTX 1050 Ti,Lower,GF10,4,20,2016,109,18,N,Strategy,N
1449690,Devil May Cry HD Collection,29/10/2020,677,FALSE,617,GTX 1050 Ti,Lower,GF10,4,20,2016,109,18,N,Free To Play,N
631510,Soulstone Survivors,13/03/2018,675,FALSE,618,GTX 1050 Ti,Lower,GF10,4,20,2016,109,18,N,Action,Y
631510,Soulstone Survivors,13/03/2018,675,FALSE,618,GTX 1050 Ti,Lower,GF10,4,20,2016,109,18,N,Indie,N
631510,Soulstone Survivors,13/03/2018,675,FALSE,618,GTX 1050 Ti,Lower,GF10,4,20,2016,109,18,N,Adventure,N
631510,Soulstone Survivors,13/03/2018,675,FALSE,618,GTX 1050 Ti,Lower,GF10,4,20,2016,109,18,N,Simulation,N
631510,Soulstone Survivors,13/03/2018,675,FALSE,618,GTX 1050 Ti,Lower,GF10,4,20,2016,109,18,N,RPG,N
631510,Soulstone Survivors,13/03/2018,675,FALSE,618,GTX 1050 Ti,Lower,GF10,4,20,2016,109,18,N,Strategy,N
631510,Soulstone Survivors,13/03/2018,675,FALSE,618,GTX 1050 Ti,Lower,GF10,4,20,2016,109,18,N,Free To Play,N
1210320,Potion Craft: Alchemist Simulator,13/12/2022,941,FALSE,512,GTX 1050 Ti,Lower,GF10,4,20,2016,109,18,N,Action,N
1210320,Potion Craft: Alchemist Simulator,13/12/2022,941,FALSE,512,GTX 1050 Ti,Lower,GF10,4,20,2016,109,18,N,Indie,Y
1210320,Potion Craft: Alchemist Simulator,13/12/2022,941,FALSE,512,GTX 1050 Ti,Lower,GF10,4,20,2016,109,18,N,Adventure,N
1210320,Potion Craft: Alchemist Simulator,13/12/2022,941,FALSE,512,GTX 1050 Ti,Lower,GF10,4,20,2016,109,18,N,Simulation,Y
1210320,Potion Craft: Alchemist Simulator,13/12/2022,941,FALSE,512,GTX 1050 Ti,Lower,GF10,4,20,2016,109,18,N,RPG,N
1210320,Potion Craft: Alchemist Simulator,13/12/2022,941,FALSE,512,GTX 1050 Ti,Lower,GF10,4,20,2016,109,18,N,Strategy,N
1210320,Potion Craft: Alchemist Simulator,13/12/2022,941,FALSE,512,GTX 1050 Ti,Lower,GF10,4,20,2016,109,18,N,Free To Play,N
800270,ENDLESS Space 2,17/10/2018,361,TRUE,930,GTX 1050 Ti,Lower,GF10,4,20,2016,109,18,N,Action,N
800270,ENDLESS Space 2,17/10/2018,361,TRUE,930,GTX 1050 Ti,Lower,GF10,4,20,2016,109,18,N,Indie,N
800270,ENDLESS Space 2,17/10/2018,361,TRUE,930,GTX 1050 Ti,Lower,GF10,4,20,2016,109,18,N,Adventure,N
800270,ENDLESS Space 2,17/10/2018,361,TRUE,930,GTX 1050 Ti,Lower,GF10,4,20,2016,109,18,N,Simulation,N
800270,ENDLESS Space 2,17/10/2018,361,TRUE,930,GTX 1050 Ti,Lower,GF10,4,20,2016,109,18,N,RPG,N
800270,ENDLESS Space 2,17/10/2018,361,TRUE,930,GTX 1050 Ti,Lower,GF10,4,20,2016,109,18,N,Strategy,Y
800270,ENDLESS Space 2,17/10/2018,361,TRUE,930,GTX 1050 Ti,Lower,GF10,4,20,2016,109,18,N,Free To Play,N
1295510,DRAGON QUEST XI S: Echoes of an Elusive Age - Definitive Edition,04/12/2020,936,FALSE,514,GTX 1050 Ti,Lower,GF10,4,20,2016,109,18,N,Action,N
1295510,DRAGON QUEST XI S: Echoes of an Elusive Age - Definitive Edition,04/12/2020,936,FALSE,514,GTX 1050 Ti,Lower,GF10,4,20,2016,109,18,N,Indie,N
1295510,DRAGON QUEST XI S: Echoes of an Elusive Age - Definitive Edition,04/12/2020,936,FALSE,514,GTX 1050 Ti,Lower,GF10,4,20,2016,109,18,N,Adventure,Y
1295510,DRAGON QUEST XI S: Echoes of an Elusive Age - Definitive Edition,04/12/2020,936,FALSE,514,GTX 1050 Ti,Lower,GF10,4,20,2016,109,18,N,Simulation,N
1295510,DRAGON QUEST XI S: Echoes of an Elusive Age - Definitive Edition,04/12/2020,936,FALSE,514,GTX 1050 Ti,Lower,GF10,4,20,2016,109,18,N,RPG,Y
1295510,DRAGON QUEST XI S: Echoes of an Elusive Age - Definitive Edition,04/12/2020,936,FALSE,514,GTX 1050 Ti,Lower,GF10,4,20,2016,109,18,N,Strategy,N
1295510,DRAGON QUEST XI S: Echoes of an Elusive Age - Definitive Edition,04/12/2020,936,FALSE,514,GTX 1050 Ti,Lower,GF10,4,20,2016,109,18,N,Free To Play,N
571740,Dungeon Defenders II,18/08/2023,352,TRUE,941,GTX 1050 Ti,Lower,GF10,4,20,2016,109,18,N,Action,N
571740,Dungeon Defenders II,18/08/2023,352,TRUE,941,GTX 1050 Ti,Lower,GF10,4,20,2016,109,18,N,Indie,Y
571740,Dungeon Defenders II,18/08/2023,352,TRUE,941,GTX 1050 Ti,Lower,GF10,4,20,2016,109,18,N,Adventure,N
571740,Dungeon Defenders II,18/08/2023,352,TRUE,941,GTX 1050 Ti,Lower,GF10,4,20,2016,109,18,N,Simulation,Y
571740,Dungeon Defenders II,18/08/2023,352,TRUE,941,GTX 1050 Ti,Lower,GF10,4,20,2016,109,18,N,RPG,N
571740,Dungeon Defenders II,18/08/2023,352,TRUE,941,GTX 1050 Ti,Lower,GF10,4,20,2016,109,18,N,Strategy,N
571740,Dungeon Defenders II,18/08/2023,352,TRUE,941,GTX 1050 Ti,Lower,GF10,4,20,2016,109,18,N,Free To Play,N
1599600,PlateUp!,04/08/2022,832,FALSE,552,GTX 1050 Ti,Lower,GF10,4,20,2016,109,18,N,Action,Y
1599600,PlateUp!,04/08/2022,832,FALSE,552,GTX 1050 Ti,Lower,GF10,4,20,2016,109,18,N,Indie,Y
1599600,PlateUp!,04/08/2022,832,FALSE,552,GTX 1050 Ti,Lower,GF10,4,20,2016,109,18,N,Adventure,N
1599600,PlateUp!,04/08/2022,832,FALSE,552,GTX 1050 Ti,Lower,GF10,4,20,2016,109,18,N,Simulation,N
1599600,PlateUp!,04/08/2022,832,FALSE,552,GTX 1050 Ti,Lower,GF10,4,20,2016,109,18,N,RPG,N
1599600,PlateUp!,04/08/2022,832,FALSE,552,GTX 1050 Ti,Lower,GF10,4,20,2016,109,18,N,Strategy,Y
1599600,PlateUp!,04/08/2022,832,FALSE,552,GTX 1050 Ti,Lower,GF10,4,20,2016,109,18,N,Free To Play,N
996580,FINAL FANTASY IX,03/09/2019,351,FALSE,942,GTX 1050 Ti,Lower,GF10,4,20,2016,109,18,N,Action,Y
996580,FINAL FANTASY IX,03/09/2019,351,FALSE,942,GTX 1050 Ti,Lower,GF10,4,20,2016,109,18,N,Indie,N
996580,FINAL FANTASY IX,03/09/2019,351,FALSE,942,GTX 1050 Ti,Lower,GF10,4,20,2016,109,18,N,Adventure,Y
996580,FINAL FANTASY IX,03/09/2019,351,FALSE,942,GTX 1050 Ti,Lower,GF10,4,20,2016,109,18,N,Simulation,N
996580,FINAL FANTASY IX,03/09/2019,351,FALSE,942,GTX 1050 Ti,Lower,GF10,4,20,2016,109,18,N,RPG,N
996580,FINAL FANTASY IX,03/09/2019,351,FALSE,942,GTX 1050 Ti,Lower,GF10,4,20,2016,109,18,N,Strategy,N
996580,FINAL FANTASY IX,03/09/2019,351,FALSE,942,GTX 1050 Ti,Lower,GF10,4,20,2016,109,18,N,Free To Play,N
360430,Mafia III: Definitive Edition,19/05/2020,869,TRUE,535,GTX 1050 Ti,Lower,GF10,4,20,2016,109,18,N,Action,Y
360430,Mafia III: Definitive Edition,19/05/2020,869,TRUE,535,GTX 1050 Ti,Lower,GF10,4,20,2016,109,18,N,Indie,N
360430,Mafia III: Definitive Edition,19/05/2020,869,TRUE,535,GTX 1050 Ti,Lower,GF10,4,20,2016,109,18,N,Adventure,Y
360430,Mafia III: Definitive Edition,19/05/2020,869,TRUE,535,GTX 1050 Ti,Lower,GF10,4,20,2016,109,18,N,Simulation,N
360430,Mafia III: Definitive Edition,19/05/2020,869,TRUE,535,GTX 1050 Ti,Lower,GF10,4,20,2016,109,18,N,RPG,N
360430,Mafia III: Definitive Edition,19/05/2020,869,TRUE,535,GTX 1050 Ti,Lower,GF10,4,20,2016,109,18,N,Strategy,N
360430,Mafia III: Definitive Edition,19/05/2020,869,TRUE,535,GTX 1050 Ti,Lower,GF10,4,20,2016,109,18,N,Free To Play,N
447040,Watch_Dogs 2,28/11/2016,863,FALSE,539,GTX 1050 Ti,Lower,GF10,4,20,2016,109,18,N,Action,Y
447040,Watch_Dogs 2,28/11/2016,863,FALSE,539,GTX 1050 Ti,Lower,GF10,4,20,2016,109,18,N,Indie,N
447040,Watch_Dogs 2,28/11/2016,863,FALSE,539,GTX 1050 Ti,Lower,GF10,4,20,2016,109,18,N,Adventure,Y
447040,Watch_Dogs 2,28/11/2016,863,FALSE,539,GTX 1050 Ti,Lower,GF10,4,20,2016,109,18,N,Simulation,N
447040,Watch_Dogs 2,28/11/2016,863,FALSE,539,GTX 1050 Ti,Lower,GF10,4,20,2016,109,18,N,RPG,N
447040,Watch_Dogs 2,28/11/2016,863,FALSE,539,GTX 1050 Ti,Lower,GF10,4,20,2016,109,18,N,Strategy,N
447040,Watch_Dogs 2,28/11/2016,863,FALSE,539,GTX 1050 Ti,Lower,GF10,4,20,2016,109,18,N,Free To Play,N
552990,World of Warships,15/11/2017,8518,FALSE,107,GTX 1050 Ti,Lower,GF10,4,20,2016,109,18,N,Action,Y
552990,World of Warships,15/11/2017,8518,FALSE,107,GTX 1050 Ti,Lower,GF10,4,20,2016,109,18,N,Indie,N
552990,World of Warships,15/11/2017,8518,FALSE,107,GTX 1050 Ti,Lower,GF10,4,20,2016,109,18,N,Adventure,N
552990,World of Warships,15/11/2017,8518,FALSE,107,GTX 1050 Ti,Lower,GF10,4,20,2016,109,18,N,Simulation,Y
552990,World of Warships,15/11/2017,8518,FALSE,107,GTX 1050 Ti,Lower,GF10,4,20,2016,109,18,N,RPG,N
552990,World of Warships,15/11/2017,8518,FALSE,107,GTX 1050 Ti,Lower,GF10,4,20,2016,109,18,N,Strategy,Y
552990,World of Warships,15/11/2017,8518,FALSE,107,GTX 1050 Ti,Lower,GF10,4,20,2016,109,18,N,Free To Play,Y
2104890,RoadCraft,20/05/2025,8156,FALSE,111,RX 6600 XT,Mid,R6000,8,70,2021,379,18,Y,Action,N
2104890,RoadCraft,20/05/2025,8156,FALSE,111,RX 6600 XT,Mid,R6000,8,70,2021,379,18,Y,Indie,N
2104890,RoadCraft,20/05/2025,8156,FALSE,111,RX 6600 XT,Mid,R6000,8,70,2021,379,18,Y,Adventure,Y
2104890,RoadCraft,20/05/2025,8156,FALSE,111,RX 6600 XT,Mid,R6000,8,70,2021,379,18,Y,Simulation,Y
2104890,RoadCraft,20/05/2025,8156,FALSE,111,RX 6600 XT,Mid,R6000,8,70,2021,379,18,Y,RPG,N
2104890,RoadCraft,20/05/2025,8156,FALSE,111,RX 6600 XT,Mid,R6000,8,70,2021,379,18,Y,Strategy,N
2104890,RoadCraft,20/05/2025,8156,FALSE,111,RX 6600 XT,Mid,R6000,8,70,2021,379,18,Y,Free To Play,N
1938090,Call of Duty,27/10/2022,67419,FALSE,12,RX 6600 XT,Mid,R6000,8,70,2021,379,18,Y,Action,Y
1938090,Call of Duty,27/10/2022,67419,FALSE,12,RX 6600 XT,Mid,R6000,8,70,2021,379,18,Y,Indie,N
1938090,Call of Duty,27/10/2022,67419,FALSE,12,RX 6600 XT,Mid,R6000,8,70,2021,379,18,Y,Adventure,N
1938090,Call of Duty,27/10/2022,67419,FALSE,12,RX 6600 XT,Mid,R6000,8,70,2021,379,18,Y,Simulation,N
1938090,Call of Duty,27/10/2022,67419,FALSE,12,RX 6600 XT,Mid,R6000,8,70,2021,379,18,Y,RPG,N
1938090,Call of Duty,27/10/2022,67419,FALSE,12,RX 6600 XT,Mid,R6000,8,70,2021,379,18,Y,Strategy,N
1938090,Call of Duty,27/10/2022,67419,FALSE,12,RX 6600 XT,Mid,R6000,8,70,2021,379,18,Y,Free To Play,N
1898300,Horizon Zero Dawn Complete Edition,20/06/2024,701,FALSE,600,GTX 1660,Mid,GF16,6,40,2019,219,18,N,Action,N
1898300,Horizon Zero Dawn Complete Edition,20/06/2024,701,FALSE,600,GTX 1660,Mid,GF16,6,40,2019,219,18,N,Indie,N
1898300,Horizon Zero Dawn Complete Edition,20/06/2024,701,FALSE,600,GTX 1660,Mid,GF16,6,40,2019,219,18,N,Adventure,Y
1898300,Horizon Zero Dawn Complete Edition,20/06/2024,701,FALSE,600,GTX 1660,Mid,GF16,6,40,2019,219,18,N,Simulation,Y
1898300,Horizon Zero Dawn Complete Edition,20/06/2024,701,FALSE,600,GTX 1660,Mid,GF16,6,40,2019,219,18,N,RPG,N
1898300,Horizon Zero Dawn Complete Edition,20/06/2024,701,FALSE,600,GTX 1660,Mid,GF16,6,40,2019,219,18,N,Strategy,Y
1898300,Horizon Zero Dawn Complete Edition,20/06/2024,701,FALSE,600,GTX 1660,Mid,GF16,6,40,2019,219,18,N,Free To Play,N
838350,The Scroll Of Taiwu,20/09/2018,989,FALSE,494,GTX 1050 Ti,Lower,GF10,4,20,2016,109,18,N,Action,N
838350,The Scroll Of Taiwu,20/09/2018,989,FALSE,494,GTX 1050 Ti,Lower,GF10,4,20,2016,109,18,N,Indie,Y
838350,The Scroll Of Taiwu,20/09/2018,989,FALSE,494,GTX 1050 Ti,Lower,GF10,4,20,2016,109,18,N,Adventure,Y
838350,The Scroll Of Taiwu,20/09/2018,989,FALSE,494,GTX 1050 Ti,Lower,GF10,4,20,2016,109,18,N,Simulation,N
838350,The Scroll Of Taiwu,20/09/2018,989,FALSE,494,GTX 1050 Ti,Lower,GF10,4,20,2016,109,18,N,RPG,Y
838350,The Scroll Of Taiwu,20/09/2018,989,FALSE,494,GTX 1050 Ti,Lower,GF10,4,20,2016,109,18,N,Strategy,Y
838350,The Scroll Of Taiwu,20/09/2018,989,FALSE,494,GTX 1050 Ti,Lower,GF10,4,20,2016,109,18,N,Free To Play,N
2169200,Sniper Elite: Resistance,30/01/2025,957,FALSE,508,RX 6600,Mid,R6000,8,60,2021,329,18,Y,Action,Y
2169200,Sniper Elite: Resistance,30/01/2025,957,FALSE,508,RX 6600,Mid,R6000,8,60,2021,329,18,Y,Indie,N
2169200,Sniper Elite: Resistance,30/01/2025,957,FALSE,508,RX 6600,Mid,R6000,8,60,2021,329,18,Y,Adventure,Y
2169200,Sniper Elite: Resistance,30/01/2025,957,FALSE,508,RX 6600,Mid,R6000,8,60,2021,329,18,Y,Simulation,N
2169200,Sniper Elite: Resistance,30/01/2025,957,FALSE,508,RX 6600,Mid,R6000,8,60,2021,329,18,Y,RPG,N
2169200,Sniper Elite: Resistance,30/01/2025,957,FALSE,508,RX 6600,Mid,R6000,8,60,2021,329,18,Y,Strategy,N
2169200,Sniper Elite: Resistance,30/01/2025,957,FALSE,508,RX 6600,Mid,R6000,8,60,2021,329,18,Y,Free To Play,N
427520,Factorio,14/08/2020,16426,TRUE,60,GTX 1050 Ti,Lower,GF10,4,20,2016,109,18,N,Action,N
427520,Factorio,14/08/2020,16426,TRUE,60,GTX 1050 Ti,Lower,GF10,4,20,2016,109,18,N,Indie,Y
427520,Factorio,14/08/2020,16426,TRUE,60,GTX 1050 Ti,Lower,GF10,4,20,2016,109,18,N,Adventure,N
427520,Factorio,14/08/2020,16426,TRUE,60,GTX 1050 Ti,Lower,GF10,4,20,2016,109,18,N,Simulation,Y
427520,Factorio,14/08/2020,16426,TRUE,60,GTX 1050 Ti,Lower,GF10,4,20,2016,109,18,N,RPG,N
427520,Factorio,14/08/2020,16426,TRUE,60,GTX 1050 Ti,Lower,GF10,4,20,2016,109,18,N,Strategy,Y
427520,Factorio,14/08/2020,16426,TRUE,60,GTX 1050 Ti,Lower,GF10,4,20,2016,109,18,N,Free To Play,N
433850,Z1 Battle Royale,28/02/2018,1010,FALSE,483,GTX 1050 Ti,Lower,GF10,4,20,2016,109,18,N,Action,Y
433850,Z1 Battle Royale,28/02/2018,1010,FALSE,483,GTX 1050 Ti,Lower,GF10,4,20,2016,109,18,N,Indie,N
433850,Z1 Battle Royale,28/02/2018,1010,FALSE,483,GTX 1050 Ti,Lower,GF10,4,20,2016,109,18,N,Adventure,Y
433850,Z1 Battle Royale,28/02/2018,1010,FALSE,483,GTX 1050 Ti,Lower,GF10,4,20,2016,109,18,N,Simulation,N
433850,Z1 Battle Royale,28/02/2018,1010,FALSE,483,GTX 1050 Ti,Lower,GF10,4,20,2016,109,18,N,RPG,N
433850,Z1 Battle Royale,28/02/2018,1010,FALSE,483,GTX 1050 Ti,Lower,GF10,4,20,2016,109,18,N,Strategy,N
433850,Z1 Battle Royale,28/02/2018,1010,FALSE,483,GTX 1050 Ti,Lower,GF10,4,20,2016,109,18,N,Free To Play,Y
1903340,Clair Obscur: Expedition 33,24/04/2025,27880,FALSE,34,RTX 3060 Ti,Mid,GF30,8,75,2020,399,18,N,Action,Y
1903340,Clair Obscur: Expedition 33,24/04/2025,27880,FALSE,34,RTX 3060 Ti,Mid,GF30,8,75,2020,399,18,N,Indie,N
1903340,Clair Obscur: Expedition 33,24/04/2025,27880,FALSE,34,RTX 3060 Ti,Mid,GF30,8,75,2020,399,18,N,Adventure,N
1903340,Clair Obscur: Expedition 33,24/04/2025,27880,FALSE,34,RTX 3060 Ti,Mid,GF30,8,75,2020,399,18,N,Simulation,N
1903340,Clair Obscur: Expedition 33,24/04/2025,27880,FALSE,34,RTX 3060 Ti,Mid,GF30,8,75,2020,399,18,N,RPG,Y
1903340,Clair Obscur: Expedition 33,24/04/2025,27880,FALSE,34,RTX 3060 Ti,Mid,GF30,8,75,2020,399,18,N,Strategy,N
1903340,Clair Obscur: Expedition 33,24/04/2025,27880,FALSE,34,RTX 3060 Ti,Mid,GF30,8,75,2020,399,18,N,Free To Play,N
1357210,Aloft,19/10/2023,330,FALSE,967,Arc A770,Mid,INT A,16,65,2022,349,18,Y,Action,N
1357210,Aloft,19/10/2023,330,FALSE,967,Arc A770,Mid,INT A,16,65,2022,349,18,Y,Indie,N
1357210,Aloft,19/10/2023,330,FALSE,967,Arc A770,Mid,INT A,16,65,2022,349,18,Y,Adventure,N
1357210,Aloft,19/10/2023,330,FALSE,967,Arc A770,Mid,INT A,16,65,2022,349,18,Y,Simulation,Y
1357210,Aloft,19/10/2023,330,FALSE,967,Arc A770,Mid,INT A,16,65,2022,349,18,Y,RPG,N
1357210,Aloft,19/10/2023,330,FALSE,967,Arc A770,Mid,INT A,16,65,2022,349,18,Y,Strategy,Y
1357210,Aloft,19/10/2023,330,FALSE,967,Arc A770,Mid,INT A,16,65,2022,349,18,Y,Free To Play,N
489830,The Elder Scrolls V: Skyrim Special Edition,27/10/2016,25085,FALSE,41,GTX 1050 Ti,Lower,GF10,4,20,2016,109,18,N,Action,N
489830,The Elder Scrolls V: Skyrim Special Edition,27/10/2016,25085,FALSE,41,GTX 1050 Ti,Lower,GF10,4,20,2016,109,18,N,Indie,N
489830,The Elder Scrolls V: Skyrim Special Edition,27/10/2016,25085,FALSE,41,GTX 1050 Ti,Lower,GF10,4,20,2016,109,18,N,Adventure,N
489830,The Elder Scrolls V: Skyrim Special Edition,27/10/2016,25085,FALSE,41,GTX 1050 Ti,Lower,GF10,4,20,2016,109,18,N,Simulation,N
489830,The Elder Scrolls V: Skyrim Special Edition,27/10/2016,25085,FALSE,41,GTX 1050 Ti,Lower,GF10,4,20,2016,109,18,N,RPG,Y
489830,The Elder Scrolls V: Skyrim Special Edition,27/10/2016,25085,FALSE,41,GTX 1050 Ti,Lower,GF10,4,20,2016,109,18,N,Strategy,N
489830,The Elder Scrolls V: Skyrim Special Edition,27/10/2016,25085,FALSE,41,GTX 1050 Ti,Lower,GF10,4,20,2016,109,18,N,Free To Play,N
1623730,Palworld,18/01/2024,18028,FALSE,53,RTX 3060 Ti,Mid,GF30,8,75,2020,399,18,N,Action,Y
1623730,Palworld,18/01/2024,18028,FALSE,53,RTX 3060 Ti,Mid,GF30,8,75,2020,399,18,N,Indie,Y
1623730,Palworld,18/01/2024,18028,FALSE,53,RTX 3060 Ti,Mid,GF30,8,75,2020,399,18,N,Adventure,Y
1623730,Palworld,18/01/2024,18028,FALSE,53,RTX 3060 Ti,Mid,GF30,8,75,2020,399,18,N,Simulation,N
1623730,Palworld,18/01/2024,18028,FALSE,53,RTX 3060 Ti,Mid,GF30,8,75,2020,399,18,N,RPG,Y
1623730,Palworld,18/01/2024,18028,FALSE,53,RTX 3060 Ti,Mid,GF30,8,75,2020,399,18,N,Strategy,N
1623730,Palworld,18/01/2024,18028,FALSE,53,RTX 3060 Ti,Mid,GF30,8,75,2020,399,18,N,Free To Play,N
1677110,Lightyear Frontier,19/03/2024,732,FALSE,590,RX 6600,Mid,R6000,8,60,2021,329,18,Y,Action,N
1677110,Lightyear Frontier,19/03/2024,732,FALSE,590,RX 6600,Mid,R6000,8,60,2021,329,18,Y,Indie,N
1677110,Lightyear Frontier,19/03/2024,732,FALSE,590,RX 6600,Mid,R6000,8,60,2021,329,18,Y,Adventure,N
1677110,Lightyear Frontier,19/03/2024,732,FALSE,590,RX 6600,Mid,R6000,8,60,2021,329,18,Y,Simulation,N
1677110,Lightyear Frontier,19/03/2024,732,FALSE,590,RX 6600,Mid,R6000,8,60,2021,329,18,Y,RPG,N
1677110,Lightyear Frontier,19/03/2024,732,FALSE,590,RX 6600,Mid,R6000,8,60,2021,329,18,Y,Strategy,N
1677110,Lightyear Frontier,19/03/2024,732,FALSE,590,RX 6600,Mid,R6000,8,60,2021,329,18,Y,Free To Play,N
1240440,Halo Infinite,15/11/2021,2275,FALSE,279,RX 5700 XT,Mid+,R5000,8,70,2019,399,17,N,Action,Y
1240440,Halo Infinite,15/11/2021,2275,FALSE,279,RX 5700 XT,Mid+,R5000,8,70,2019,399,17,N,Indie,N
1240440,Halo Infinite,15/11/2021,2275,FALSE,279,RX 5700 XT,Mid+,R5000,8,70,2019,399,17,N,Adventure,N
1240440,Halo Infinite,15/11/2021,2275,FALSE,279,RX 5700 XT,Mid+,R5000,8,70,2019,399,17,N,Simulation,N
1240440,Halo Infinite,15/11/2021,2275,FALSE,279,RX 5700 XT,Mid+,R5000,8,70,2019,399,17,N,RPG,N
1240440,Halo Infinite,15/11/2021,2275,FALSE,279,RX 5700 XT,Mid+,R5000,8,70,2019,399,17,N,Strategy,N
1240440,Halo Infinite,15/11/2021,2275,FALSE,279,RX 5700 XT,Mid+,R5000,8,70,2019,399,17,N,Free To Play,Y
2543180,POPUCOM,01/06/2025,4352,FALSE,179,RTX 2060,Mid,GF20,6,60,2019,349,17,N,Action,Y
2543180,POPUCOM,01/06/2025,4352,FALSE,179,RTX 2060,Mid,GF20,6,60,2019,349,17,N,Indie,N
2543180,POPUCOM,01/06/2025,4352,FALSE,179,RTX 2060,Mid,GF20,6,60,2019,349,17,N,Adventure,Y
2543180,POPUCOM,01/06/2025,4352,FALSE,179,RTX 2060,Mid,GF20,6,60,2019,349,17,N,Simulation,N
2543180,POPUCOM,01/06/2025,4352,FALSE,179,RTX 2060,Mid,GF20,6,60,2019,349,17,N,RPG,N
2543180,POPUCOM,01/06/2025,4352,FALSE,179,RTX 2060,Mid,GF20,6,60,2019,349,17,N,Strategy,N
2543180,POPUCOM,01/06/2025,4352,FALSE,179,RTX 2060,Mid,GF20,6,60,2019,349,17,N,Free To Play,N
2358260,Castle Crashers,04/10/2023,445,FALSE,822,GTX 1660 Ti,Mid,GF16,6,50,2019,279,17,N,Action,N
2358260,Castle Crashers,04/10/2023,445,FALSE,822,GTX 1660 Ti,Mid,GF16,6,50,2019,279,17,N,Indie,N
2358260,Castle Crashers,04/10/2023,445,FALSE,822,GTX 1660 Ti,Mid,GF16,6,50,2019,279,17,N,Adventure,N
2358260,Castle Crashers,04/10/2023,445,FALSE,822,GTX 1660 Ti,Mid,GF16,6,50,2019,279,17,N,Simulation,Y
2358260,Castle Crashers,04/10/2023,445,FALSE,822,GTX 1660 Ti,Mid,GF16,6,50,2019,279,17,N,RPG,N
2358260,Castle Crashers,04/10/2023,445,FALSE,822,GTX 1660 Ti,Mid,GF16,6,50,2019,279,17,N,Strategy,N
2358260,Castle Crashers,04/10/2023,445,FALSE,822,GTX 1660 Ti,Mid,GF16,6,50,2019,279,17,N,Free To Play,N
1569580,Blue Prince,10/04/2025,4395,TRUE,177,RX 5700,Mid+,R5000,8,60,2019,349,17,N,Action,N
1569580,Blue Prince,10/04/2025,4395,TRUE,177,RX 5700,Mid+,R5000,8,60,2019,349,17,N,Indie,Y
1569580,Blue Prince,10/04/2025,4395,TRUE,177,RX 5700,Mid+,R5000,8,60,2019,349,17,N,Adventure,Y
1569580,Blue Prince,10/04/2025,4395,TRUE,177,RX 5700,Mid+,R5000,8,60,2019,349,17,N,Simulation,N
1569580,Blue Prince,10/04/2025,4395,TRUE,177,RX 5700,Mid+,R5000,8,60,2019,349,17,N,RPG,N
1569580,Blue Prince,10/04/2025,4395,TRUE,177,RX 5700,Mid+,R5000,8,60,2019,349,17,N,Strategy,Y
1569580,Blue Prince,10/04/2025,4395,TRUE,177,RX 5700,Mid+,R5000,8,60,2019,349,17,N,Free To Play,N
3107230,Pantheon: Rise of the Fallen,13/12/2024,876,FALSE,532,RTX 2060,Mid,GF20,6,60,2019,349,17,N,Action,N
3107230,Pantheon: Rise of the Fallen,13/12/2024,876,FALSE,532,RTX 2060,Mid,GF20,6,60,2019,349,17,N,Indie,Y
3107230,Pantheon: Rise of the Fallen,13/12/2024,876,FALSE,532,RTX 2060,Mid,GF20,6,60,2019,349,17,N,Adventure,Y
3107230,Pantheon: Rise of the Fallen,13/12/2024,876,FALSE,532,RTX 2060,Mid,GF20,6,60,2019,349,17,N,Simulation,N
3107230,Pantheon: Rise of the Fallen,13/12/2024,876,FALSE,532,RTX 2060,Mid,GF20,6,60,2019,349,17,N,RPG,Y
3107230,Pantheon: Rise of the Fallen,13/12/2024,876,FALSE,532,RTX 2060,Mid,GF20,6,60,2019,349,17,N,Strategy,N
3107230,Pantheon: Rise of the Fallen,13/12/2024,876,FALSE,532,RTX 2060,Mid,GF20,6,60,2019,349,17,N,Free To Play,N
261640,Marvel's Midnight Suns,13/10/2014,437,TRUE,830,RX 5700,Mid+,R5000,8,60,2019,349,17,N,Action,Y
261640,Marvel's Midnight Suns,13/10/2014,437,TRUE,830,RX 5700,Mid+,R5000,8,60,2019,349,17,N,Indie,N
261640,Marvel's Midnight Suns,13/10/2014,437,TRUE,830,RX 5700,Mid+,R5000,8,60,2019,349,17,N,Adventure,N
261640,Marvel's Midnight Suns,13/10/2014,437,TRUE,830,RX 5700,Mid+,R5000,8,60,2019,349,17,N,Simulation,N
261640,Marvel's Midnight Suns,13/10/2014,437,TRUE,830,RX 5700,Mid+,R5000,8,60,2019,349,17,N,RPG,Y
261640,Marvel's Midnight Suns,13/10/2014,437,TRUE,830,RX 5700,Mid+,R5000,8,60,2019,349,17,N,Strategy,N
261640,Marvel's Midnight Suns,13/10/2014,437,TRUE,830,RX 5700,Mid+,R5000,8,60,2019,349,17,N,Free To Play,N
553850,HELLDIVERS 2,08/02/2024,53399,FALSE,15,RTX 2060,Mid,GF20,6,60,2019,349,17,N,Action,Y
553850,HELLDIVERS 2,08/02/2024,53399,FALSE,15,RTX 2060,Mid,GF20,6,60,2019,349,17,N,Indie,N
553850,HELLDIVERS 2,08/02/2024,53399,FALSE,15,RTX 2060,Mid,GF20,6,60,2019,349,17,N,Adventure,N
553850,HELLDIVERS 2,08/02/2024,53399,FALSE,15,RTX 2060,Mid,GF20,6,60,2019,349,17,N,Simulation,N
553850,HELLDIVERS 2,08/02/2024,53399,FALSE,15,RTX 2060,Mid,GF20,6,60,2019,349,17,N,RPG,N
553850,HELLDIVERS 2,08/02/2024,53399,FALSE,15,RTX 2060,Mid,GF20,6,60,2019,349,17,N,Strategy,N
553850,HELLDIVERS 2,08/02/2024,53399,FALSE,15,RTX 2060,Mid,GF20,6,60,2019,349,17,N,Free To Play,N
1326470,Sons Of The Forest,22/02/2024,4450,FALSE,173,RX 5700 XT,Mid+,R5000,8,70,2019,399,17,N,Action,Y
1326470,Sons Of The Forest,22/02/2024,4450,FALSE,173,RX 5700 XT,Mid+,R5000,8,70,2019,399,17,N,Indie,Y
1326470,Sons Of The Forest,22/02/2024,4450,FALSE,173,RX 5700 XT,Mid+,R5000,8,70,2019,399,17,N,Adventure,Y
1326470,Sons Of The Forest,22/02/2024,4450,FALSE,173,RX 5700 XT,Mid+,R5000,8,70,2019,399,17,N,Simulation,Y
1326470,Sons Of The Forest,22/02/2024,4450,FALSE,173,RX 5700 XT,Mid+,R5000,8,70,2019,399,17,N,RPG,N
1326470,Sons Of The Forest,22/02/2024,4450,FALSE,173,RX 5700 XT,Mid+,R5000,8,70,2019,399,17,N,Strategy,N
1326470,Sons Of The Forest,22/02/2024,4450,FALSE,173,RX 5700 XT,Mid+,R5000,8,70,2019,399,17,N,Free To Play,N
2767030,Marvel Rivals,05/12/2024,106611,FALSE,8,RTX 2060,Mid,GF20,6,60,2019,349,17,N,Action,Y
2767030,Marvel Rivals,05/12/2024,106611,FALSE,8,RTX 2060,Mid,GF20,6,60,2019,349,17,N,Indie,N
2767030,Marvel Rivals,05/12/2024,106611,FALSE,8,RTX 2060,Mid,GF20,6,60,2019,349,17,N,Adventure,N
2767030,Marvel Rivals,05/12/2024,106611,FALSE,8,RTX 2060,Mid,GF20,6,60,2019,349,17,N,Simulation,N
2767030,Marvel Rivals,05/12/2024,106611,FALSE,8,RTX 2060,Mid,GF20,6,60,2019,349,17,N,RPG,N
2767030,Marvel Rivals,05/12/2024,106611,FALSE,8,RTX 2060,Mid,GF20,6,60,2019,349,17,N,Strategy,N
2767030,Marvel Rivals,05/12/2024,106611,FALSE,8,RTX 2060,Mid,GF20,6,60,2019,349,17,N,Free To Play,Y
1170950,The Ranch of Rivershine,25/01/2022,440,FALSE,827,RTX 2060,Mid,GF20,6,60,2019,349,17,N,Action,Y
1170950,The Ranch of Rivershine,25/01/2022,440,FALSE,827,RTX 2060,Mid,GF20,6,60,2019,349,17,N,Indie,Y
1170950,The Ranch of Rivershine,25/01/2022,440,FALSE,827,RTX 2060,Mid,GF20,6,60,2019,349,17,N,Adventure,N
1170950,The Ranch of Rivershine,25/01/2022,440,FALSE,827,RTX 2060,Mid,GF20,6,60,2019,349,17,N,Simulation,N
1170950,The Ranch of Rivershine,25/01/2022,440,FALSE,827,RTX 2060,Mid,GF20,6,60,2019,349,17,N,RPG,Y
1170950,The Ranch of Rivershine,25/01/2022,440,FALSE,827,RTX 2060,Mid,GF20,6,60,2019,349,17,N,Strategy,N
1170950,The Ranch of Rivershine,25/01/2022,440,FALSE,827,RTX 2060,Mid,GF20,6,60,2019,349,17,N,Free To Play,N
3498270,Ultimate Chicken Horse,16/05/2025,351,FALSE,942,RTX 2060,Mid,GF20,6,60,2019,349,17,N,Action,N
3498270,Ultimate Chicken Horse,16/05/2025,351,FALSE,942,RTX 2060,Mid,GF20,6,60,2019,349,17,N,Indie,Y
3498270,Ultimate Chicken Horse,16/05/2025,351,FALSE,942,RTX 2060,Mid,GF20,6,60,2019,349,17,N,Adventure,N
3498270,Ultimate Chicken Horse,16/05/2025,351,FALSE,942,RTX 2060,Mid,GF20,6,60,2019,349,17,N,Simulation,Y
3498270,Ultimate Chicken Horse,16/05/2025,351,FALSE,942,RTX 2060,Mid,GF20,6,60,2019,349,17,N,RPG,N
3498270,Ultimate Chicken Horse,16/05/2025,351,FALSE,942,RTX 2060,Mid,GF20,6,60,2019,349,17,N,Strategy,N
3498270,Ultimate Chicken Horse,16/05/2025,351,FALSE,942,RTX 2060,Mid,GF20,6,60,2019,349,17,N,Free To Play,N
1282100,REMNANT II,25/07/2023,1573,FALSE,358,RTX 2060,Mid,GF20,6,60,2019,349,17,N,Action,Y
1282100,REMNANT II,25/07/2023,1573,FALSE,358,RTX 2060,Mid,GF20,6,60,2019,349,17,N,Indie,N
1282100,REMNANT II,25/07/2023,1573,FALSE,358,RTX 2060,Mid,GF20,6,60,2019,349,17,N,Adventure,Y
1282100,REMNANT II,25/07/2023,1573,FALSE,358,RTX 2060,Mid,GF20,6,60,2019,349,17,N,Simulation,N
1282100,REMNANT II,25/07/2023,1573,FALSE,358,RTX 2060,Mid,GF20,6,60,2019,349,17,N,RPG,Y
1282100,REMNANT II,25/07/2023,1573,FALSE,358,RTX 2060,Mid,GF20,6,60,2019,349,17,N,Strategy,N
1282100,REMNANT II,25/07/2023,1573,FALSE,358,RTX 2060,Mid,GF20,6,60,2019,349,17,N,Free To Play,N
2215430,Ghost of Tsushima DIRECTOR'S CUT,16/05/2024,2025,FALSE,302,RTX 2060,Mid,GF20,6,60,2019,349,17,N,Action,Y
2215430,Ghost of Tsushima DIRECTOR'S CUT,16/05/2024,2025,FALSE,302,RTX 2060,Mid,GF20,6,60,2019,349,17,N,Indie,N
2215430,Ghost of Tsushima DIRECTOR'S CUT,16/05/2024,2025,FALSE,302,RTX 2060,Mid,GF20,6,60,2019,349,17,N,Adventure,Y
2215430,Ghost of Tsushima DIRECTOR'S CUT,16/05/2024,2025,FALSE,302,RTX 2060,Mid,GF20,6,60,2019,349,17,N,Simulation,N
2215430,Ghost of Tsushima DIRECTOR'S CUT,16/05/2024,2025,FALSE,302,RTX 2060,Mid,GF20,6,60,2019,349,17,N,RPG,N
2215430,Ghost of Tsushima DIRECTOR'S CUT,16/05/2024,2025,FALSE,302,RTX 2060,Mid,GF20,6,60,2019,349,17,N,Strategy,N
2215430,Ghost of Tsushima DIRECTOR'S CUT,16/05/2024,2025,FALSE,302,RTX 2060,Mid,GF20,6,60,2019,349,17,N,Free To Play,N
1086940,Baldur's Gate 3,03/08/2023,54771,TRUE,14,RX 5700 XT,Mid+,R5000,8,70,2019,399,17,N,Action,N
1086940,Baldur's Gate 3,03/08/2023,54771,TRUE,14,RX 5700 XT,Mid+,R5000,8,70,2019,399,17,N,Indie,N
1086940,Baldur's Gate 3,03/08/2023,54771,TRUE,14,RX 5700 XT,Mid+,R5000,8,70,2019,399,17,N,Adventure,Y
1086940,Baldur's Gate 3,03/08/2023,54771,TRUE,14,RX 5700 XT,Mid+,R5000,8,70,2019,399,17,N,Simulation,N
1086940,Baldur's Gate 3,03/08/2023,54771,TRUE,14,RX 5700 XT,Mid+,R5000,8,70,2019,399,17,N,RPG,Y
1086940,Baldur's Gate 3,03/08/2023,54771,TRUE,14,RX 5700 XT,Mid+,R5000,8,70,2019,399,17,N,Strategy,Y
1086940,Baldur's Gate 3,03/08/2023,54771,TRUE,14,RX 5700 XT,Mid+,R5000,8,70,2019,399,17,N,Free To Play,N
3097560,Automobilista 2,02/10/2024,605,FALSE,671,RTX 2060,Mid,GF20,6,60,2019,349,17,N,Action,N
3097560,Automobilista 2,02/10/2024,605,FALSE,671,RTX 2060,Mid,GF20,6,60,2019,349,17,N,Indie,Y
3097560,Automobilista 2,02/10/2024,605,FALSE,671,RTX 2060,Mid,GF20,6,60,2019,349,17,N,Adventure,N
3097560,Automobilista 2,02/10/2024,605,FALSE,671,RTX 2060,Mid,GF20,6,60,2019,349,17,N,Simulation,Y
3097560,Automobilista 2,02/10/2024,605,FALSE,671,RTX 2060,Mid,GF20,6,60,2019,349,17,N,RPG,N
3097560,Automobilista 2,02/10/2024,605,FALSE,671,RTX 2060,Mid,GF20,6,60,2019,349,17,N,Strategy,Y
3097560,Automobilista 2,02/10/2024,605,FALSE,671,RTX 2060,Mid,GF20,6,60,2019,349,17,N,Free To Play,N
1601580,Idle Wizard,20/09/2024,525,TRUE,740,RX 5700,Mid+,R5000,8,60,2019,349,17,N,Action,N
1601580,Idle Wizard,20/09/2024,525,TRUE,740,RX 5700,Mid+,R5000,8,60,2019,349,17,N,Indie,N
1601580,Idle Wizard,20/09/2024,525,TRUE,740,RX 5700,Mid+,R5000,8,60,2019,349,17,N,Adventure,N
1601580,Idle Wizard,20/09/2024,525,TRUE,740,RX 5700,Mid+,R5000,8,60,2019,349,17,N,Simulation,Y
1601580,Idle Wizard,20/09/2024,525,TRUE,740,RX 5700,Mid+,R5000,8,60,2019,349,17,N,RPG,N
1601580,Idle Wizard,20/09/2024,525,TRUE,740,RX 5700,Mid+,R5000,8,60,2019,349,17,N,Strategy,Y
1601580,Idle Wizard,20/09/2024,525,TRUE,740,RX 5700,Mid+,R5000,8,60,2019,349,17,N,Free To Play,N
1888930,The Last of Us Part I,28/03/2023,4144,FALSE,184,RX 5700 XT,Mid+,R5000,8,70,2019,399,17,N,Action,Y
1888930,The Last of Us Part I,28/03/2023,4144,FALSE,184,RX 5700 XT,Mid+,R5000,8,70,2019,399,17,N,Indie,N
1888930,The Last of Us Part I,28/03/2023,4144,FALSE,184,RX 5700 XT,Mid+,R5000,8,70,2019,399,17,N,Adventure,Y
1888930,The Last of Us Part I,28/03/2023,4144,FALSE,184,RX 5700 XT,Mid+,R5000,8,70,2019,399,17,N,Simulation,N
1888930,The Last of Us Part I,28/03/2023,4144,FALSE,184,RX 5700 XT,Mid+,R5000,8,70,2019,399,17,N,RPG,N
1888930,The Last of Us Part I,28/03/2023,4144,FALSE,184,RX 5700 XT,Mid+,R5000,8,70,2019,399,17,N,Strategy,N
1888930,The Last of Us Part I,28/03/2023,4144,FALSE,184,RX 5700 XT,Mid+,R5000,8,70,2019,399,17,N,Free To Play,N
739630,Phasmophobia,18/09/2020,9978,FALSE,96,RTX 2060,Mid,GF20,6,60,2019,349,17,N,Action,Y
739630,Phasmophobia,18/09/2020,9978,FALSE,96,RTX 2060,Mid,GF20,6,60,2019,349,17,N,Indie,Y
739630,Phasmophobia,18/09/2020,9978,FALSE,96,RTX 2060,Mid,GF20,6,60,2019,349,17,N,Adventure,N
739630,Phasmophobia,18/09/2020,9978,FALSE,96,RTX 2060,Mid,GF20,6,60,2019,349,17,N,Simulation,N
739630,Phasmophobia,18/09/2020,9978,FALSE,96,RTX 2060,Mid,GF20,6,60,2019,349,17,N,RPG,N
739630,Phasmophobia,18/09/2020,9978,FALSE,96,RTX 2060,Mid,GF20,6,60,2019,349,17,N,Strategy,N
739630,Phasmophobia,18/09/2020,9978,FALSE,96,RTX 2060,Mid,GF20,6,60,2019,349,17,N,Free To Play,N
2358720,Black Myth: Wukong,19/08/2024,15004,FALSE,66,RTX 2060,Mid,GF20,6,60,2019,349,17,N,Action,Y
2358720,Black Myth: Wukong,19/08/2024,15004,FALSE,66,RTX 2060,Mid,GF20,6,60,2019,349,17,N,Indie,N
2358720,Black Myth: Wukong,19/08/2024,15004,FALSE,66,RTX 2060,Mid,GF20,6,60,2019,349,17,N,Adventure,Y
2358720,Black Myth: Wukong,19/08/2024,15004,FALSE,66,RTX 2060,Mid,GF20,6,60,2019,349,17,N,Simulation,N
2358720,Black Myth: Wukong,19/08/2024,15004,FALSE,66,RTX 2060,Mid,GF20,6,60,2019,349,17,N,RPG,Y
2358720,Black Myth: Wukong,19/08/2024,15004,FALSE,66,RTX 2060,Mid,GF20,6,60,2019,349,17,N,Strategy,N
2358720,Black Myth: Wukong,19/08/2024,15004,FALSE,66,RTX 2060,Mid,GF20,6,60,2019,349,17,N,Free To Play,N
2694490,Path of Exile 2,06/12/2024,16727,FALSE,59,RTX 2060,Mid,GF20,6,60,2019,349,17,N,Action,Y
2694490,Path of Exile 2,06/12/2024,16727,FALSE,59,RTX 2060,Mid,GF20,6,60,2019,349,17,N,Indie,N
2694490,Path of Exile 2,06/12/2024,16727,FALSE,59,RTX 2060,Mid,GF20,6,60,2019,349,17,N,Adventure,Y
2694490,Path of Exile 2,06/12/2024,16727,FALSE,59,RTX 2060,Mid,GF20,6,60,2019,349,17,N,Simulation,N
2694490,Path of Exile 2,06/12/2024,16727,FALSE,59,RTX 2060,Mid,GF20,6,60,2019,349,17,N,RPG,Y
2694490,Path of Exile 2,06/12/2024,16727,FALSE,59,RTX 2060,Mid,GF20,6,60,2019,349,17,N,Strategy,N
2694490,Path of Exile 2,06/12/2024,16727,FALSE,59,RTX 2060,Mid,GF20,6,60,2019,349,17,N,Free To Play,N
1520470,Chill Pulse,29/03/2021,656,FALSE,631,RTX 2060,Mid,GF20,6,60,2019,349,17,N,Action,Y
1520470,Chill Pulse,29/03/2021,656,FALSE,631,RTX 2060,Mid,GF20,6,60,2019,349,17,N,Indie,N
1520470,Chill Pulse,29/03/2021,656,FALSE,631,RTX 2060,Mid,GF20,6,60,2019,349,17,N,Adventure,Y
1520470,Chill Pulse,29/03/2021,656,FALSE,631,RTX 2060,Mid,GF20,6,60,2019,349,17,N,Simulation,N
1520470,Chill Pulse,29/03/2021,656,FALSE,631,RTX 2060,Mid,GF20,6,60,2019,349,17,N,RPG,Y
1520470,Chill Pulse,29/03/2021,656,FALSE,631,RTX 2060,Mid,GF20,6,60,2019,349,17,N,Strategy,Y
1520470,Chill Pulse,29/03/2021,656,FALSE,631,RTX 2060,Mid,GF20,6,60,2019,349,17,N,Free To Play,Y
1063420,SILENT HILL 2,25/11/2024,514,FALSE,750,RX 5700,Mid+,R5000,8,60,2019,349,17,N,Action,Y
1063420,SILENT HILL 2,25/11/2024,514,FALSE,750,RX 5700,Mid+,R5000,8,60,2019,349,17,N,Indie,N
1063420,SILENT HILL 2,25/11/2024,514,FALSE,750,RX 5700,Mid+,R5000,8,60,2019,349,17,N,Adventure,Y
1063420,SILENT HILL 2,25/11/2024,514,FALSE,750,RX 5700,Mid+,R5000,8,60,2019,349,17,N,Simulation,N
1063420,SILENT HILL 2,25/11/2024,514,FALSE,750,RX 5700,Mid+,R5000,8,60,2019,349,17,N,RPG,N
1063420,SILENT HILL 2,25/11/2024,514,FALSE,750,RX 5700,Mid+,R5000,8,60,2019,349,17,N,Strategy,N
1063420,SILENT HILL 2,25/11/2024,514,FALSE,750,RX 5700,Mid+,R5000,8,60,2019,349,17,N,Free To Play,N
2072450,Sun Haven,25/01/2024,655,FALSE,632,RTX 2060,Mid,GF20,6,60,2019,349,17,N,Action,Y
2072450,Sun Haven,25/01/2024,655,FALSE,632,RTX 2060,Mid,GF20,6,60,2019,349,17,N,Indie,N
2072450,Sun Haven,25/01/2024,655,FALSE,632,RTX 2060,Mid,GF20,6,60,2019,349,17,N,Adventure,Y
2072450,Sun Haven,25/01/2024,655,FALSE,632,RTX 2060,Mid,GF20,6,60,2019,349,17,N,Simulation,N
2072450,Sun Haven,25/01/2024,655,FALSE,632,RTX 2060,Mid,GF20,6,60,2019,349,17,N,RPG,Y
2072450,Sun Haven,25/01/2024,655,FALSE,632,RTX 2060,Mid,GF20,6,60,2019,349,17,N,Strategy,N
2072450,Sun Haven,25/01/2024,655,FALSE,632,RTX 2060,Mid,GF20,6,60,2019,349,17,N,Free To Play,N
39210,FINAL FANTASY XIV Online,18/02/2014,19824,FALSE,49,RTX 2060,Mid,GF20,6,60,2019,349,17,N,Action,N
39210,FINAL FANTASY XIV Online,18/02/2014,19824,FALSE,49,RTX 2060,Mid,GF20,6,60,2019,349,17,N,Indie,N
39210,FINAL FANTASY XIV Online,18/02/2014,19824,FALSE,49,RTX 2060,Mid,GF20,6,60,2019,349,17,N,Adventure,N
39210,FINAL FANTASY XIV Online,18/02/2014,19824,FALSE,49,RTX 2060,Mid,GF20,6,60,2019,349,17,N,Simulation,N
39210,FINAL FANTASY XIV Online,18/02/2014,19824,FALSE,49,RTX 2060,Mid,GF20,6,60,2019,349,17,N,RPG,Y
39210,FINAL FANTASY XIV Online,18/02/2014,19824,FALSE,49,RTX 2060,Mid,GF20,6,60,2019,349,17,N,Strategy,N
39210,FINAL FANTASY XIV Online,18/02/2014,19824,FALSE,49,RTX 2060,Mid,GF20,6,60,2019,349,17,N,Free To Play,N
756800,Cubic Odyssey,08/03/2023,429,FALSE,842,RTX 2060,Mid,GF20,6,60,2019,349,17,N,Action,Y
756800,Cubic Odyssey,08/03/2023,429,FALSE,842,RTX 2060,Mid,GF20,6,60,2019,349,17,N,Indie,N
756800,Cubic Odyssey,08/03/2023,429,FALSE,842,RTX 2060,Mid,GF20,6,60,2019,349,17,N,Adventure,Y
756800,Cubic Odyssey,08/03/2023,429,FALSE,842,RTX 2060,Mid,GF20,6,60,2019,349,17,N,Simulation,Y
756800,Cubic Odyssey,08/03/2023,429,FALSE,842,RTX 2060,Mid,GF20,6,60,2019,349,17,N,RPG,N
756800,Cubic Odyssey,08/03/2023,429,FALSE,842,RTX 2060,Mid,GF20,6,60,2019,349,17,N,Strategy,N
756800,Cubic Odyssey,08/03/2023,429,FALSE,842,RTX 2060,Mid,GF20,6,60,2019,349,17,N,Free To Play,N
2163330,Yakuza: Like a Dragon,13/07/2023,472,FALSE,800,RTX 2060,Mid,GF20,6,60,2019,349,17,N,Action,Y
2163330,Yakuza: Like a Dragon,13/07/2023,472,FALSE,800,RTX 2060,Mid,GF20,6,60,2019,349,17,N,Indie,Y
2163330,Yakuza: Like a Dragon,13/07/2023,472,FALSE,800,RTX 2060,Mid,GF20,6,60,2019,349,17,N,Adventure,N
2163330,Yakuza: Like a Dragon,13/07/2023,472,FALSE,800,RTX 2060,Mid,GF20,6,60,2019,349,17,N,Simulation,N
2163330,Yakuza: Like a Dragon,13/07/2023,472,FALSE,800,RTX 2060,Mid,GF20,6,60,2019,349,17,N,RPG,Y
2163330,Yakuza: Like a Dragon,13/07/2023,472,FALSE,800,RTX 2060,Mid,GF20,6,60,2019,349,17,N,Strategy,N
2163330,Yakuza: Like a Dragon,13/07/2023,472,FALSE,800,RTX 2060,Mid,GF20,6,60,2019,349,17,N,Free To Play,N
2050650,Resident Evil 4,23/03/2023,3748,FALSE,192,RX 5700,Mid+,R5000,8,60,2019,349,17,N,Action,Y
2050650,Resident Evil 4,23/03/2023,3748,FALSE,192,RX 5700,Mid+,R5000,8,60,2019,349,17,N,Indie,N
2050650,Resident Evil 4,23/03/2023,3748,FALSE,192,RX 5700,Mid+,R5000,8,60,2019,349,17,N,Adventure,Y
2050650,Resident Evil 4,23/03/2023,3748,FALSE,192,RX 5700,Mid+,R5000,8,60,2019,349,17,N,Simulation,N
2050650,Resident Evil 4,23/03/2023,3748,FALSE,192,RX 5700,Mid+,R5000,8,60,2019,349,17,N,RPG,N
2050650,Resident Evil 4,23/03/2023,3748,FALSE,192,RX 5700,Mid+,R5000,8,60,2019,349,17,N,Strategy,N
2050650,Resident Evil 4,23/03/2023,3748,FALSE,192,RX 5700,Mid+,R5000,8,60,2019,349,17,N,Free To Play,N
1029690,Sniper Elite 5,25/05/2022,1538,FALSE,365,RTX 2060,Mid,GF20,6,60,2019,349,17,N,Action,Y
1029690,Sniper Elite 5,25/05/2022,1538,FALSE,365,RTX 2060,Mid,GF20,6,60,2019,349,17,N,Indie,N
1029690,Sniper Elite 5,25/05/2022,1538,FALSE,365,RTX 2060,Mid,GF20,6,60,2019,349,17,N,Adventure,Y
1029690,Sniper Elite 5,25/05/2022,1538,FALSE,365,RTX 2060,Mid,GF20,6,60,2019,349,17,N,Simulation,N
1029690,Sniper Elite 5,25/05/2022,1538,FALSE,365,RTX 2060,Mid,GF20,6,60,2019,349,17,N,RPG,N
1029690,Sniper Elite 5,25/05/2022,1538,FALSE,365,RTX 2060,Mid,GF20,6,60,2019,349,17,N,Strategy,N
1029690,Sniper Elite 5,25/05/2022,1538,FALSE,365,RTX 2060,Mid,GF20,6,60,2019,349,17,N,Free To Play,N
1588010,Roboquest,13/10/2022,430,FALSE,840,RX 5700 XT,Mid+,R5000,8,70,2019,399,17,N,Action,N
1588010,Roboquest,13/10/2022,430,FALSE,840,RX 5700 XT,Mid+,R5000,8,70,2019,399,17,N,Indie,N
1588010,Roboquest,13/10/2022,430,FALSE,840,RX 5700 XT,Mid+,R5000,8,70,2019,399,17,N,Adventure,N
1588010,Roboquest,13/10/2022,430,FALSE,840,RX 5700 XT,Mid+,R5000,8,70,2019,399,17,N,Simulation,Y
1588010,Roboquest,13/10/2022,430,FALSE,840,RX 5700 XT,Mid+,R5000,8,70,2019,399,17,N,RPG,Y
1588010,Roboquest,13/10/2022,430,FALSE,840,RX 5700 XT,Mid+,R5000,8,70,2019,399,17,N,Strategy,N
1588010,Roboquest,13/10/2022,430,FALSE,840,RX 5700 XT,Mid+,R5000,8,70,2019,399,17,N,Free To Play,N
1239080,Red Dead Redemption,10/02/2025,505,TRUE,763,RX 5700 XT,Mid+,R5000,8,70,2019,399,17,N,Action,Y
1239080,Red Dead Redemption,10/02/2025,505,TRUE,763,RX 5700 XT,Mid+,R5000,8,70,2019,399,17,N,Indie,Y
1239080,Red Dead Redemption,10/02/2025,505,TRUE,763,RX 5700 XT,Mid+,R5000,8,70,2019,399,17,N,Adventure,N
1239080,Red Dead Redemption,10/02/2025,505,TRUE,763,RX 5700 XT,Mid+,R5000,8,70,2019,399,17,N,Simulation,Y
1239080,Red Dead Redemption,10/02/2025,505,TRUE,763,RX 5700 XT,Mid+,R5000,8,70,2019,399,17,N,RPG,N
1239080,Red Dead Redemption,10/02/2025,505,TRUE,763,RX 5700 XT,Mid+,R5000,8,70,2019,399,17,N,Strategy,Y
1239080,Red Dead Redemption,10/02/2025,505,TRUE,763,RX 5700 XT,Mid+,R5000,8,70,2019,399,17,N,Free To Play,N
368260,Maltese's Fluffy Onsen,01/12/2022,436,FALSE,832,RX 5700,Mid+,R5000,8,60,2019,349,17,N,Action,N
368260,Maltese's Fluffy Onsen,01/12/2022,436,FALSE,832,RX 5700,Mid+,R5000,8,60,2019,349,17,N,Indie,N
368260,Maltese's Fluffy Onsen,01/12/2022,436,FALSE,832,RX 5700,Mid+,R5000,8,60,2019,349,17,N,Adventure,N
368260,Maltese's Fluffy Onsen,01/12/2022,436,FALSE,832,RX 5700,Mid+,R5000,8,60,2019,349,17,N,Simulation,N
368260,Maltese's Fluffy Onsen,01/12/2022,436,FALSE,832,RX 5700,Mid+,R5000,8,60,2019,349,17,N,RPG,Y
368260,Maltese's Fluffy Onsen,01/12/2022,436,FALSE,832,RX 5700,Mid+,R5000,8,60,2019,349,17,N,Strategy,Y
368260,Maltese's Fluffy Onsen,01/12/2022,436,FALSE,832,RX 5700,Mid+,R5000,8,60,2019,349,17,N,Free To Play,N
410340,Beat Saber,13/09/2018,423,TRUE,856,RTX 2060,Mid,GF20,6,60,2019,349,17,N,Action,N
410340,Beat Saber,13/09/2018,423,TRUE,856,RTX 2060,Mid,GF20,6,60,2019,349,17,N,Indie,Y
410340,Beat Saber,13/09/2018,423,TRUE,856,RTX 2060,Mid,GF20,6,60,2019,349,17,N,Adventure,N
410340,Beat Saber,13/09/2018,423,TRUE,856,RTX 2060,Mid,GF20,6,60,2019,349,17,N,Simulation,Y
410340,Beat Saber,13/09/2018,423,TRUE,856,RTX 2060,Mid,GF20,6,60,2019,349,17,N,RPG,N
410340,Beat Saber,13/09/2018,423,TRUE,856,RTX 2060,Mid,GF20,6,60,2019,349,17,N,Strategy,N
410340,Beat Saber,13/09/2018,423,TRUE,856,RTX 2060,Mid,GF20,6,60,2019,349,17,N,Free To Play,N
359550,Tom Clancy's Rainbow Six Siege X,01/12/2015,51847,FALSE,16,RTX 2060,Mid,GF20,6,60,2019,349,17,N,Action,Y
359550,Tom Clancy's Rainbow Six Siege X,01/12/2015,51847,FALSE,16,RTX 2060,Mid,GF20,6,60,2019,349,17,N,Indie,N
359550,Tom Clancy's Rainbow Six Siege X,01/12/2015,51847,FALSE,16,RTX 2060,Mid,GF20,6,60,2019,349,17,N,Adventure,N
359550,Tom Clancy's Rainbow Six Siege X,01/12/2015,51847,FALSE,16,RTX 2060,Mid,GF20,6,60,2019,349,17,N,Simulation,N
359550,Tom Clancy's Rainbow Six Siege X,01/12/2015,51847,FALSE,16,RTX 2060,Mid,GF20,6,60,2019,349,17,N,RPG,N
359550,Tom Clancy's Rainbow Six Siege X,01/12/2015,51847,FALSE,16,RTX 2060,Mid,GF20,6,60,2019,349,17,N,Strategy,N
359550,Tom Clancy's Rainbow Six Siege X,01/12/2015,51847,FALSE,16,RTX 2060,Mid,GF20,6,60,2019,349,17,N,Free To Play,Y
1142710,Total War: WARHAMMER III,16/02/2022,16842,TRUE,58,GTX 1660 Ti,Mid,GF16,6,50,2019,279,17,N,Action,Y
1142710,Total War: WARHAMMER III,16/02/2022,16842,TRUE,58,GTX 1660 Ti,Mid,GF16,6,50,2019,279,17,N,Indie,N
1142710,Total War: WARHAMMER III,16/02/2022,16842,TRUE,58,GTX 1660 Ti,Mid,GF16,6,50,2019,279,17,N,Adventure,N
1142710,Total War: WARHAMMER III,16/02/2022,16842,TRUE,58,GTX 1660 Ti,Mid,GF16,6,50,2019,279,17,N,Simulation,N
1142710,Total War: WARHAMMER III,16/02/2022,16842,TRUE,58,GTX 1660 Ti,Mid,GF16,6,50,2019,279,17,N,RPG,N
1142710,Total War: WARHAMMER III,16/02/2022,16842,TRUE,58,GTX 1660 Ti,Mid,GF16,6,50,2019,279,17,N,Strategy,Y
1142710,Total War: WARHAMMER III,16/02/2022,16842,TRUE,58,GTX 1660 Ti,Mid,GF16,6,50,2019,279,17,N,Free To Play,N
1536610,Cricket 24,01/04/2021,445,TRUE,822,GTX 1660 Ti,Mid,GF16,6,50,2019,279,17,N,Action,N
1536610,Cricket 24,01/04/2021,445,TRUE,822,GTX 1660 Ti,Mid,GF16,6,50,2019,279,17,N,Indie,Y
1536610,Cricket 24,01/04/2021,445,TRUE,822,GTX 1660 Ti,Mid,GF16,6,50,2019,279,17,N,Adventure,N
1536610,Cricket 24,01/04/2021,445,TRUE,822,GTX 1660 Ti,Mid,GF16,6,50,2019,279,17,N,Simulation,Y
1536610,Cricket 24,01/04/2021,445,TRUE,822,GTX 1660 Ti,Mid,GF16,6,50,2019,279,17,N,RPG,N
1536610,Cricket 24,01/04/2021,445,TRUE,822,GTX 1660 Ti,Mid,GF16,6,50,2019,279,17,N,Strategy,N
1536610,Cricket 24,01/04/2021,445,TRUE,822,GTX 1660 Ti,Mid,GF16,6,50,2019,279,17,N,Free To Play,Y
990080,Hogwarts Legacy,10/02/2023,5716,FALSE,140,RX 5700 XT,Mid+,R5000,8,70,2019,399,17,N,Action,Y
990080,Hogwarts Legacy,10/02/2023,5716,FALSE,140,RX 5700 XT,Mid+,R5000,8,70,2019,399,17,N,Indie,N
990080,Hogwarts Legacy,10/02/2023,5716,FALSE,140,RX 5700 XT,Mid+,R5000,8,70,2019,399,17,N,Adventure,Y
990080,Hogwarts Legacy,10/02/2023,5716,FALSE,140,RX 5700 XT,Mid+,R5000,8,70,2019,399,17,N,Simulation,N
990080,Hogwarts Legacy,10/02/2023,5716,FALSE,140,RX 5700 XT,Mid+,R5000,8,70,2019,399,17,N,RPG,Y
990080,Hogwarts Legacy,10/02/2023,5716,FALSE,140,RX 5700 XT,Mid+,R5000,8,70,2019,399,17,N,Strategy,N
990080,Hogwarts Legacy,10/02/2023,5716,FALSE,140,RX 5700 XT,Mid+,R5000,8,70,2019,399,17,N,Free To Play,N
205710,Lootun,13/12/2012,456,FALSE,811,RTX 2060,Mid,GF20,6,60,2019,349,17,N,Action,N
205710,Lootun,13/12/2012,456,FALSE,811,RTX 2060,Mid,GF20,6,60,2019,349,17,N,Indie,N
205710,Lootun,13/12/2012,456,FALSE,811,RTX 2060,Mid,GF20,6,60,2019,349,17,N,Adventure,N
205710,Lootun,13/12/2012,456,FALSE,811,RTX 2060,Mid,GF20,6,60,2019,349,17,N,Simulation,N
205710,Lootun,13/12/2012,456,FALSE,811,RTX 2060,Mid,GF20,6,60,2019,349,17,N,RPG,Y
205710,Lootun,13/12/2012,456,FALSE,811,RTX 2060,Mid,GF20,6,60,2019,349,17,N,Strategy,N
205710,Lootun,13/12/2012,456,FALSE,811,RTX 2060,Mid,GF20,6,60,2019,349,17,N,Free To Play,Y
1295660,Sid Meier's Civilization VII,10/02/2025,5931,TRUE,137,RTX 2060,Mid,GF20,6,60,2019,349,17,N,Action,N
1295660,Sid Meier's Civilization VII,10/02/2025,5931,TRUE,137,RTX 2060,Mid,GF20,6,60,2019,349,17,N,Indie,N
1295660,Sid Meier's Civilization VII,10/02/2025,5931,TRUE,137,RTX 2060,Mid,GF20,6,60,2019,349,17,N,Adventure,N
1295660,Sid Meier's Civilization VII,10/02/2025,5931,TRUE,137,RTX 2060,Mid,GF20,6,60,2019,349,17,N,Simulation,Y
1295660,Sid Meier's Civilization VII,10/02/2025,5931,TRUE,137,RTX 2060,Mid,GF20,6,60,2019,349,17,N,RPG,N
1295660,Sid Meier's Civilization VII,10/02/2025,5931,TRUE,137,RTX 2060,Mid,GF20,6,60,2019,349,17,N,Strategy,Y
1295660,Sid Meier's Civilization VII,10/02/2025,5931,TRUE,137,RTX 2060,Mid,GF20,6,60,2019,349,17,N,Free To Play,N
2967990,Axis & Allies 1942 Online,17/09/2024,581,FALSE,694,RTX 2060,Mid,GF20,6,60,2019,349,17,N,Action,N
2967990,Axis & Allies 1942 Online,17/09/2024,581,FALSE,694,RTX 2060,Mid,GF20,6,60,2019,349,17,N,Indie,N
2967990,Axis & Allies 1942 Online,17/09/2024,581,FALSE,694,RTX 2060,Mid,GF20,6,60,2019,349,17,N,Adventure,N
2967990,Axis & Allies 1942 Online,17/09/2024,581,FALSE,694,RTX 2060,Mid,GF20,6,60,2019,349,17,N,Simulation,Y
2967990,Axis & Allies 1942 Online,17/09/2024,581,FALSE,694,RTX 2060,Mid,GF20,6,60,2019,349,17,N,RPG,N
2967990,Axis & Allies 1942 Online,17/09/2024,581,FALSE,694,RTX 2060,Mid,GF20,6,60,2019,349,17,N,Strategy,N
2967990,Axis & Allies 1942 Online,17/09/2024,581,FALSE,694,RTX 2060,Mid,GF20,6,60,2019,349,17,N,Free To Play,N
1145350,Hades II,25/09/2025,1838,TRUE,316,RTX 2060,Mid,GF20,6,60,2019,349,17,N,Action,Y
1145350,Hades II,25/09/2025,1838,TRUE,316,RTX 2060,Mid,GF20,6,60,2019,349,17,N,Indie,Y
1145350,Hades II,25/09/2025,1838,TRUE,316,RTX 2060,Mid,GF20,6,60,2019,349,17,N,Adventure,N
1145350,Hades II,25/09/2025,1838,TRUE,316,RTX 2060,Mid,GF20,6,60,2019,349,17,N,Simulation,N
1145350,Hades II,25/09/2025,1838,TRUE,316,RTX 2060,Mid,GF20,6,60,2019,349,17,N,RPG,Y
1145350,Hades II,25/09/2025,1838,TRUE,316,RTX 2060,Mid,GF20,6,60,2019,349,17,N,Strategy,N
1145350,Hades II,25/09/2025,1838,TRUE,316,RTX 2060,Mid,GF20,6,60,2019,349,17,N,Free To Play,N
1462040,FINAL FANTASY VII REMAKE INTERGRADE,17/06/2022,761,FALSE,579,RX 5700,Mid+,R5000,8,60,2019,349,17,N,Action,Y
1462040,FINAL FANTASY VII REMAKE INTERGRADE,17/06/2022,761,FALSE,579,RX 5700,Mid+,R5000,8,60,2019,349,17,N,Indie,N
1462040,FINAL FANTASY VII REMAKE INTERGRADE,17/06/2022,761,FALSE,579,RX 5700,Mid+,R5000,8,60,2019,349,17,N,Adventure,Y
1462040,FINAL FANTASY VII REMAKE INTERGRADE,17/06/2022,761,FALSE,579,RX 5700,Mid+,R5000,8,60,2019,349,17,N,Simulation,N
1462040,FINAL FANTASY VII REMAKE INTERGRADE,17/06/2022,761,FALSE,579,RX 5700,Mid+,R5000,8,60,2019,349,17,N,RPG,Y
1462040,FINAL FANTASY VII REMAKE INTERGRADE,17/06/2022,761,FALSE,579,RX 5700,Mid+,R5000,8,60,2019,349,17,N,Strategy,N
1462040,FINAL FANTASY VII REMAKE INTERGRADE,17/06/2022,761,FALSE,579,RX 5700,Mid+,R5000,8,60,2019,349,17,N,Free To Play,N
1331550,EverQuest,10/03/2023,460,TRUE,810,RTX 2060,Mid,GF20,6,60,2019,349,17,N,Action,N
1331550,EverQuest,10/03/2023,460,TRUE,810,RTX 2060,Mid,GF20,6,60,2019,349,17,N,Indie,Y
1331550,EverQuest,10/03/2023,460,TRUE,810,RTX 2060,Mid,GF20,6,60,2019,349,17,N,Adventure,N
1331550,EverQuest,10/03/2023,460,TRUE,810,RTX 2060,Mid,GF20,6,60,2019,349,17,N,Simulation,Y
1331550,EverQuest,10/03/2023,460,TRUE,810,RTX 2060,Mid,GF20,6,60,2019,349,17,N,RPG,N
1331550,EverQuest,10/03/2023,460,TRUE,810,RTX 2060,Mid,GF20,6,60,2019,349,17,N,Strategy,N
1331550,EverQuest,10/03/2023,460,TRUE,810,RTX 2060,Mid,GF20,6,60,2019,349,17,N,Free To Play,N
490110,Cube Racer,13/05/2025,553,FALSE,716,RTX 2060,Mid,GF20,6,60,2019,349,17,N,Action,Y
490110,Cube Racer,13/05/2025,553,FALSE,716,RTX 2060,Mid,GF20,6,60,2019,349,17,N,Indie,Y
490110,Cube Racer,13/05/2025,553,FALSE,716,RTX 2060,Mid,GF20,6,60,2019,349,17,N,Adventure,N
490110,Cube Racer,13/05/2025,553,FALSE,716,RTX 2060,Mid,GF20,6,60,2019,349,17,N,Simulation,Y
490110,Cube Racer,13/05/2025,553,FALSE,716,RTX 2060,Mid,GF20,6,60,2019,349,17,N,RPG,N
490110,Cube Racer,13/05/2025,553,FALSE,716,RTX 2060,Mid,GF20,6,60,2019,349,17,N,Strategy,N
490110,Cube Racer,13/05/2025,553,FALSE,716,RTX 2060,Mid,GF20,6,60,2019,349,17,N,Free To Play,N
1943950,Escape the Backrooms,23/10/2025,1756,FALSE,327,RTX 2060,Mid,GF20,6,60,2019,349,17,N,Action,Y
1943950,Escape the Backrooms,23/10/2025,1756,FALSE,327,RTX 2060,Mid,GF20,6,60,2019,349,17,N,Indie,Y
1943950,Escape the Backrooms,23/10/2025,1756,FALSE,327,RTX 2060,Mid,GF20,6,60,2019,349,17,N,Adventure,N
1943950,Escape the Backrooms,23/10/2025,1756,FALSE,327,RTX 2060,Mid,GF20,6,60,2019,349,17,N,Simulation,N
1943950,Escape the Backrooms,23/10/2025,1756,FALSE,327,RTX 2060,Mid,GF20,6,60,2019,349,17,N,RPG,N
1943950,Escape the Backrooms,23/10/2025,1756,FALSE,327,RTX 2060,Mid,GF20,6,60,2019,349,17,N,Strategy,N
1943950,Escape the Backrooms,23/10/2025,1756,FALSE,327,RTX 2060,Mid,GF20,6,60,2019,349,17,N,Free To Play,N
383120,Empyrion - Galactic Survival,05/08/2020,990,FALSE,492,GTX 1660 Ti,Mid,GF16,6,50,2019,279,17,N,Action,N
383120,Empyrion - Galactic Survival,05/08/2020,990,FALSE,492,GTX 1660 Ti,Mid,GF16,6,50,2019,279,17,N,Indie,Y
383120,Empyrion - Galactic Survival,05/08/2020,990,FALSE,492,GTX 1660 Ti,Mid,GF16,6,50,2019,279,17,N,Adventure,Y
383120,Empyrion - Galactic Survival,05/08/2020,990,FALSE,492,GTX 1660 Ti,Mid,GF16,6,50,2019,279,17,N,Simulation,Y
383120,Empyrion - Galactic Survival,05/08/2020,990,FALSE,492,GTX 1660 Ti,Mid,GF16,6,50,2019,279,17,N,RPG,N
383120,Empyrion - Galactic Survival,05/08/2020,990,FALSE,492,GTX 1660 Ti,Mid,GF16,6,50,2019,279,17,N,Strategy,Y
383120,Empyrion - Galactic Survival,05/08/2020,990,FALSE,492,GTX 1660 Ti,Mid,GF16,6,50,2019,279,17,N,Free To Play,N
2933130,Hero Siege,27/08/2024,370,FALSE,916,RTX 2060,Mid,GF20,6,60,2019,349,17,N,Action,Y
2933130,Hero Siege,27/08/2024,370,FALSE,916,RTX 2060,Mid,GF20,6,60,2019,349,17,N,Indie,N
2933130,Hero Siege,27/08/2024,370,FALSE,916,RTX 2060,Mid,GF20,6,60,2019,349,17,N,Adventure,Y
2933130,Hero Siege,27/08/2024,370,FALSE,916,RTX 2060,Mid,GF20,6,60,2019,349,17,N,Simulation,N
2933130,Hero Siege,27/08/2024,370,FALSE,916,RTX 2060,Mid,GF20,6,60,2019,349,17,N,RPG,Y
2933130,Hero Siege,27/08/2024,370,FALSE,916,RTX 2060,Mid,GF20,6,60,2019,349,17,N,Strategy,N
2933130,Hero Siege,27/08/2024,370,FALSE,916,RTX 2060,Mid,GF20,6,60,2019,349,17,N,Free To Play,N
1190970,House Flipper 2,14/12/2023,2543,FALSE,258,RX 5700 XT,Mid+,R5000,8,70,2019,399,17,N,Action,N
1190970,House Flipper 2,14/12/2023,2543,FALSE,258,RX 5700 XT,Mid+,R5000,8,70,2019,399,17,N,Indie,Y
1190970,House Flipper 2,14/12/2023,2543,FALSE,258,RX 5700 XT,Mid+,R5000,8,70,2019,399,17,N,Adventure,N
1190970,House Flipper 2,14/12/2023,2543,FALSE,258,RX 5700 XT,Mid+,R5000,8,70,2019,399,17,N,Simulation,Y
1190970,House Flipper 2,14/12/2023,2543,FALSE,258,RX 5700 XT,Mid+,R5000,8,70,2019,399,17,N,RPG,N
1190970,House Flipper 2,14/12/2023,2543,FALSE,258,RX 5700 XT,Mid+,R5000,8,70,2019,399,17,N,Strategy,N
1190970,House Flipper 2,14/12/2023,2543,FALSE,258,RX 5700 XT,Mid+,R5000,8,70,2019,399,17,N,Free To Play,N
3020510,Legend of Heroes: Three Kingdoms,25/03/2025,2538,FALSE,259,RTX 2060,Mid,GF20,6,60,2019,349,17,N,Action,N
3020510,Legend of Heroes: Three Kingdoms,25/03/2025,2538,FALSE,259,RTX 2060,Mid,GF20,6,60,2019,349,17,N,Indie,Y
3020510,Legend of Heroes: Three Kingdoms,25/03/2025,2538,FALSE,259,RTX 2060,Mid,GF20,6,60,2019,349,17,N,Adventure,N
3020510,Legend of Heroes: Three Kingdoms,25/03/2025,2538,FALSE,259,RTX 2060,Mid,GF20,6,60,2019,349,17,N,Simulation,Y
3020510,Legend of Heroes: Three Kingdoms,25/03/2025,2538,FALSE,259,RTX 2060,Mid,GF20,6,60,2019,349,17,N,RPG,Y
3020510,Legend of Heroes: Three Kingdoms,25/03/2025,2538,FALSE,259,RTX 2060,Mid,GF20,6,60,2019,349,17,N,Strategy,Y
3020510,Legend of Heroes: Three Kingdoms,25/03/2025,2538,FALSE,259,RTX 2060,Mid,GF20,6,60,2019,349,17,N,Free To Play,N
1377380,Pizza Tower,31/05/2024,368,FALSE,920,GTX 1660 Ti,Mid,GF16,6,50,2019,279,17,N,Action,Y
1377380,Pizza Tower,31/05/2024,368,FALSE,920,GTX 1660 Ti,Mid,GF16,6,50,2019,279,17,N,Indie,Y
1377380,Pizza Tower,31/05/2024,368,FALSE,920,GTX 1660 Ti,Mid,GF16,6,50,2019,279,17,N,Adventure,Y
1377380,Pizza Tower,31/05/2024,368,FALSE,920,GTX 1660 Ti,Mid,GF16,6,50,2019,279,17,N,Simulation,Y
1377380,Pizza Tower,31/05/2024,368,FALSE,920,GTX 1660 Ti,Mid,GF16,6,50,2019,279,17,N,RPG,Y
1377380,Pizza Tower,31/05/2024,368,FALSE,920,GTX 1660 Ti,Mid,GF16,6,50,2019,279,17,N,Strategy,N
1377380,Pizza Tower,31/05/2024,368,FALSE,920,GTX 1660 Ti,Mid,GF16,6,50,2019,279,17,N,Free To Play,N
961200,Predecessor,20/08/2024,1816,FALSE,322,GTX 1660 Ti,Mid,GF16,6,50,2019,279,17,N,Action,Y
961200,Predecessor,20/08/2024,1816,FALSE,322,GTX 1660 Ti,Mid,GF16,6,50,2019,279,17,N,Indie,N
961200,Predecessor,20/08/2024,1816,FALSE,322,GTX 1660 Ti,Mid,GF16,6,50,2019,279,17,N,Adventure,N
961200,Predecessor,20/08/2024,1816,FALSE,322,GTX 1660 Ti,Mid,GF16,6,50,2019,279,17,N,Simulation,N
961200,Predecessor,20/08/2024,1816,FALSE,322,GTX 1660 Ti,Mid,GF16,6,50,2019,279,17,N,RPG,N
961200,Predecessor,20/08/2024,1816,FALSE,322,GTX 1660 Ti,Mid,GF16,6,50,2019,279,17,N,Strategy,Y
961200,Predecessor,20/08/2024,1816,FALSE,322,GTX 1660 Ti,Mid,GF16,6,50,2019,279,17,N,Free To Play,Y
1766060,HumanitZ,18/09/2023,740,FALSE,587,RTX 2060,Mid,GF20,6,60,2019,349,17,N,Action,Y
1766060,HumanitZ,18/09/2023,740,FALSE,587,RTX 2060,Mid,GF20,6,60,2019,349,17,N,Indie,N
1766060,HumanitZ,18/09/2023,740,FALSE,587,RTX 2060,Mid,GF20,6,60,2019,349,17,N,Adventure,Y
1766060,HumanitZ,18/09/2023,740,FALSE,587,RTX 2060,Mid,GF20,6,60,2019,349,17,N,Simulation,N
1766060,HumanitZ,18/09/2023,740,FALSE,587,RTX 2060,Mid,GF20,6,60,2019,349,17,N,RPG,Y
1766060,HumanitZ,18/09/2023,740,FALSE,587,RTX 2060,Mid,GF20,6,60,2019,349,17,N,Strategy,N
1766060,HumanitZ,18/09/2023,740,FALSE,587,RTX 2060,Mid,GF20,6,60,2019,349,17,N,Free To Play,N
1846380,Avorion,01/12/2022,618,FALSE,661,RX 5700,Mid+,R5000,8,60,2019,349,17,N,Action,Y
1846380,Avorion,01/12/2022,618,FALSE,661,RX 5700,Mid+,R5000,8,60,2019,349,17,N,Indie,N
1846380,Avorion,01/12/2022,618,FALSE,661,RX 5700,Mid+,R5000,8,60,2019,349,17,N,Adventure,N
1846380,Avorion,01/12/2022,618,FALSE,661,RX 5700,Mid+,R5000,8,60,2019,349,17,N,Simulation,N
1846380,Avorion,01/12/2022,618,FALSE,661,RX 5700,Mid+,R5000,8,60,2019,349,17,N,RPG,N
1846380,Avorion,01/12/2022,618,FALSE,661,RX 5700,Mid+,R5000,8,60,2019,349,17,N,Strategy,N
1846380,Avorion,01/12/2022,618,FALSE,661,RX 5700,Mid+,R5000,8,60,2019,349,17,N,Free To Play,N
2162800,shapez 2,15/08/2024,2399,TRUE,269,RTX 2060,Mid,GF20,6,60,2019,349,17,N,Action,N
2162800,shapez 2,15/08/2024,2399,TRUE,269,RTX 2060,Mid,GF20,6,60,2019,349,17,N,Indie,Y
2162800,shapez 2,15/08/2024,2399,TRUE,269,RTX 2060,Mid,GF20,6,60,2019,349,17,N,Adventure,N
2162800,shapez 2,15/08/2024,2399,TRUE,269,RTX 2060,Mid,GF20,6,60,2019,349,17,N,Simulation,Y
2162800,shapez 2,15/08/2024,2399,TRUE,269,RTX 2060,Mid,GF20,6,60,2019,349,17,N,RPG,N
2162800,shapez 2,15/08/2024,2399,TRUE,269,RTX 2060,Mid,GF20,6,60,2019,349,17,N,Strategy,Y
2162800,shapez 2,15/08/2024,2399,TRUE,269,RTX 2060,Mid,GF20,6,60,2019,349,17,N,Free To Play,N
690830,Foundation,31/01/2025,844,FALSE,549,RTX 2060,Mid,GF20,6,60,2019,349,17,N,Action,N
690830,Foundation,31/01/2025,844,FALSE,549,RTX 2060,Mid,GF20,6,60,2019,349,17,N,Indie,Y
690830,Foundation,31/01/2025,844,FALSE,549,RTX 2060,Mid,GF20,6,60,2019,349,17,N,Adventure,N
690830,Foundation,31/01/2025,844,FALSE,549,RTX 2060,Mid,GF20,6,60,2019,349,17,N,Simulation,Y
690830,Foundation,31/01/2025,844,FALSE,549,RTX 2060,Mid,GF20,6,60,2019,349,17,N,RPG,N
690830,Foundation,31/01/2025,844,FALSE,549,RTX 2060,Mid,GF20,6,60,2019,349,17,N,Strategy,Y
690830,Foundation,31/01/2025,844,FALSE,549,RTX 2060,Mid,GF20,6,60,2019,349,17,N,Free To Play,N
1196590,Resident Evil Village,06/05/2021,1284,FALSE,424,RX 5700,Mid+,R5000,8,60,2019,349,17,N,Action,Y
1196590,Resident Evil Village,06/05/2021,1284,FALSE,424,RX 5700,Mid+,R5000,8,60,2019,349,17,N,Indie,N
1196590,Resident Evil Village,06/05/2021,1284,FALSE,424,RX 5700,Mid+,R5000,8,60,2019,349,17,N,Adventure,N
1196590,Resident Evil Village,06/05/2021,1284,FALSE,424,RX 5700,Mid+,R5000,8,60,2019,349,17,N,Simulation,N
1196590,Resident Evil Village,06/05/2021,1284,FALSE,424,RX 5700,Mid+,R5000,8,60,2019,349,17,N,RPG,N
1196590,Resident Evil Village,06/05/2021,1284,FALSE,424,RX 5700,Mid+,R5000,8,60,2019,349,17,N,Strategy,N
1196590,Resident Evil Village,06/05/2021,1284,FALSE,424,RX 5700,Mid+,R5000,8,60,2019,349,17,N,Free To Play,N
2408820,ｹ､ (Night of Full Moon),20/11/2024,487,FALSE,784,GTX 1660 Ti,Mid,GF16,6,50,2019,279,17,N,Action,N
2408820,ｹ､ (Night of Full Moon),20/11/2024,487,FALSE,784,GTX 1660 Ti,Mid,GF16,6,50,2019,279,17,N,Indie,Y
2408820,ｹ､ (Night of Full Moon),20/11/2024,487,FALSE,784,GTX 1660 Ti,Mid,GF16,6,50,2019,279,17,N,Adventure,Y
2408820,ｹ､ (Night of Full Moon),20/11/2024,487,FALSE,784,GTX 1660 Ti,Mid,GF16,6,50,2019,279,17,N,Simulation,Y
2408820,ｹ､ (Night of Full Moon),20/11/2024,487,FALSE,784,GTX 1660 Ti,Mid,GF16,6,50,2019,279,17,N,RPG,Y
2408820,ｹ､ (Night of Full Moon),20/11/2024,487,FALSE,784,GTX 1660 Ti,Mid,GF16,6,50,2019,279,17,N,Strategy,N
2408820,ｹ､ (Night of Full Moon),20/11/2024,487,FALSE,784,GTX 1660 Ti,Mid,GF16,6,50,2019,279,17,N,Free To Play,N
2328480,Outward Definitive Edition,08/05/2025,470,FALSE,802,RTX 2060,Mid,GF20,6,60,2019,349,17,N,Action,N
2328480,Outward Definitive Edition,08/05/2025,470,FALSE,802,RTX 2060,Mid,GF20,6,60,2019,349,17,N,Indie,N
2328480,Outward Definitive Edition,08/05/2025,470,FALSE,802,RTX 2060,Mid,GF20,6,60,2019,349,17,N,Adventure,N
2328480,Outward Definitive Edition,08/05/2025,470,FALSE,802,RTX 2060,Mid,GF20,6,60,2019,349,17,N,Simulation,N
2328480,Outward Definitive Edition,08/05/2025,470,FALSE,802,RTX 2060,Mid,GF20,6,60,2019,349,17,N,RPG,N
2328480,Outward Definitive Edition,08/05/2025,470,FALSE,802,RTX 2060,Mid,GF20,6,60,2019,349,17,N,Strategy,Y
2328480,Outward Definitive Edition,08/05/2025,470,FALSE,802,RTX 2060,Mid,GF20,6,60,2019,349,17,N,Free To Play,N
382310,Supreme Commander: Forged Alliance,06/02/2018,692,FALSE,606,RX 5700,Mid+,R5000,8,60,2019,349,17,N,Action,N
382310,Supreme Commander: Forged Alliance,06/02/2018,692,FALSE,606,RX 5700,Mid+,R5000,8,60,2019,349,17,N,Indie,Y
382310,Supreme Commander: Forged Alliance,06/02/2018,692,FALSE,606,RX 5700,Mid+,R5000,8,60,2019,349,17,N,Adventure,N
382310,Supreme Commander: Forged Alliance,06/02/2018,692,FALSE,606,RX 5700,Mid+,R5000,8,60,2019,349,17,N,Simulation,Y
382310,Supreme Commander: Forged Alliance,06/02/2018,692,FALSE,606,RX 5700,Mid+,R5000,8,60,2019,349,17,N,RPG,N
382310,Supreme Commander: Forged Alliance,06/02/2018,692,FALSE,606,RX 5700,Mid+,R5000,8,60,2019,349,17,N,Strategy,N
382310,Supreme Commander: Forged Alliance,06/02/2018,692,FALSE,606,RX 5700,Mid+,R5000,8,60,2019,349,17,N,Free To Play,N
2537590,Microsoft Flight Simulator 2024,19/11/2024,1622,FALSE,345,RX 5700 XT,Mid+,R5000,8,70,2019,399,17,N,Action,N
2537590,Microsoft Flight Simulator 2024,19/11/2024,1622,FALSE,345,RX 5700 XT,Mid+,R5000,8,70,2019,399,17,N,Indie,N
2537590,Microsoft Flight Simulator 2024,19/11/2024,1622,FALSE,345,RX 5700 XT,Mid+,R5000,8,70,2019,399,17,N,Adventure,N
2537590,Microsoft Flight Simulator 2024,19/11/2024,1622,FALSE,345,RX 5700 XT,Mid+,R5000,8,70,2019,399,17,N,Simulation,Y
2537590,Microsoft Flight Simulator 2024,19/11/2024,1622,FALSE,345,RX 5700 XT,Mid+,R5000,8,70,2019,399,17,N,RPG,N
2537590,Microsoft Flight Simulator 2024,19/11/2024,1622,FALSE,345,RX 5700 XT,Mid+,R5000,8,70,2019,399,17,N,Strategy,N
2537590,Microsoft Flight Simulator 2024,19/11/2024,1622,FALSE,345,RX 5700 XT,Mid+,R5000,8,70,2019,399,17,N,Free To Play,N
1272320,Big Ambitions,04/10/2024,464,FALSE,809,RTX 2060,Mid,GF20,6,60,2019,349,17,N,Action,N
1272320,Big Ambitions,04/10/2024,464,FALSE,809,RTX 2060,Mid,GF20,6,60,2019,349,17,N,Indie,Y
1272320,Big Ambitions,04/10/2024,464,FALSE,809,RTX 2060,Mid,GF20,6,60,2019,349,17,N,Adventure,N
1272320,Big Ambitions,04/10/2024,464,FALSE,809,RTX 2060,Mid,GF20,6,60,2019,349,17,N,Simulation,Y
1272320,Big Ambitions,04/10/2024,464,FALSE,809,RTX 2060,Mid,GF20,6,60,2019,349,17,N,RPG,N
1272320,Big Ambitions,04/10/2024,464,FALSE,809,RTX 2060,Mid,GF20,6,60,2019,349,17,N,Strategy,Y
1272320,Big Ambitions,04/10/2024,464,FALSE,809,RTX 2060,Mid,GF20,6,60,2019,349,17,N,Free To Play,N
1324130,Juufuutei Raden's Guide for Pixel Museum,25/04/2023,538,FALSE,732,RTX 2060,Mid,GF20,6,60,2019,349,17,N,Action,N
1324130,Juufuutei Raden's Guide for Pixel Museum,25/04/2023,538,FALSE,732,RTX 2060,Mid,GF20,6,60,2019,349,17,N,Indie,N
1324130,Juufuutei Raden's Guide for Pixel Museum,25/04/2023,538,FALSE,732,RTX 2060,Mid,GF20,6,60,2019,349,17,N,Adventure,N
1324130,Juufuutei Raden's Guide for Pixel Museum,25/04/2023,538,FALSE,732,RTX 2060,Mid,GF20,6,60,2019,349,17,N,Simulation,Y
1324130,Juufuutei Raden's Guide for Pixel Museum,25/04/2023,538,FALSE,732,RTX 2060,Mid,GF20,6,60,2019,349,17,N,RPG,N
1324130,Juufuutei Raden's Guide for Pixel Museum,25/04/2023,538,FALSE,732,RTX 2060,Mid,GF20,6,60,2019,349,17,N,Strategy,Y
1324130,Juufuutei Raden's Guide for Pixel Museum,25/04/2023,538,FALSE,732,RTX 2060,Mid,GF20,6,60,2019,349,17,N,Free To Play,N
42960,X-Plane 12,30/08/2010,490,FALSE,780,RX 5700 XT,Mid+,R5000,8,70,2019,399,17,N,Action,N
42960,X-Plane 12,30/08/2010,490,FALSE,780,RX 5700 XT,Mid+,R5000,8,70,2019,399,17,N,Indie,N
42960,X-Plane 12,30/08/2010,490,FALSE,780,RX 5700 XT,Mid+,R5000,8,70,2019,399,17,N,Adventure,N
42960,X-Plane 12,30/08/2010,490,FALSE,780,RX 5700 XT,Mid+,R5000,8,70,2019,399,17,N,Simulation,N
42960,X-Plane 12,30/08/2010,490,FALSE,780,RX 5700 XT,Mid+,R5000,8,70,2019,399,17,N,RPG,N
42960,X-Plane 12,30/08/2010,490,FALSE,780,RX 5700 XT,Mid+,R5000,8,70,2019,399,17,N,Strategy,Y
42960,X-Plane 12,30/08/2010,490,FALSE,780,RX 5700 XT,Mid+,R5000,8,70,2019,399,17,N,Free To Play,N
1371980,No Rest for the Wicked,18/04/2024,947,FALSE,511,RTX 2060,Mid,GF20,6,60,2019,349,17,N,Action,Y
1371980,No Rest for the Wicked,18/04/2024,947,FALSE,511,RTX 2060,Mid,GF20,6,60,2019,349,17,N,Indie,N
1371980,No Rest for the Wicked,18/04/2024,947,FALSE,511,RTX 2060,Mid,GF20,6,60,2019,349,17,N,Adventure,Y
1371980,No Rest for the Wicked,18/04/2024,947,FALSE,511,RTX 2060,Mid,GF20,6,60,2019,349,17,N,Simulation,N
1371980,No Rest for the Wicked,18/04/2024,947,FALSE,511,RTX 2060,Mid,GF20,6,60,2019,349,17,N,RPG,Y
1371980,No Rest for the Wicked,18/04/2024,947,FALSE,511,RTX 2060,Mid,GF20,6,60,2019,349,17,N,Strategy,N
1371980,No Rest for the Wicked,18/04/2024,947,FALSE,511,RTX 2060,Mid,GF20,6,60,2019,349,17,N,Free To Play,N
1063730,New World: Aeternum,28/09/2021,5583,FALSE,143,RTX 2060,Mid,GF20,6,60,2019,349,17,N,Action,Y
1063730,New World: Aeternum,28/09/2021,5583,FALSE,143,RTX 2060,Mid,GF20,6,60,2019,349,17,N,Indie,N
1063730,New World: Aeternum,28/09/2021,5583,FALSE,143,RTX 2060,Mid,GF20,6,60,2019,349,17,N,Adventure,Y
1063730,New World: Aeternum,28/09/2021,5583,FALSE,143,RTX 2060,Mid,GF20,6,60,2019,349,17,N,Simulation,N
1063730,New World: Aeternum,28/09/2021,5583,FALSE,143,RTX 2060,Mid,GF20,6,60,2019,349,17,N,RPG,Y
1063730,New World: Aeternum,28/09/2021,5583,FALSE,143,RTX 2060,Mid,GF20,6,60,2019,349,17,N,Strategy,N
1063730,New World: Aeternum,28/09/2021,5583,FALSE,143,RTX 2060,Mid,GF20,6,60,2019,349,17,N,Free To Play,N
513710,SCUM,17/06/2025,8535,FALSE,106,RTX 2060,Mid,GF20,6,60,2019,349,17,N,Action,Y
513710,SCUM,17/06/2025,8535,FALSE,106,RTX 2060,Mid,GF20,6,60,2019,349,17,N,Indie,Y
513710,SCUM,17/06/2025,8535,FALSE,106,RTX 2060,Mid,GF20,6,60,2019,349,17,N,Adventure,Y
513710,SCUM,17/06/2025,8535,FALSE,106,RTX 2060,Mid,GF20,6,60,2019,349,17,N,Simulation,N
513710,SCUM,17/06/2025,8535,FALSE,106,RTX 2060,Mid,GF20,6,60,2019,349,17,N,RPG,N
513710,SCUM,17/06/2025,8535,FALSE,106,RTX 2060,Mid,GF20,6,60,2019,349,17,N,Strategy,N
513710,SCUM,17/06/2025,8535,FALSE,106,RTX 2060,Mid,GF20,6,60,2019,349,17,N,Free To Play,N
1881700,Angel Legion,13/06/2023,451,FALSE,815,RTX 2060,Mid,GF20,6,60,2019,349,17,N,Action,N
1881700,Angel Legion,13/06/2023,451,FALSE,815,RTX 2060,Mid,GF20,6,60,2019,349,17,N,Indie,N
1881700,Angel Legion,13/06/2023,451,FALSE,815,RTX 2060,Mid,GF20,6,60,2019,349,17,N,Adventure,Y
1881700,Angel Legion,13/06/2023,451,FALSE,815,RTX 2060,Mid,GF20,6,60,2019,349,17,N,Simulation,N
1881700,Angel Legion,13/06/2023,451,FALSE,815,RTX 2060,Mid,GF20,6,60,2019,349,17,N,RPG,Y
1881700,Angel Legion,13/06/2023,451,FALSE,815,RTX 2060,Mid,GF20,6,60,2019,349,17,N,Strategy,N
1881700,Angel Legion,13/06/2023,451,FALSE,815,RTX 2060,Mid,GF20,6,60,2019,349,17,N,Free To Play,Y
2503770,House of Legacy,14/05/2025,1635,FALSE,343,RTX 2060,Mid,GF20,6,60,2019,349,17,N,Action,N
2503770,House of Legacy,14/05/2025,1635,FALSE,343,RTX 2060,Mid,GF20,6,60,2019,349,17,N,Indie,N
2503770,House of Legacy,14/05/2025,1635,FALSE,343,RTX 2060,Mid,GF20,6,60,2019,349,17,N,Adventure,Y
2503770,House of Legacy,14/05/2025,1635,FALSE,343,RTX 2060,Mid,GF20,6,60,2019,349,17,N,Simulation,Y
2503770,House of Legacy,14/05/2025,1635,FALSE,343,RTX 2060,Mid,GF20,6,60,2019,349,17,N,RPG,Y
2503770,House of Legacy,14/05/2025,1635,FALSE,343,RTX 2060,Mid,GF20,6,60,2019,349,17,N,Strategy,Y
2503770,House of Legacy,14/05/2025,1635,FALSE,343,RTX 2060,Mid,GF20,6,60,2019,349,17,N,Free To Play,N
1790600,DRAGON BALL: Sparking! ZERO,10/10/2024,949,FALSE,510,RTX 2060,Mid,GF20,6,60,2019,349,17,N,Action,Y
1790600,DRAGON BALL: Sparking! ZERO,10/10/2024,949,FALSE,510,RTX 2060,Mid,GF20,6,60,2019,349,17,N,Indie,N
1790600,DRAGON BALL: Sparking! ZERO,10/10/2024,949,FALSE,510,RTX 2060,Mid,GF20,6,60,2019,349,17,N,Adventure,N
1790600,DRAGON BALL: Sparking! ZERO,10/10/2024,949,FALSE,510,RTX 2060,Mid,GF20,6,60,2019,349,17,N,Simulation,N
1790600,DRAGON BALL: Sparking! ZERO,10/10/2024,949,FALSE,510,RTX 2060,Mid,GF20,6,60,2019,349,17,N,RPG,N
1790600,DRAGON BALL: Sparking! ZERO,10/10/2024,949,FALSE,510,RTX 2060,Mid,GF20,6,60,2019,349,17,N,Strategy,N
1790600,DRAGON BALL: Sparking! ZERO,10/10/2024,949,FALSE,510,RTX 2060,Mid,GF20,6,60,2019,349,17,N,Free To Play,N
1686940,The Witcher 2: Assassins of Kings Enhanced Edition,16/11/2023,480,FALSE,792,GTX 1650,Lower,GF16,4,25,2019,149,16,N,Action,Y
1686940,The Witcher 2: Assassins of Kings Enhanced Edition,16/11/2023,480,FALSE,792,GTX 1650,Lower,GF16,4,25,2019,149,16,N,Indie,N
1686940,The Witcher 2: Assassins of Kings Enhanced Edition,16/11/2023,480,FALSE,792,GTX 1650,Lower,GF16,4,25,2019,149,16,N,Adventure,N
1686940,The Witcher 2: Assassins of Kings Enhanced Edition,16/11/2023,480,FALSE,792,GTX 1650,Lower,GF16,4,25,2019,149,16,N,Simulation,N
1686940,The Witcher 2: Assassins of Kings Enhanced Edition,16/11/2023,480,FALSE,792,GTX 1650,Lower,GF16,4,25,2019,149,16,N,RPG,N
1686940,The Witcher 2: Assassins of Kings Enhanced Edition,16/11/2023,480,FALSE,792,GTX 1650,Lower,GF16,4,25,2019,149,16,N,Strategy,N
1686940,The Witcher 2: Assassins of Kings Enhanced Edition,16/11/2023,480,FALSE,792,GTX 1650,Lower,GF16,4,25,2019,149,16,N,Free To Play,N
2385530,PGA TOUR 2K25,27/02/2025,1789,FALSE,325,RTX 2060 SUPER,Mid,GF20,8,65,2019,399,16,N,Action,N
2385530,PGA TOUR 2K25,27/02/2025,1789,FALSE,325,RTX 2060 SUPER,Mid,GF20,8,65,2019,399,16,N,Indie,N
2385530,PGA TOUR 2K25,27/02/2025,1789,FALSE,325,RTX 2060 SUPER,Mid,GF20,8,65,2019,399,16,N,Adventure,N
2385530,PGA TOUR 2K25,27/02/2025,1789,FALSE,325,RTX 2060 SUPER,Mid,GF20,8,65,2019,399,16,N,Simulation,Y
2385530,PGA TOUR 2K25,27/02/2025,1789,FALSE,325,RTX 2060 SUPER,Mid,GF20,8,65,2019,399,16,N,RPG,Y
2385530,PGA TOUR 2K25,27/02/2025,1789,FALSE,325,RTX 2060 SUPER,Mid,GF20,8,65,2019,399,16,N,Strategy,N
2385530,PGA TOUR 2K25,27/02/2025,1789,FALSE,325,RTX 2060 SUPER,Mid,GF20,8,65,2019,399,16,N,Free To Play,N
1451190,Train Simulator Classic,08/10/2024,503,FALSE,766,RTX 3070,Mid+,GF30,8,80,2020,499,16,N,Action,Y
1451190,Train Simulator Classic,08/10/2024,503,FALSE,766,RTX 3070,Mid+,GF30,8,80,2020,499,16,N,Indie,N
1451190,Train Simulator Classic,08/10/2024,503,FALSE,766,RTX 3070,Mid+,GF30,8,80,2020,499,16,N,Adventure,N
1451190,Train Simulator Classic,08/10/2024,503,FALSE,766,RTX 3070,Mid+,GF30,8,80,2020,499,16,N,Simulation,Y
1451190,Train Simulator Classic,08/10/2024,503,FALSE,766,RTX 3070,Mid+,GF30,8,80,2020,499,16,N,RPG,N
1451190,Train Simulator Classic,08/10/2024,503,FALSE,766,RTX 3070,Mid+,GF30,8,80,2020,499,16,N,Strategy,N
1451190,Train Simulator Classic,08/10/2024,503,FALSE,766,RTX 3070,Mid+,GF30,8,80,2020,499,16,N,Free To Play,N
2161700,Persona 3 Reload,01/02/2024,1683,FALSE,336,GTX 1650,Lower,GF16,4,25,2019,149,16,N,Action,N
2161700,Persona 3 Reload,01/02/2024,1683,FALSE,336,GTX 1650,Lower,GF16,4,25,2019,149,16,N,Indie,N
2161700,Persona 3 Reload,01/02/2024,1683,FALSE,336,GTX 1650,Lower,GF16,4,25,2019,149,16,N,Adventure,Y
2161700,Persona 3 Reload,01/02/2024,1683,FALSE,336,GTX 1650,Lower,GF16,4,25,2019,149,16,N,Simulation,N
2161700,Persona 3 Reload,01/02/2024,1683,FALSE,336,GTX 1650,Lower,GF16,4,25,2019,149,16,N,RPG,Y
2161700,Persona 3 Reload,01/02/2024,1683,FALSE,336,GTX 1650,Lower,GF16,4,25,2019,149,16,N,Strategy,Y
2161700,Persona 3 Reload,01/02/2024,1683,FALSE,336,GTX 1650,Lower,GF16,4,25,2019,149,16,N,Free To Play,N
2404880,Car Dealer Simulator,29/05/2025,3296,FALSE,215,RTX 3070,Mid+,GF30,8,80,2020,499,16,N,Action,N
2404880,Car Dealer Simulator,29/05/2025,3296,FALSE,215,RTX 3070,Mid+,GF30,8,80,2020,499,16,N,Indie,Y
2404880,Car Dealer Simulator,29/05/2025,3296,FALSE,215,RTX 3070,Mid+,GF30,8,80,2020,499,16,N,Adventure,N
2404880,Car Dealer Simulator,29/05/2025,3296,FALSE,215,RTX 3070,Mid+,GF30,8,80,2020,499,16,N,Simulation,Y
2404880,Car Dealer Simulator,29/05/2025,3296,FALSE,215,RTX 3070,Mid+,GF30,8,80,2020,499,16,N,RPG,N
2404880,Car Dealer Simulator,29/05/2025,3296,FALSE,215,RTX 3070,Mid+,GF30,8,80,2020,499,16,N,Strategy,N
2404880,Car Dealer Simulator,29/05/2025,3296,FALSE,215,RTX 3070,Mid+,GF30,8,80,2020,499,16,N,Free To Play,N
3404470,Wargame: Red Dragon,13/05/2025,436,TRUE,832,GTX 1650,Lower,GF16,4,25,2019,149,16,N,Action,N
3404470,Wargame: Red Dragon,13/05/2025,436,TRUE,832,GTX 1650,Lower,GF16,4,25,2019,149,16,N,Indie,Y
3404470,Wargame: Red Dragon,13/05/2025,436,TRUE,832,GTX 1650,Lower,GF16,4,25,2019,149,16,N,Adventure,N
3404470,Wargame: Red Dragon,13/05/2025,436,TRUE,832,GTX 1650,Lower,GF16,4,25,2019,149,16,N,Simulation,Y
3404470,Wargame: Red Dragon,13/05/2025,436,TRUE,832,GTX 1650,Lower,GF16,4,25,2019,149,16,N,RPG,N
3404470,Wargame: Red Dragon,13/05/2025,436,TRUE,832,GTX 1650,Lower,GF16,4,25,2019,149,16,N,Strategy,N
3404470,Wargame: Red Dragon,13/05/2025,436,TRUE,832,GTX 1650,Lower,GF16,4,25,2019,149,16,N,Free To Play,N
1114150,Death Must Die,29/08/2024,499,TRUE,769,RTX 2060 SUPER,Mid,GF20,8,65,2019,399,16,N,Action,N
1114150,Death Must Die,29/08/2024,499,TRUE,769,RTX 2060 SUPER,Mid,GF20,8,65,2019,399,16,N,Indie,N
1114150,Death Must Die,29/08/2024,499,TRUE,769,RTX 2060 SUPER,Mid,GF20,8,65,2019,399,16,N,Adventure,N
1114150,Death Must Die,29/08/2024,499,TRUE,769,RTX 2060 SUPER,Mid,GF20,8,65,2019,399,16,N,Simulation,Y
1114150,Death Must Die,29/08/2024,499,TRUE,769,RTX 2060 SUPER,Mid,GF20,8,65,2019,399,16,N,RPG,N
1114150,Death Must Die,29/08/2024,499,TRUE,769,RTX 2060 SUPER,Mid,GF20,8,65,2019,399,16,N,Strategy,N
1114150,Death Must Die,29/08/2024,499,TRUE,769,RTX 2060 SUPER,Mid,GF20,8,65,2019,399,16,N,Free To Play,N
1433140,LEGO Star Wars - The Complete Saga,18/08/2023,336,FALSE,961,RTX 3070,Mid+,GF30,8,80,2020,499,16,N,Action,Y
1433140,LEGO Star Wars - The Complete Saga,18/08/2023,336,FALSE,961,RTX 3070,Mid+,GF30,8,80,2020,499,16,N,Indie,Y
1433140,LEGO Star Wars - The Complete Saga,18/08/2023,336,FALSE,961,RTX 3070,Mid+,GF30,8,80,2020,499,16,N,Adventure,N
1433140,LEGO Star Wars - The Complete Saga,18/08/2023,336,FALSE,961,RTX 3070,Mid+,GF30,8,80,2020,499,16,N,Simulation,N
1433140,LEGO Star Wars - The Complete Saga,18/08/2023,336,FALSE,961,RTX 3070,Mid+,GF30,8,80,2020,499,16,N,RPG,N
1433140,LEGO Star Wars - The Complete Saga,18/08/2023,336,FALSE,961,RTX 3070,Mid+,GF30,8,80,2020,499,16,N,Strategy,N
1433140,LEGO Star Wars - The Complete Saga,18/08/2023,336,FALSE,961,RTX 3070,Mid+,GF30,8,80,2020,499,16,N,Free To Play,N
774801,Crab Champions,01/04/2023,796,FALSE,562,GTX 1650,Lower,GF16,4,25,2019,149,16,N,Action,Y
774801,Crab Champions,01/04/2023,796,FALSE,562,GTX 1650,Lower,GF16,4,25,2019,149,16,N,Indie,Y
774801,Crab Champions,01/04/2023,796,FALSE,562,GTX 1650,Lower,GF16,4,25,2019,149,16,N,Adventure,Y
774801,Crab Champions,01/04/2023,796,FALSE,562,GTX 1650,Lower,GF16,4,25,2019,149,16,N,Simulation,N
774801,Crab Champions,01/04/2023,796,FALSE,562,GTX 1650,Lower,GF16,4,25,2019,149,16,N,RPG,N
774801,Crab Champions,01/04/2023,796,FALSE,562,GTX 1650,Lower,GF16,4,25,2019,149,16,N,Strategy,N
774801,Crab Champions,01/04/2023,796,FALSE,562,GTX 1650,Lower,GF16,4,25,2019,149,16,N,Free To Play,N
2322010,God of War Ragnarﾃｶk,19/09/2024,1591,FALSE,353,RTX 2060 SUPER,Mid,GF20,8,65,2019,399,16,N,Action,Y
2322010,God of War Ragnarﾃｶk,19/09/2024,1591,FALSE,353,RTX 2060 SUPER,Mid,GF20,8,65,2019,399,16,N,Indie,N
2322010,God of War Ragnarﾃｶk,19/09/2024,1591,FALSE,353,RTX 2060 SUPER,Mid,GF20,8,65,2019,399,16,N,Adventure,Y
2322010,God of War Ragnarﾃｶk,19/09/2024,1591,FALSE,353,RTX 2060 SUPER,Mid,GF20,8,65,2019,399,16,N,Simulation,N
2322010,God of War Ragnarﾃｶk,19/09/2024,1591,FALSE,353,RTX 2060 SUPER,Mid,GF20,8,65,2019,399,16,N,RPG,Y
2322010,God of War Ragnarﾃｶk,19/09/2024,1591,FALSE,353,RTX 2060 SUPER,Mid,GF20,8,65,2019,399,16,N,Strategy,N
2322010,God of War Ragnarﾃｶk,19/09/2024,1591,FALSE,353,RTX 2060 SUPER,Mid,GF20,8,65,2019,399,16,N,Free To Play,N
1091500,Cyberpunk 2077,09/12/2020,22265,TRUE,46,RTX 2060 SUPER,Mid,GF20,8,65,2019,399,16,N,Action,N
1091500,Cyberpunk 2077,09/12/2020,22265,TRUE,46,RTX 2060 SUPER,Mid,GF20,8,65,2019,399,16,N,Indie,N
1091500,Cyberpunk 2077,09/12/2020,22265,TRUE,46,RTX 2060 SUPER,Mid,GF20,8,65,2019,399,16,N,Adventure,N
1091500,Cyberpunk 2077,09/12/2020,22265,TRUE,46,RTX 2060 SUPER,Mid,GF20,8,65,2019,399,16,N,Simulation,N
1091500,Cyberpunk 2077,09/12/2020,22265,TRUE,46,RTX 2060 SUPER,Mid,GF20,8,65,2019,399,16,N,RPG,Y
1091500,Cyberpunk 2077,09/12/2020,22265,TRUE,46,RTX 2060 SUPER,Mid,GF20,8,65,2019,399,16,N,Strategy,N
1091500,Cyberpunk 2077,09/12/2020,22265,TRUE,46,RTX 2060 SUPER,Mid,GF20,8,65,2019,399,16,N,Free To Play,N
2001120,Split Fiction,06/03/2025,5476,FALSE,144,RTX 3070,Mid+,GF30,8,80,2020,499,16,N,Action,Y
2001120,Split Fiction,06/03/2025,5476,FALSE,144,RTX 3070,Mid+,GF30,8,80,2020,499,16,N,Indie,N
2001120,Split Fiction,06/03/2025,5476,FALSE,144,RTX 3070,Mid+,GF30,8,80,2020,499,16,N,Adventure,Y
2001120,Split Fiction,06/03/2025,5476,FALSE,144,RTX 3070,Mid+,GF30,8,80,2020,499,16,N,Simulation,N
2001120,Split Fiction,06/03/2025,5476,FALSE,144,RTX 3070,Mid+,GF30,8,80,2020,499,16,N,RPG,N
2001120,Split Fiction,06/03/2025,5476,FALSE,144,RTX 3070,Mid+,GF30,8,80,2020,499,16,N,Strategy,N
2001120,Split Fiction,06/03/2025,5476,FALSE,144,RTX 3070,Mid+,GF30,8,80,2020,499,16,N,Free To Play,N
2344320,Eldegarde,12/02/2025,913,FALSE,523,RTX 3070,Mid+,GF30,8,80,2020,499,16,N,Action,Y
2344320,Eldegarde,12/02/2025,913,FALSE,523,RTX 3070,Mid+,GF30,8,80,2020,499,16,N,Indie,N
2344320,Eldegarde,12/02/2025,913,FALSE,523,RTX 3070,Mid+,GF30,8,80,2020,499,16,N,Adventure,N
2344320,Eldegarde,12/02/2025,913,FALSE,523,RTX 3070,Mid+,GF30,8,80,2020,499,16,N,Simulation,N
2344320,Eldegarde,12/02/2025,913,FALSE,523,RTX 3070,Mid+,GF30,8,80,2020,499,16,N,RPG,Y
2344320,Eldegarde,12/02/2025,913,FALSE,523,RTX 3070,Mid+,GF30,8,80,2020,499,16,N,Strategy,N
2344320,Eldegarde,12/02/2025,913,FALSE,523,RTX 3070,Mid+,GF30,8,80,2020,499,16,N,Free To Play,N
1211020,Sid Meier's Civilization IV,18/09/2025,625,FALSE,655,GTX 1650,Lower,GF16,4,25,2019,149,16,N,Action,Y
1211020,Sid Meier's Civilization IV,18/09/2025,625,FALSE,655,GTX 1650,Lower,GF16,4,25,2019,149,16,N,Indie,Y
1211020,Sid Meier's Civilization IV,18/09/2025,625,FALSE,655,GTX 1650,Lower,GF16,4,25,2019,149,16,N,Adventure,Y
1211020,Sid Meier's Civilization IV,18/09/2025,625,FALSE,655,GTX 1650,Lower,GF16,4,25,2019,149,16,N,Simulation,Y
1211020,Sid Meier's Civilization IV,18/09/2025,625,FALSE,655,GTX 1650,Lower,GF16,4,25,2019,149,16,N,RPG,N
1211020,Sid Meier's Civilization IV,18/09/2025,625,FALSE,655,GTX 1650,Lower,GF16,4,25,2019,149,16,N,Strategy,N
1211020,Sid Meier's Civilization IV,18/09/2025,625,FALSE,655,GTX 1650,Lower,GF16,4,25,2019,149,16,N,Free To Play,N
2864560,Rune Factory: Guardians of Azuma,04/06/2025,5831,FALSE,138,RTX 2060 SUPER,Mid,GF20,8,65,2019,399,16,N,Action,Y
2864560,Rune Factory: Guardians of Azuma,04/06/2025,5831,FALSE,138,RTX 2060 SUPER,Mid,GF20,8,65,2019,399,16,N,Indie,N
2864560,Rune Factory: Guardians of Azuma,04/06/2025,5831,FALSE,138,RTX 2060 SUPER,Mid,GF20,8,65,2019,399,16,N,Adventure,Y
2864560,Rune Factory: Guardians of Azuma,04/06/2025,5831,FALSE,138,RTX 2060 SUPER,Mid,GF20,8,65,2019,399,16,N,Simulation,N
2864560,Rune Factory: Guardians of Azuma,04/06/2025,5831,FALSE,138,RTX 2060 SUPER,Mid,GF20,8,65,2019,399,16,N,RPG,Y
2864560,Rune Factory: Guardians of Azuma,04/06/2025,5831,FALSE,138,RTX 2060 SUPER,Mid,GF20,8,65,2019,399,16,N,Strategy,N
2864560,Rune Factory: Guardians of Azuma,04/06/2025,5831,FALSE,138,RTX 2060 SUPER,Mid,GF20,8,65,2019,399,16,N,Free To Play,N
1676840,"Warhammer 40,000: Chaos Gate - Daemonhunters",02/11/2023,374,FALSE,910,RTX 2060 SUPER,Mid,GF20,8,65,2019,399,16,N,Action,N
1676840,"Warhammer 40,000: Chaos Gate - Daemonhunters",02/11/2023,374,FALSE,910,RTX 2060 SUPER,Mid,GF20,8,65,2019,399,16,N,Indie,Y
1676840,"Warhammer 40,000: Chaos Gate - Daemonhunters",02/11/2023,374,FALSE,910,RTX 2060 SUPER,Mid,GF20,8,65,2019,399,16,N,Adventure,Y
1676840,"Warhammer 40,000: Chaos Gate - Daemonhunters",02/11/2023,374,FALSE,910,RTX 2060 SUPER,Mid,GF20,8,65,2019,399,16,N,Simulation,N
1676840,"Warhammer 40,000: Chaos Gate - Daemonhunters",02/11/2023,374,FALSE,910,RTX 2060 SUPER,Mid,GF20,8,65,2019,399,16,N,RPG,Y
1676840,"Warhammer 40,000: Chaos Gate - Daemonhunters",02/11/2023,374,FALSE,910,RTX 2060 SUPER,Mid,GF20,8,65,2019,399,16,N,Strategy,Y
1676840,"Warhammer 40,000: Chaos Gate - Daemonhunters",02/11/2023,374,FALSE,910,RTX 2060 SUPER,Mid,GF20,8,65,2019,399,16,N,Free To Play,N
594650,Hunt: Showdown 1896,27/08/2019,6300,FALSE,133,RTX 2060 SUPER,Mid,GF20,8,65,2019,399,16,N,Action,Y
594650,Hunt: Showdown 1896,27/08/2019,6300,FALSE,133,RTX 2060 SUPER,Mid,GF20,8,65,2019,399,16,N,Indie,N
594650,Hunt: Showdown 1896,27/08/2019,6300,FALSE,133,RTX 2060 SUPER,Mid,GF20,8,65,2019,399,16,N,Adventure,N
594650,Hunt: Showdown 1896,27/08/2019,6300,FALSE,133,RTX 2060 SUPER,Mid,GF20,8,65,2019,399,16,N,Simulation,N
594650,Hunt: Showdown 1896,27/08/2019,6300,FALSE,133,RTX 2060 SUPER,Mid,GF20,8,65,2019,399,16,N,RPG,N
594650,Hunt: Showdown 1896,27/08/2019,6300,FALSE,133,RTX 2060 SUPER,Mid,GF20,8,65,2019,399,16,N,Strategy,N
594650,Hunt: Showdown 1896,27/08/2019,6300,FALSE,133,RTX 2060 SUPER,Mid,GF20,8,65,2019,399,16,N,Free To Play,N
1407200,World of Tanks,28/04/2021,3869,FALSE,189,GTX 1650,Lower,GF16,4,25,2019,149,16,N,Action,Y
1407200,World of Tanks,28/04/2021,3869,FALSE,189,GTX 1650,Lower,GF16,4,25,2019,149,16,N,Indie,N
1407200,World of Tanks,28/04/2021,3869,FALSE,189,GTX 1650,Lower,GF16,4,25,2019,149,16,N,Adventure,N
1407200,World of Tanks,28/04/2021,3869,FALSE,189,GTX 1650,Lower,GF16,4,25,2019,149,16,N,Simulation,Y
1407200,World of Tanks,28/04/2021,3869,FALSE,189,GTX 1650,Lower,GF16,4,25,2019,149,16,N,RPG,N
1407200,World of Tanks,28/04/2021,3869,FALSE,189,GTX 1650,Lower,GF16,4,25,2019,149,16,N,Strategy,N
1407200,World of Tanks,28/04/2021,3869,FALSE,189,GTX 1650,Lower,GF16,4,25,2019,149,16,N,Free To Play,Y
1286830,STAR WARS: The Old Republic,21/07/2020,6625,FALSE,128,GTX 1650,Lower,GF16,4,25,2019,149,16,N,Action,N
1286830,STAR WARS: The Old Republic,21/07/2020,6625,FALSE,128,GTX 1650,Lower,GF16,4,25,2019,149,16,N,Indie,N
1286830,STAR WARS: The Old Republic,21/07/2020,6625,FALSE,128,GTX 1650,Lower,GF16,4,25,2019,149,16,N,Adventure,N
1286830,STAR WARS: The Old Republic,21/07/2020,6625,FALSE,128,GTX 1650,Lower,GF16,4,25,2019,149,16,N,Simulation,N
1286830,STAR WARS: The Old Republic,21/07/2020,6625,FALSE,128,GTX 1650,Lower,GF16,4,25,2019,149,16,N,RPG,Y
1286830,STAR WARS: The Old Republic,21/07/2020,6625,FALSE,128,GTX 1650,Lower,GF16,4,25,2019,149,16,N,Strategy,N
1286830,STAR WARS: The Old Republic,21/07/2020,6625,FALSE,128,GTX 1650,Lower,GF16,4,25,2019,149,16,N,Free To Play,Y
495420,State of Decay 2: Juggernaut Edition,13/03/2020,1281,FALSE,426,GTX 1650,Lower,GF16,4,25,2019,149,16,N,Action,Y
495420,State of Decay 2: Juggernaut Edition,13/03/2020,1281,FALSE,426,GTX 1650,Lower,GF16,4,25,2019,149,16,N,Indie,N
495420,State of Decay 2: Juggernaut Edition,13/03/2020,1281,FALSE,426,GTX 1650,Lower,GF16,4,25,2019,149,16,N,Adventure,N
495420,State of Decay 2: Juggernaut Edition,13/03/2020,1281,FALSE,426,GTX 1650,Lower,GF16,4,25,2019,149,16,N,Simulation,Y
495420,State of Decay 2: Juggernaut Edition,13/03/2020,1281,FALSE,426,GTX 1650,Lower,GF16,4,25,2019,149,16,N,RPG,Y
495420,State of Decay 2: Juggernaut Edition,13/03/2020,1281,FALSE,426,GTX 1650,Lower,GF16,4,25,2019,149,16,N,Strategy,N
495420,State of Decay 2: Juggernaut Edition,13/03/2020,1281,FALSE,426,GTX 1650,Lower,GF16,4,25,2019,149,16,N,Free To Play,N
2456740,inZOI,27/03/2025,1039,TRUE,476,RTX 3070,Mid+,GF30,8,80,2020,499,16,N,Action,N
2456740,inZOI,27/03/2025,1039,TRUE,476,RTX 3070,Mid+,GF30,8,80,2020,499,16,N,Indie,N
2456740,inZOI,27/03/2025,1039,TRUE,476,RTX 3070,Mid+,GF30,8,80,2020,499,16,N,Adventure,Y
2456740,inZOI,27/03/2025,1039,TRUE,476,RTX 3070,Mid+,GF30,8,80,2020,499,16,N,Simulation,Y
2456740,inZOI,27/03/2025,1039,TRUE,476,RTX 3070,Mid+,GF30,8,80,2020,499,16,N,RPG,N
2456740,inZOI,27/03/2025,1039,TRUE,476,RTX 3070,Mid+,GF30,8,80,2020,499,16,N,Strategy,N
2456740,inZOI,27/03/2025,1039,TRUE,476,RTX 3070,Mid+,GF30,8,80,2020,499,16,N,Free To Play,N
427410,Abiotic Factor,22/07/2025,1458,FALSE,382,RTX 3070,Mid+,GF30,8,80,2020,499,16,N,Action,Y
427410,Abiotic Factor,22/07/2025,1458,FALSE,382,RTX 3070,Mid+,GF30,8,80,2020,499,16,N,Indie,N
427410,Abiotic Factor,22/07/2025,1458,FALSE,382,RTX 3070,Mid+,GF30,8,80,2020,499,16,N,Adventure,Y
427410,Abiotic Factor,22/07/2025,1458,FALSE,382,RTX 3070,Mid+,GF30,8,80,2020,499,16,N,Simulation,Y
427410,Abiotic Factor,22/07/2025,1458,FALSE,382,RTX 3070,Mid+,GF30,8,80,2020,499,16,N,RPG,Y
427410,Abiotic Factor,22/07/2025,1458,FALSE,382,RTX 3070,Mid+,GF30,8,80,2020,499,16,N,Strategy,N
427410,Abiotic Factor,22/07/2025,1458,FALSE,382,RTX 3070,Mid+,GF30,8,80,2020,499,16,N,Free To Play,N
2246340,Monster Hunter Wilds,27/02/2025,12494,FALSE,81,RTX 2060 SUPER,Mid,GF20,8,65,2019,399,16,N,Action,Y
2246340,Monster Hunter Wilds,27/02/2025,12494,FALSE,81,RTX 2060 SUPER,Mid,GF20,8,65,2019,399,16,N,Indie,N
2246340,Monster Hunter Wilds,27/02/2025,12494,FALSE,81,RTX 2060 SUPER,Mid,GF20,8,65,2019,399,16,N,Adventure,Y
2246340,Monster Hunter Wilds,27/02/2025,12494,FALSE,81,RTX 2060 SUPER,Mid,GF20,8,65,2019,399,16,N,Simulation,N
2246340,Monster Hunter Wilds,27/02/2025,12494,FALSE,81,RTX 2060 SUPER,Mid,GF20,8,65,2019,399,16,N,RPG,Y
2246340,Monster Hunter Wilds,27/02/2025,12494,FALSE,81,RTX 2060 SUPER,Mid,GF20,8,65,2019,399,16,N,Strategy,N
2246340,Monster Hunter Wilds,27/02/2025,12494,FALSE,81,RTX 2060 SUPER,Mid,GF20,8,65,2019,399,16,N,Free To Play,N
881020,Granblue Fantasy: Relink,31/01/2024,996,FALSE,488,RX 6700 XT,Mid+,R6000,12,75,2021,479,15,N,Action,Y
881020,Granblue Fantasy: Relink,31/01/2024,996,FALSE,488,RX 6700 XT,Mid+,R6000,12,75,2021,479,15,N,Indie,N
881020,Granblue Fantasy: Relink,31/01/2024,996,FALSE,488,RX 6700 XT,Mid+,R6000,12,75,2021,479,15,N,Adventure,Y
881020,Granblue Fantasy: Relink,31/01/2024,996,FALSE,488,RX 6700 XT,Mid+,R6000,12,75,2021,479,15,N,Simulation,N
881020,Granblue Fantasy: Relink,31/01/2024,996,FALSE,488,RX 6700 XT,Mid+,R6000,12,75,2021,479,15,N,RPG,Y
881020,Granblue Fantasy: Relink,31/01/2024,996,FALSE,488,RX 6700 XT,Mid+,R6000,12,75,2021,479,15,N,Strategy,N
881020,Granblue Fantasy: Relink,31/01/2024,996,FALSE,488,RX 6700 XT,Mid+,R6000,12,75,2021,479,15,N,Free To Play,N
1660080,Dragon's Dogma: Dark Arisen,15/01/2025,329,FALSE,969,RX 6700 XT,Mid+,R6000,12,75,2021,479,15,N,Action,N
1660080,Dragon's Dogma: Dark Arisen,15/01/2025,329,FALSE,969,RX 6700 XT,Mid+,R6000,12,75,2021,479,15,N,Indie,Y
1660080,Dragon's Dogma: Dark Arisen,15/01/2025,329,FALSE,969,RX 6700 XT,Mid+,R6000,12,75,2021,479,15,N,Adventure,Y
1660080,Dragon's Dogma: Dark Arisen,15/01/2025,329,FALSE,969,RX 6700 XT,Mid+,R6000,12,75,2021,479,15,N,Simulation,Y
1660080,Dragon's Dogma: Dark Arisen,15/01/2025,329,FALSE,969,RX 6700 XT,Mid+,R6000,12,75,2021,479,15,N,RPG,N
1660080,Dragon's Dogma: Dark Arisen,15/01/2025,329,FALSE,969,RX 6700 XT,Mid+,R6000,12,75,2021,479,15,N,Strategy,N
1660080,Dragon's Dogma: Dark Arisen,15/01/2025,329,FALSE,969,RX 6700 XT,Mid+,R6000,12,75,2021,479,15,N,Free To Play,N
1627720,Lies of P,18/09/2023,1363,TRUE,404,RX 6500 XT,Lower,R6000,4,30,2022,199,15,Y,Action,Y
1627720,Lies of P,18/09/2023,1363,TRUE,404,RX 6500 XT,Lower,R6000,4,30,2022,199,15,Y,Indie,N
1627720,Lies of P,18/09/2023,1363,TRUE,404,RX 6500 XT,Lower,R6000,4,30,2022,199,15,Y,Adventure,Y
1627720,Lies of P,18/09/2023,1363,TRUE,404,RX 6500 XT,Lower,R6000,4,30,2022,199,15,Y,Simulation,N
1627720,Lies of P,18/09/2023,1363,TRUE,404,RX 6500 XT,Lower,R6000,4,30,2022,199,15,Y,RPG,Y
1627720,Lies of P,18/09/2023,1363,TRUE,404,RX 6500 XT,Lower,R6000,4,30,2022,199,15,Y,Strategy,N
1627720,Lies of P,18/09/2023,1363,TRUE,404,RX 6500 XT,Lower,R6000,4,30,2022,199,15,Y,Free To Play,N
2909400,FINAL FANTASY VII REBIRTH,23/01/2025,1818,FALSE,321,RX 6700 XT,Mid+,R6000,12,75,2021,479,15,N,Action,Y
2909400,FINAL FANTASY VII REBIRTH,23/01/2025,1818,FALSE,321,RX 6700 XT,Mid+,R6000,12,75,2021,479,15,N,Indie,N
2909400,FINAL FANTASY VII REBIRTH,23/01/2025,1818,FALSE,321,RX 6700 XT,Mid+,R6000,12,75,2021,479,15,N,Adventure,Y
2909400,FINAL FANTASY VII REBIRTH,23/01/2025,1818,FALSE,321,RX 6700 XT,Mid+,R6000,12,75,2021,479,15,N,Simulation,N
2909400,FINAL FANTASY VII REBIRTH,23/01/2025,1818,FALSE,321,RX 6700 XT,Mid+,R6000,12,75,2021,479,15,N,RPG,Y
2909400,FINAL FANTASY VII REBIRTH,23/01/2025,1818,FALSE,321,RX 6700 XT,Mid+,R6000,12,75,2021,479,15,N,Strategy,N
2909400,FINAL FANTASY VII REBIRTH,23/01/2025,1818,FALSE,321,RX 6700 XT,Mid+,R6000,12,75,2021,479,15,N,Free To Play,N
2515020,FINAL FANTASY XVI,17/09/2024,737,FALSE,589,RX 6700 XT,Mid+,R6000,12,75,2021,479,15,N,Action,Y
2515020,FINAL FANTASY XVI,17/09/2024,737,FALSE,589,RX 6700 XT,Mid+,R6000,12,75,2021,479,15,N,Indie,N
2515020,FINAL FANTASY XVI,17/09/2024,737,FALSE,589,RX 6700 XT,Mid+,R6000,12,75,2021,479,15,N,Adventure,N
2515020,FINAL FANTASY XVI,17/09/2024,737,FALSE,589,RX 6700 XT,Mid+,R6000,12,75,2021,479,15,N,Simulation,N
2515020,FINAL FANTASY XVI,17/09/2024,737,FALSE,589,RX 6700 XT,Mid+,R6000,12,75,2021,479,15,N,RPG,Y
2515020,FINAL FANTASY XVI,17/09/2024,737,FALSE,589,RX 6700 XT,Mid+,R6000,12,75,2021,479,15,N,Strategy,N
2515020,FINAL FANTASY XVI,17/09/2024,737,FALSE,589,RX 6700 XT,Mid+,R6000,12,75,2021,479,15,N,Free To Play,N
668580,Powernaut VANGARDT,20/02/2023,466,FALSE,807,RX 6700 XT,Mid+,R6000,12,75,2021,479,15,N,Action,Y
668580,Powernaut VANGARDT,20/02/2023,466,FALSE,807,RX 6700 XT,Mid+,R6000,12,75,2021,479,15,N,Indie,N
668580,Powernaut VANGARDT,20/02/2023,466,FALSE,807,RX 6700 XT,Mid+,R6000,12,75,2021,479,15,N,Adventure,Y
668580,Powernaut VANGARDT,20/02/2023,466,FALSE,807,RX 6700 XT,Mid+,R6000,12,75,2021,479,15,N,Simulation,N
668580,Powernaut VANGARDT,20/02/2023,466,FALSE,807,RX 6700 XT,Mid+,R6000,12,75,2021,479,15,N,RPG,Y
668580,Powernaut VANGARDT,20/02/2023,466,FALSE,807,RX 6700 XT,Mid+,R6000,12,75,2021,479,15,N,Strategy,N
668580,Powernaut VANGARDT,20/02/2023,466,FALSE,807,RX 6700 XT,Mid+,R6000,12,75,2021,479,15,N,Free To Play,N
16900,Fisher Online,14/08/2018,349,FALSE,947,RTX 4070,Mid+,GF40,12,85,2023,599,14,Y,Action,Y
16900,Fisher Online,14/08/2018,349,FALSE,947,RTX 4070,Mid+,GF40,12,85,2023,599,14,Y,Indie,Y
16900,Fisher Online,14/08/2018,349,FALSE,947,RTX 4070,Mid+,GF40,12,85,2023,599,14,Y,Adventure,N
16900,Fisher Online,14/08/2018,349,FALSE,947,RTX 4070,Mid+,GF40,12,85,2023,599,14,Y,Simulation,Y
16900,Fisher Online,14/08/2018,349,FALSE,947,RTX 4070,Mid+,GF40,12,85,2023,599,14,Y,RPG,N
16900,Fisher Online,14/08/2018,349,FALSE,947,RTX 4070,Mid+,GF40,12,85,2023,599,14,Y,Strategy,N
16900,Fisher Online,14/08/2018,349,FALSE,947,RTX 4070,Mid+,GF40,12,85,2023,599,14,Y,Free To Play,N
644930,They Are Billions,18/06/2019,2751,FALSE,244,RX 570,Lower,R500,8,25,2017,169,14,N,Action,N
644930,They Are Billions,18/06/2019,2751,FALSE,244,RX 570,Lower,R500,8,25,2017,169,14,N,Indie,N
644930,They Are Billions,18/06/2019,2751,FALSE,244,RX 570,Lower,R500,8,25,2017,169,14,N,Adventure,N
644930,They Are Billions,18/06/2019,2751,FALSE,244,RX 570,Lower,R500,8,25,2017,169,14,N,Simulation,N
644930,They Are Billions,18/06/2019,2751,FALSE,244,RX 570,Lower,R500,8,25,2017,169,14,N,RPG,N
644930,They Are Billions,18/06/2019,2751,FALSE,244,RX 570,Lower,R500,8,25,2017,169,14,N,Strategy,Y
644930,They Are Billions,18/06/2019,2751,FALSE,244,RX 570,Lower,R500,8,25,2017,169,14,N,Free To Play,N
812140,Assassin's Creed Odyssey,05/10/2018,2629,FALSE,251,RX 570,Lower,R500,8,25,2017,169,14,N,Action,Y
812140,Assassin's Creed Odyssey,05/10/2018,2629,FALSE,251,RX 570,Lower,R500,8,25,2017,169,14,N,Indie,N
812140,Assassin's Creed Odyssey,05/10/2018,2629,FALSE,251,RX 570,Lower,R500,8,25,2017,169,14,N,Adventure,Y
812140,Assassin's Creed Odyssey,05/10/2018,2629,FALSE,251,RX 570,Lower,R500,8,25,2017,169,14,N,Simulation,N
812140,Assassin's Creed Odyssey,05/10/2018,2629,FALSE,251,RX 570,Lower,R500,8,25,2017,169,14,N,RPG,Y
812140,Assassin's Creed Odyssey,05/10/2018,2629,FALSE,251,RX 570,Lower,R500,8,25,2017,169,14,N,Strategy,N
812140,Assassin's Creed Odyssey,05/10/2018,2629,FALSE,251,RX 570,Lower,R500,8,25,2017,169,14,N,Free To Play,N
2688950,Planet Coaster 2,06/11/2024,1213,FALSE,438,RTX 2070 SUPER,Mid+,GF20,8,70,2019,499,14,N,Action,N
2688950,Planet Coaster 2,06/11/2024,1213,FALSE,438,RTX 2070 SUPER,Mid+,GF20,8,70,2019,499,14,N,Indie,N
2688950,Planet Coaster 2,06/11/2024,1213,FALSE,438,RTX 2070 SUPER,Mid+,GF20,8,70,2019,499,14,N,Adventure,N
2688950,Planet Coaster 2,06/11/2024,1213,FALSE,438,RTX 2070 SUPER,Mid+,GF20,8,70,2019,499,14,N,Simulation,Y
2688950,Planet Coaster 2,06/11/2024,1213,FALSE,438,RTX 2070 SUPER,Mid+,GF20,8,70,2019,499,14,N,RPG,N
2688950,Planet Coaster 2,06/11/2024,1213,FALSE,438,RTX 2070 SUPER,Mid+,GF20,8,70,2019,499,14,N,Strategy,Y
2688950,Planet Coaster 2,06/11/2024,1213,FALSE,438,RTX 2070 SUPER,Mid+,GF20,8,70,2019,499,14,N,Free To Play,N
1466860,Age of Empires IV: Anniversary Edition,28/10/2021,7084,FALSE,122,RX 570,Lower,R500,8,25,2017,169,14,N,Action,N
1466860,Age of Empires IV: Anniversary Edition,28/10/2021,7084,FALSE,122,RX 570,Lower,R500,8,25,2017,169,14,N,Indie,N
1466860,Age of Empires IV: Anniversary Edition,28/10/2021,7084,FALSE,122,RX 570,Lower,R500,8,25,2017,169,14,N,Adventure,N
1466860,Age of Empires IV: Anniversary Edition,28/10/2021,7084,FALSE,122,RX 570,Lower,R500,8,25,2017,169,14,N,Simulation,N
1466860,Age of Empires IV: Anniversary Edition,28/10/2021,7084,FALSE,122,RX 570,Lower,R500,8,25,2017,169,14,N,RPG,N
1466860,Age of Empires IV: Anniversary Edition,28/10/2021,7084,FALSE,122,RX 570,Lower,R500,8,25,2017,169,14,N,Strategy,Y
1466860,Age of Empires IV: Anniversary Edition,28/10/2021,7084,FALSE,122,RX 570,Lower,R500,8,25,2017,169,14,N,Free To Play,N
1771300,Kingdom Come: Deliverance II,04/02/2025,7073,FALSE,123,RTX 4070,Mid+,GF40,12,85,2023,599,14,Y,Action,Y
1771300,Kingdom Come: Deliverance II,04/02/2025,7073,FALSE,123,RTX 4070,Mid+,GF40,12,85,2023,599,14,Y,Indie,N
1771300,Kingdom Come: Deliverance II,04/02/2025,7073,FALSE,123,RTX 4070,Mid+,GF40,12,85,2023,599,14,Y,Adventure,Y
1771300,Kingdom Come: Deliverance II,04/02/2025,7073,FALSE,123,RTX 4070,Mid+,GF40,12,85,2023,599,14,Y,Simulation,N
1771300,Kingdom Come: Deliverance II,04/02/2025,7073,FALSE,123,RTX 4070,Mid+,GF40,12,85,2023,599,14,Y,RPG,Y
1771300,Kingdom Come: Deliverance II,04/02/2025,7073,FALSE,123,RTX 4070,Mid+,GF40,12,85,2023,599,14,Y,Strategy,N
1771300,Kingdom Come: Deliverance II,04/02/2025,7073,FALSE,123,RTX 4070,Mid+,GF40,12,85,2023,599,14,Y,Free To Play,N
1180380,Stay Out,27/11/2019,995,FALSE,489,RX 570,Lower,R500,8,25,2017,169,14,N,Action,Y
1180380,Stay Out,27/11/2019,995,FALSE,489,RX 570,Lower,R500,8,25,2017,169,14,N,Indie,Y
1180380,Stay Out,27/11/2019,995,FALSE,489,RX 570,Lower,R500,8,25,2017,169,14,N,Adventure,N
1180380,Stay Out,27/11/2019,995,FALSE,489,RX 570,Lower,R500,8,25,2017,169,14,N,Simulation,N
1180380,Stay Out,27/11/2019,995,FALSE,489,RX 570,Lower,R500,8,25,2017,169,14,N,RPG,Y
1180380,Stay Out,27/11/2019,995,FALSE,489,RX 570,Lower,R500,8,25,2017,169,14,N,Strategy,N
1180380,Stay Out,27/11/2019,995,FALSE,489,RX 570,Lower,R500,8,25,2017,169,14,N,Free To Play,Y
601510,Yu-Gi-Oh! Duel Links,16/11/2017,1856,FALSE,312,RX 570,Lower,R500,8,25,2017,169,14,N,Action,N
601510,Yu-Gi-Oh! Duel Links,16/11/2017,1856,FALSE,312,RX 570,Lower,R500,8,25,2017,169,14,N,Indie,N
601510,Yu-Gi-Oh! Duel Links,16/11/2017,1856,FALSE,312,RX 570,Lower,R500,8,25,2017,169,14,N,Adventure,N
601510,Yu-Gi-Oh! Duel Links,16/11/2017,1856,FALSE,312,RX 570,Lower,R500,8,25,2017,169,14,N,Simulation,N
601510,Yu-Gi-Oh! Duel Links,16/11/2017,1856,FALSE,312,RX 570,Lower,R500,8,25,2017,169,14,N,RPG,N
601510,Yu-Gi-Oh! Duel Links,16/11/2017,1856,FALSE,312,RX 570,Lower,R500,8,25,2017,169,14,N,Strategy,Y
601510,Yu-Gi-Oh! Duel Links,16/11/2017,1856,FALSE,312,RX 570,Lower,R500,8,25,2017,169,14,N,Free To Play,Y
1040200,Monster Train,14/08/2024,596,FALSE,681,RTX 2070 SUPER,Mid+,GF20,8,70,2019,499,14,N,Action,Y
1040200,Monster Train,14/08/2024,596,FALSE,681,RTX 2070 SUPER,Mid+,GF20,8,70,2019,499,14,N,Indie,N
1040200,Monster Train,14/08/2024,596,FALSE,681,RTX 2070 SUPER,Mid+,GF20,8,70,2019,499,14,N,Adventure,N
1040200,Monster Train,14/08/2024,596,FALSE,681,RTX 2070 SUPER,Mid+,GF20,8,70,2019,499,14,N,Simulation,Y
1040200,Monster Train,14/08/2024,596,FALSE,681,RTX 2070 SUPER,Mid+,GF20,8,70,2019,499,14,N,RPG,N
1040200,Monster Train,14/08/2024,596,FALSE,681,RTX 2070 SUPER,Mid+,GF20,8,70,2019,499,14,N,Strategy,N
1040200,Monster Train,14/08/2024,596,FALSE,681,RTX 2070 SUPER,Mid+,GF20,8,70,2019,499,14,N,Free To Play,N
1466060,Tainted Grail: The Fall of Avalon,23/05/2025,8175,FALSE,110,RTX 2070 SUPER,Mid+,GF20,8,70,2019,499,14,N,Action,Y
1466060,Tainted Grail: The Fall of Avalon,23/05/2025,8175,FALSE,110,RTX 2070 SUPER,Mid+,GF20,8,70,2019,499,14,N,Indie,Y
1466060,Tainted Grail: The Fall of Avalon,23/05/2025,8175,FALSE,110,RTX 2070 SUPER,Mid+,GF20,8,70,2019,499,14,N,Adventure,Y
1466060,Tainted Grail: The Fall of Avalon,23/05/2025,8175,FALSE,110,RTX 2070 SUPER,Mid+,GF20,8,70,2019,499,14,N,Simulation,N
1466060,Tainted Grail: The Fall of Avalon,23/05/2025,8175,FALSE,110,RTX 2070 SUPER,Mid+,GF20,8,70,2019,499,14,N,RPG,Y
1466060,Tainted Grail: The Fall of Avalon,23/05/2025,8175,FALSE,110,RTX 2070 SUPER,Mid+,GF20,8,70,2019,499,14,N,Strategy,N
1466060,Tainted Grail: The Fall of Avalon,23/05/2025,8175,FALSE,110,RTX 2070 SUPER,Mid+,GF20,8,70,2019,499,14,N,Free To Play,N
1203620,Enshrouded,24/01/2024,10654,FALSE,92,RTX 2070 SUPER,Mid+,GF20,8,70,2019,499,14,N,Action,Y
1203620,Enshrouded,24/01/2024,10654,FALSE,92,RTX 2070 SUPER,Mid+,GF20,8,70,2019,499,14,N,Indie,Y
1203620,Enshrouded,24/01/2024,10654,FALSE,92,RTX 2070 SUPER,Mid+,GF20,8,70,2019,499,14,N,Adventure,Y
1203620,Enshrouded,24/01/2024,10654,FALSE,92,RTX 2070 SUPER,Mid+,GF20,8,70,2019,499,14,N,Simulation,N
1203620,Enshrouded,24/01/2024,10654,FALSE,92,RTX 2070 SUPER,Mid+,GF20,8,70,2019,499,14,N,RPG,Y
1203620,Enshrouded,24/01/2024,10654,FALSE,92,RTX 2070 SUPER,Mid+,GF20,8,70,2019,499,14,N,Strategy,N
1203620,Enshrouded,24/01/2024,10654,FALSE,92,RTX 2070 SUPER,Mid+,GF20,8,70,2019,499,14,N,Free To Play,N
848450,Ori and the Will of the Wisps,13/05/2021,698,TRUE,602,RX 570,Lower,R500,8,25,2017,169,14,N,Action,N
848450,Ori and the Will of the Wisps,13/05/2021,698,TRUE,602,RX 570,Lower,R500,8,25,2017,169,14,N,Indie,Y
848450,Ori and the Will of the Wisps,13/05/2021,698,TRUE,602,RX 570,Lower,R500,8,25,2017,169,14,N,Adventure,Y
848450,Ori and the Will of the Wisps,13/05/2021,698,TRUE,602,RX 570,Lower,R500,8,25,2017,169,14,N,Simulation,N
848450,Ori and the Will of the Wisps,13/05/2021,698,TRUE,602,RX 570,Lower,R500,8,25,2017,169,14,N,RPG,N
848450,Ori and the Will of the Wisps,13/05/2021,698,TRUE,602,RX 570,Lower,R500,8,25,2017,169,14,N,Strategy,N
848450,Ori and the Will of the Wisps,13/05/2021,698,TRUE,602,RX 570,Lower,R500,8,25,2017,169,14,N,Free To Play,N
548430,Deep Rock Galactic,13/05/2020,5216,FALSE,152,RX 570,Lower,R500,8,25,2017,169,14,N,Action,Y
548430,Deep Rock Galactic,13/05/2020,5216,FALSE,152,RX 570,Lower,R500,8,25,2017,169,14,N,Indie,N
548430,Deep Rock Galactic,13/05/2020,5216,FALSE,152,RX 570,Lower,R500,8,25,2017,169,14,N,Adventure,N
548430,Deep Rock Galactic,13/05/2020,5216,FALSE,152,RX 570,Lower,R500,8,25,2017,169,14,N,Simulation,N
548430,Deep Rock Galactic,13/05/2020,5216,FALSE,152,RX 570,Lower,R500,8,25,2017,169,14,N,RPG,N
548430,Deep Rock Galactic,13/05/2020,5216,FALSE,152,RX 570,Lower,R500,8,25,2017,169,14,N,Strategy,N
548430,Deep Rock Galactic,13/05/2020,5216,FALSE,152,RX 570,Lower,R500,8,25,2017,169,14,N,Free To Play,N
582660,Black Desert,24/05/2017,14345,FALSE,73,RX 570,Lower,R500,8,25,2017,169,14,N,Action,Y
582660,Black Desert,24/05/2017,14345,FALSE,73,RX 570,Lower,R500,8,25,2017,169,14,N,Indie,N
582660,Black Desert,24/05/2017,14345,FALSE,73,RX 570,Lower,R500,8,25,2017,169,14,N,Adventure,Y
582660,Black Desert,24/05/2017,14345,FALSE,73,RX 570,Lower,R500,8,25,2017,169,14,N,Simulation,N
582660,Black Desert,24/05/2017,14345,FALSE,73,RX 570,Lower,R500,8,25,2017,169,14,N,RPG,Y
582660,Black Desert,24/05/2017,14345,FALSE,73,RX 570,Lower,R500,8,25,2017,169,14,N,Strategy,Y
582660,Black Desert,24/05/2017,14345,FALSE,73,RX 570,Lower,R500,8,25,2017,169,14,N,Free To Play,N
392110,Haste,18/05/2017,359,TRUE,933,RX 570,Lower,R500,8,25,2017,169,14,N,Action,N
392110,Haste,18/05/2017,359,TRUE,933,RX 570,Lower,R500,8,25,2017,169,14,N,Indie,N
392110,Haste,18/05/2017,359,TRUE,933,RX 570,Lower,R500,8,25,2017,169,14,N,Adventure,N
392110,Haste,18/05/2017,359,TRUE,933,RX 570,Lower,R500,8,25,2017,169,14,N,Simulation,N
392110,Haste,18/05/2017,359,TRUE,933,RX 570,Lower,R500,8,25,2017,169,14,N,RPG,N
392110,Haste,18/05/2017,359,TRUE,933,RX 570,Lower,R500,8,25,2017,169,14,N,Strategy,Y
392110,Haste,18/05/2017,359,TRUE,933,RX 570,Lower,R500,8,25,2017,169,14,N,Free To Play,N
2186680,"Warhammer 40,000: Rogue Trader",07/12/2023,3582,TRUE,201,RX 570,Lower,R500,8,25,2017,169,14,N,Action,Y
2186680,"Warhammer 40,000: Rogue Trader",07/12/2023,3582,TRUE,201,RX 570,Lower,R500,8,25,2017,169,14,N,Indie,Y
2186680,"Warhammer 40,000: Rogue Trader",07/12/2023,3582,TRUE,201,RX 570,Lower,R500,8,25,2017,169,14,N,Adventure,Y
2186680,"Warhammer 40,000: Rogue Trader",07/12/2023,3582,TRUE,201,RX 570,Lower,R500,8,25,2017,169,14,N,Simulation,N
2186680,"Warhammer 40,000: Rogue Trader",07/12/2023,3582,TRUE,201,RX 570,Lower,R500,8,25,2017,169,14,N,RPG,Y
2186680,"Warhammer 40,000: Rogue Trader",07/12/2023,3582,TRUE,201,RX 570,Lower,R500,8,25,2017,169,14,N,Strategy,Y
2186680,"Warhammer 40,000: Rogue Trader",07/12/2023,3582,TRUE,201,RX 570,Lower,R500,8,25,2017,169,14,N,Free To Play,N
1056640,Phantasy Star Online 2 New Genesis,05/08/2020,1400,FALSE,394,RTX 2070 SUPER,Mid+,GF20,8,70,2019,499,14,N,Action,Y
1056640,Phantasy Star Online 2 New Genesis,05/08/2020,1400,FALSE,394,RTX 2070 SUPER,Mid+,GF20,8,70,2019,499,14,N,Indie,N
1056640,Phantasy Star Online 2 New Genesis,05/08/2020,1400,FALSE,394,RTX 2070 SUPER,Mid+,GF20,8,70,2019,499,14,N,Adventure,N
1056640,Phantasy Star Online 2 New Genesis,05/08/2020,1400,FALSE,394,RTX 2070 SUPER,Mid+,GF20,8,70,2019,499,14,N,Simulation,N
1056640,Phantasy Star Online 2 New Genesis,05/08/2020,1400,FALSE,394,RTX 2070 SUPER,Mid+,GF20,8,70,2019,499,14,N,RPG,Y
1056640,Phantasy Star Online 2 New Genesis,05/08/2020,1400,FALSE,394,RTX 2070 SUPER,Mid+,GF20,8,70,2019,499,14,N,Strategy,N
1056640,Phantasy Star Online 2 New Genesis,05/08/2020,1400,FALSE,394,RTX 2070 SUPER,Mid+,GF20,8,70,2019,499,14,N,Free To Play,Y
1922560,Plants vs. Zombies Garden Warfare 2: Deluxe Edition,16/05/2022,855,FALSE,541,RX 570,Lower,R500,8,25,2017,169,14,N,Action,Y
1922560,Plants vs. Zombies Garden Warfare 2: Deluxe Edition,16/05/2022,855,FALSE,541,RX 570,Lower,R500,8,25,2017,169,14,N,Indie,N
1922560,Plants vs. Zombies Garden Warfare 2: Deluxe Edition,16/05/2022,855,FALSE,541,RX 570,Lower,R500,8,25,2017,169,14,N,Adventure,N
1922560,Plants vs. Zombies Garden Warfare 2: Deluxe Edition,16/05/2022,855,FALSE,541,RX 570,Lower,R500,8,25,2017,169,14,N,Simulation,N
1922560,Plants vs. Zombies Garden Warfare 2: Deluxe Edition,16/05/2022,855,FALSE,541,RX 570,Lower,R500,8,25,2017,169,14,N,RPG,N
1922560,Plants vs. Zombies Garden Warfare 2: Deluxe Edition,16/05/2022,855,FALSE,541,RX 570,Lower,R500,8,25,2017,169,14,N,Strategy,Y
1922560,Plants vs. Zombies Garden Warfare 2: Deluxe Edition,16/05/2022,855,FALSE,541,RX 570,Lower,R500,8,25,2017,169,14,N,Free To Play,N
784080,The Elder Scrolls III: Morrowind Game of the Year Edition,26/05/2021,636,FALSE,645,GTX 1070,Mid,GF10,8,50,2016,379,13,N,Action,Y
784080,The Elder Scrolls III: Morrowind Game of the Year Edition,26/05/2021,636,FALSE,645,GTX 1070,Mid,GF10,8,50,2016,379,13,N,Indie,N
784080,The Elder Scrolls III: Morrowind Game of the Year Edition,26/05/2021,636,FALSE,645,GTX 1070,Mid,GF10,8,50,2016,379,13,N,Adventure,N
784080,The Elder Scrolls III: Morrowind Game of the Year Edition,26/05/2021,636,FALSE,645,GTX 1070,Mid,GF10,8,50,2016,379,13,N,Simulation,Y
784080,The Elder Scrolls III: Morrowind Game of the Year Edition,26/05/2021,636,FALSE,645,GTX 1070,Mid,GF10,8,50,2016,379,13,N,RPG,N
784080,The Elder Scrolls III: Morrowind Game of the Year Edition,26/05/2021,636,FALSE,645,GTX 1070,Mid,GF10,8,50,2016,379,13,N,Strategy,N
784080,The Elder Scrolls III: Morrowind Game of the Year Edition,26/05/2021,636,FALSE,645,GTX 1070,Mid,GF10,8,50,2016,379,13,N,Free To Play,N
1021210,DRAGON QUEST III HD-2D Remake,02/06/2025,527,TRUE,737,GTX 1070,Mid,GF10,8,50,2016,379,13,N,Action,Y
1021210,DRAGON QUEST III HD-2D Remake,02/06/2025,527,TRUE,737,GTX 1070,Mid,GF10,8,50,2016,379,13,N,Indie,Y
1021210,DRAGON QUEST III HD-2D Remake,02/06/2025,527,TRUE,737,GTX 1070,Mid,GF10,8,50,2016,379,13,N,Adventure,N
1021210,DRAGON QUEST III HD-2D Remake,02/06/2025,527,TRUE,737,GTX 1070,Mid,GF10,8,50,2016,379,13,N,Simulation,N
1021210,DRAGON QUEST III HD-2D Remake,02/06/2025,527,TRUE,737,GTX 1070,Mid,GF10,8,50,2016,379,13,N,RPG,Y
1021210,DRAGON QUEST III HD-2D Remake,02/06/2025,527,TRUE,737,GTX 1070,Mid,GF10,8,50,2016,379,13,N,Strategy,Y
1021210,DRAGON QUEST III HD-2D Remake,02/06/2025,527,TRUE,737,GTX 1070,Mid,GF10,8,50,2016,379,13,N,Free To Play,N
1449560,Metro Exodus,14/02/2020,1391,TRUE,396,GTX 1070,Mid,GF10,8,50,2016,379,13,N,Action,Y
1449560,Metro Exodus,14/02/2020,1391,TRUE,396,GTX 1070,Mid,GF10,8,50,2016,379,13,N,Indie,N
1449560,Metro Exodus,14/02/2020,1391,TRUE,396,GTX 1070,Mid,GF10,8,50,2016,379,13,N,Adventure,N
1449560,Metro Exodus,14/02/2020,1391,TRUE,396,GTX 1070,Mid,GF10,8,50,2016,379,13,N,Simulation,N
1449560,Metro Exodus,14/02/2020,1391,TRUE,396,GTX 1070,Mid,GF10,8,50,2016,379,13,N,RPG,N
1449560,Metro Exodus,14/02/2020,1391,TRUE,396,GTX 1070,Mid,GF10,8,50,2016,379,13,N,Strategy,N
1449560,Metro Exodus,14/02/2020,1391,TRUE,396,GTX 1070,Mid,GF10,8,50,2016,379,13,N,Free To Play,N
1721470,OMSI 2: Steam Edition,12/10/2021,588,FALSE,689,RX 580,Mid,R500,8,30,2017,229,13,N,Action,Y
1721470,OMSI 2: Steam Edition,12/10/2021,588,FALSE,689,RX 580,Mid,R500,8,30,2017,229,13,N,Indie,Y
1721470,OMSI 2: Steam Edition,12/10/2021,588,FALSE,689,RX 580,Mid,R500,8,30,2017,229,13,N,Adventure,Y
1721470,OMSI 2: Steam Edition,12/10/2021,588,FALSE,689,RX 580,Mid,R500,8,30,2017,229,13,N,Simulation,N
1721470,OMSI 2: Steam Edition,12/10/2021,588,FALSE,689,RX 580,Mid,R500,8,30,2017,229,13,N,RPG,N
1721470,OMSI 2: Steam Edition,12/10/2021,588,FALSE,689,RX 580,Mid,R500,8,30,2017,229,13,N,Strategy,N
1721470,OMSI 2: Steam Edition,12/10/2021,588,FALSE,689,RX 580,Mid,R500,8,30,2017,229,13,N,Free To Play,N
1244460,Jurassic World Evolution 2,09/11/2021,1413,FALSE,392,GTX 1070,Mid,GF10,8,50,2016,379,13,N,Action,N
1244460,Jurassic World Evolution 2,09/11/2021,1413,FALSE,392,GTX 1070,Mid,GF10,8,50,2016,379,13,N,Indie,N
1244460,Jurassic World Evolution 2,09/11/2021,1413,FALSE,392,GTX 1070,Mid,GF10,8,50,2016,379,13,N,Adventure,N
1244460,Jurassic World Evolution 2,09/11/2021,1413,FALSE,392,GTX 1070,Mid,GF10,8,50,2016,379,13,N,Simulation,Y
1244460,Jurassic World Evolution 2,09/11/2021,1413,FALSE,392,GTX 1070,Mid,GF10,8,50,2016,379,13,N,RPG,N
1244460,Jurassic World Evolution 2,09/11/2021,1413,FALSE,392,GTX 1070,Mid,GF10,8,50,2016,379,13,N,Strategy,Y
1244460,Jurassic World Evolution 2,09/11/2021,1413,FALSE,392,GTX 1070,Mid,GF10,8,50,2016,379,13,N,Free To Play,N
2668510,Undisputed,29/10/2024,504,FALSE,765,RTX 2070,Mid+,GF20,8,65,2018,499,13,N,Action,Y
2668510,Undisputed,29/10/2024,504,FALSE,765,RTX 2070,Mid+,GF20,8,65,2018,499,13,N,Indie,N
2668510,Undisputed,29/10/2024,504,FALSE,765,RTX 2070,Mid+,GF20,8,65,2018,499,13,N,Adventure,N
2668510,Undisputed,29/10/2024,504,FALSE,765,RTX 2070,Mid+,GF20,8,65,2018,499,13,N,Simulation,N
2668510,Undisputed,29/10/2024,504,FALSE,765,RTX 2070,Mid+,GF20,8,65,2018,499,13,N,RPG,N
2668510,Undisputed,29/10/2024,504,FALSE,765,RTX 2070,Mid+,GF20,8,65,2018,499,13,N,Strategy,N
2668510,Undisputed,29/10/2024,504,FALSE,765,RTX 2070,Mid+,GF20,8,65,2018,499,13,N,Free To Play,N
412020,ASKA,14/02/2020,702,TRUE,598,GTX 1070,Mid,GF10,8,50,2016,379,13,N,Action,Y
412020,ASKA,14/02/2020,702,TRUE,598,GTX 1070,Mid,GF10,8,50,2016,379,13,N,Indie,N
412020,ASKA,14/02/2020,702,TRUE,598,GTX 1070,Mid,GF10,8,50,2016,379,13,N,Adventure,N
412020,ASKA,14/02/2020,702,TRUE,598,GTX 1070,Mid,GF10,8,50,2016,379,13,N,Simulation,N
412020,ASKA,14/02/2020,702,TRUE,598,GTX 1070,Mid,GF10,8,50,2016,379,13,N,RPG,N
412020,ASKA,14/02/2020,702,TRUE,598,GTX 1070,Mid,GF10,8,50,2016,379,13,N,Strategy,N
412020,ASKA,14/02/2020,702,TRUE,598,GTX 1070,Mid,GF10,8,50,2016,379,13,N,Free To Play,N
1824220,Chivalry 2,12/06/2022,1565,FALSE,361,GTX 1070,Mid,GF10,8,50,2016,379,13,N,Action,Y
1824220,Chivalry 2,12/06/2022,1565,FALSE,361,GTX 1070,Mid,GF10,8,50,2016,379,13,N,Indie,N
1824220,Chivalry 2,12/06/2022,1565,FALSE,361,GTX 1070,Mid,GF10,8,50,2016,379,13,N,Adventure,N
1824220,Chivalry 2,12/06/2022,1565,FALSE,361,GTX 1070,Mid,GF10,8,50,2016,379,13,N,Simulation,N
1824220,Chivalry 2,12/06/2022,1565,FALSE,361,GTX 1070,Mid,GF10,8,50,2016,379,13,N,RPG,N
1824220,Chivalry 2,12/06/2022,1565,FALSE,361,GTX 1070,Mid,GF10,8,50,2016,379,13,N,Strategy,N
1824220,Chivalry 2,12/06/2022,1565,FALSE,361,GTX 1070,Mid,GF10,8,50,2016,379,13,N,Free To Play,N
1657630,Sleeping Dogs: Definitive Edition,23/09/2025,524,FALSE,741,RTX 2070,Mid+,GF20,8,65,2018,499,13,N,Action,Y
1657630,Sleeping Dogs: Definitive Edition,23/09/2025,524,FALSE,741,RTX 2070,Mid+,GF20,8,65,2018,499,13,N,Indie,Y
1657630,Sleeping Dogs: Definitive Edition,23/09/2025,524,FALSE,741,RTX 2070,Mid+,GF20,8,65,2018,499,13,N,Adventure,Y
1657630,Sleeping Dogs: Definitive Edition,23/09/2025,524,FALSE,741,RTX 2070,Mid+,GF20,8,65,2018,499,13,N,Simulation,Y
1657630,Sleeping Dogs: Definitive Edition,23/09/2025,524,FALSE,741,RTX 2070,Mid+,GF20,8,65,2018,499,13,N,RPG,N
1657630,Sleeping Dogs: Definitive Edition,23/09/2025,524,FALSE,741,RTX 2070,Mid+,GF20,8,65,2018,499,13,N,Strategy,N
1657630,Sleeping Dogs: Definitive Edition,23/09/2025,524,FALSE,741,RTX 2070,Mid+,GF20,8,65,2018,499,13,N,Free To Play,N
1575940,Will To Live Online,15/08/2024,544,FALSE,729,RX 580,Mid,R500,8,30,2017,229,13,N,Action,N
1575940,Will To Live Online,15/08/2024,544,FALSE,729,RX 580,Mid,R500,8,30,2017,229,13,N,Indie,N
1575940,Will To Live Online,15/08/2024,544,FALSE,729,RX 580,Mid,R500,8,30,2017,229,13,N,Adventure,N
1575940,Will To Live Online,15/08/2024,544,FALSE,729,RX 580,Mid,R500,8,30,2017,229,13,N,Simulation,Y
1575940,Will To Live Online,15/08/2024,544,FALSE,729,RX 580,Mid,R500,8,30,2017,229,13,N,RPG,N
1575940,Will To Live Online,15/08/2024,544,FALSE,729,RX 580,Mid,R500,8,30,2017,229,13,N,Strategy,Y
1575940,Will To Live Online,15/08/2024,544,FALSE,729,RX 580,Mid,R500,8,30,2017,229,13,N,Free To Play,N
1069660,Two Point Hospital,25/01/2023,521,FALSE,745,RX 580,Mid,R500,8,30,2017,229,13,N,Action,N
1069660,Two Point Hospital,25/01/2023,521,FALSE,745,RX 580,Mid,R500,8,30,2017,229,13,N,Indie,Y
1069660,Two Point Hospital,25/01/2023,521,FALSE,745,RX 580,Mid,R500,8,30,2017,229,13,N,Adventure,N
1069660,Two Point Hospital,25/01/2023,521,FALSE,745,RX 580,Mid,R500,8,30,2017,229,13,N,Simulation,Y
1069660,Two Point Hospital,25/01/2023,521,FALSE,745,RX 580,Mid,R500,8,30,2017,229,13,N,RPG,Y
1069660,Two Point Hospital,25/01/2023,521,FALSE,745,RX 580,Mid,R500,8,30,2017,229,13,N,Strategy,Y
1069660,Two Point Hospital,25/01/2023,521,FALSE,745,RX 580,Mid,R500,8,30,2017,229,13,N,Free To Play,N
2239710,TEKKEN 7,09/04/2025,599,TRUE,675,RTX 2070,Mid+,GF20,8,65,2018,499,13,N,Action,Y
2239710,TEKKEN 7,09/04/2025,599,TRUE,675,RTX 2070,Mid+,GF20,8,65,2018,499,13,N,Indie,N
2239710,TEKKEN 7,09/04/2025,599,TRUE,675,RTX 2070,Mid+,GF20,8,65,2018,499,13,N,Adventure,N
2239710,TEKKEN 7,09/04/2025,599,TRUE,675,RTX 2070,Mid+,GF20,8,65,2018,499,13,N,Simulation,Y
2239710,TEKKEN 7,09/04/2025,599,TRUE,675,RTX 2070,Mid+,GF20,8,65,2018,499,13,N,RPG,N
2239710,TEKKEN 7,09/04/2025,599,TRUE,675,RTX 2070,Mid+,GF20,8,65,2018,499,13,N,Strategy,Y
2239710,TEKKEN 7,09/04/2025,599,TRUE,675,RTX 2070,Mid+,GF20,8,65,2018,499,13,N,Free To Play,N
1651560,Amazing Cultivation Simulator,13/05/2024,598,FALSE,679,GTX 1070,Mid,GF10,8,50,2016,379,13,N,Action,N
1651560,Amazing Cultivation Simulator,13/05/2024,598,FALSE,679,GTX 1070,Mid,GF10,8,50,2016,379,13,N,Indie,N
1651560,Amazing Cultivation Simulator,13/05/2024,598,FALSE,679,GTX 1070,Mid,GF10,8,50,2016,379,13,N,Adventure,N
1651560,Amazing Cultivation Simulator,13/05/2024,598,FALSE,679,GTX 1070,Mid,GF10,8,50,2016,379,13,N,Simulation,Y
1651560,Amazing Cultivation Simulator,13/05/2024,598,FALSE,679,GTX 1070,Mid,GF10,8,50,2016,379,13,N,RPG,N
1651560,Amazing Cultivation Simulator,13/05/2024,598,FALSE,679,GTX 1070,Mid,GF10,8,50,2016,379,13,N,Strategy,Y
1651560,Amazing Cultivation Simulator,13/05/2024,598,FALSE,679,GTX 1070,Mid,GF10,8,50,2016,379,13,N,Free To Play,N
516750,My Summer Car,08/01/2025,1044,FALSE,474,GTX 1070,Mid,GF10,8,50,2016,379,13,N,Action,N
516750,My Summer Car,08/01/2025,1044,FALSE,474,GTX 1070,Mid,GF10,8,50,2016,379,13,N,Indie,Y
516750,My Summer Car,08/01/2025,1044,FALSE,474,GTX 1070,Mid,GF10,8,50,2016,379,13,N,Adventure,N
516750,My Summer Car,08/01/2025,1044,FALSE,474,GTX 1070,Mid,GF10,8,50,2016,379,13,N,Simulation,Y
516750,My Summer Car,08/01/2025,1044,FALSE,474,GTX 1070,Mid,GF10,8,50,2016,379,13,N,RPG,N
516750,My Summer Car,08/01/2025,1044,FALSE,474,GTX 1070,Mid,GF10,8,50,2016,379,13,N,Strategy,N
516750,My Summer Car,08/01/2025,1044,FALSE,474,GTX 1070,Mid,GF10,8,50,2016,379,13,N,Free To Play,N
1371580,Myth of Empires,21/02/2024,2060,FALSE,299,RX 580,Mid,R500,8,30,2017,229,13,N,Action,Y
1371580,Myth of Empires,21/02/2024,2060,FALSE,299,RX 580,Mid,R500,8,30,2017,229,13,N,Indie,Y
1371580,Myth of Empires,21/02/2024,2060,FALSE,299,RX 580,Mid,R500,8,30,2017,229,13,N,Adventure,Y
1371580,Myth of Empires,21/02/2024,2060,FALSE,299,RX 580,Mid,R500,8,30,2017,229,13,N,Simulation,N
1371580,Myth of Empires,21/02/2024,2060,FALSE,299,RX 580,Mid,R500,8,30,2017,229,13,N,RPG,Y
1371580,Myth of Empires,21/02/2024,2060,FALSE,299,RX 580,Mid,R500,8,30,2017,229,13,N,Strategy,N
1371580,Myth of Empires,21/02/2024,2060,FALSE,299,RX 580,Mid,R500,8,30,2017,229,13,N,Free To Play,N
2488620,F1 24,31/05/2024,2067,FALSE,298,RTX 2070,Mid+,GF20,8,65,2018,499,13,N,Action,N
2488620,F1 24,31/05/2024,2067,FALSE,298,RTX 2070,Mid+,GF20,8,65,2018,499,13,N,Indie,N
2488620,F1 24,31/05/2024,2067,FALSE,298,RTX 2070,Mid+,GF20,8,65,2018,499,13,N,Adventure,N
2488620,F1 24,31/05/2024,2067,FALSE,298,RTX 2070,Mid+,GF20,8,65,2018,499,13,N,Simulation,N
2488620,F1 24,31/05/2024,2067,FALSE,298,RTX 2070,Mid+,GF20,8,65,2018,499,13,N,RPG,N
2488620,F1 24,31/05/2024,2067,FALSE,298,RTX 2070,Mid+,GF20,8,65,2018,499,13,N,Strategy,N
2488620,F1 24,31/05/2024,2067,FALSE,298,RTX 2070,Mid+,GF20,8,65,2018,499,13,N,Free To Play,N
1374490,RuneScape: Dragonwilds,15/04/2025,851,FALSE,545,RTX 2070,Mid+,GF20,8,65,2018,499,13,N,Action,Y
1374490,RuneScape: Dragonwilds,15/04/2025,851,FALSE,545,RTX 2070,Mid+,GF20,8,65,2018,499,13,N,Indie,N
1374490,RuneScape: Dragonwilds,15/04/2025,851,FALSE,545,RTX 2070,Mid+,GF20,8,65,2018,499,13,N,Adventure,Y
1374490,RuneScape: Dragonwilds,15/04/2025,851,FALSE,545,RTX 2070,Mid+,GF20,8,65,2018,499,13,N,Simulation,N
1374490,RuneScape: Dragonwilds,15/04/2025,851,FALSE,545,RTX 2070,Mid+,GF20,8,65,2018,499,13,N,RPG,Y
1374490,RuneScape: Dragonwilds,15/04/2025,851,FALSE,545,RTX 2070,Mid+,GF20,8,65,2018,499,13,N,Strategy,N
1374490,RuneScape: Dragonwilds,15/04/2025,851,FALSE,545,RTX 2070,Mid+,GF20,8,65,2018,499,13,N,Free To Play,N
1235140,Ascension,10/11/2020,470,FALSE,802,RX 580,Mid,R500,8,30,2017,229,13,N,Action,Y
1235140,Ascension,10/11/2020,470,FALSE,802,RX 580,Mid,R500,8,30,2017,229,13,N,Indie,N
1235140,Ascension,10/11/2020,470,FALSE,802,RX 580,Mid,R500,8,30,2017,229,13,N,Adventure,Y
1235140,Ascension,10/11/2020,470,FALSE,802,RX 580,Mid,R500,8,30,2017,229,13,N,Simulation,N
1235140,Ascension,10/11/2020,470,FALSE,802,RX 580,Mid,R500,8,30,2017,229,13,N,RPG,Y
1235140,Ascension,10/11/2020,470,FALSE,802,RX 580,Mid,R500,8,30,2017,229,13,N,Strategy,N
1235140,Ascension,10/11/2020,470,FALSE,802,RX 580,Mid,R500,8,30,2017,229,13,N,Free To Play,N
805550,Assetto Corsa Competizione,29/05/2019,1479,FALSE,377,GTX 1070,Mid,GF10,8,50,2016,379,13,N,Action,N
805550,Assetto Corsa Competizione,29/05/2019,1479,FALSE,377,GTX 1070,Mid,GF10,8,50,2016,379,13,N,Indie,N
805550,Assetto Corsa Competizione,29/05/2019,1479,FALSE,377,GTX 1070,Mid,GF10,8,50,2016,379,13,N,Adventure,N
805550,Assetto Corsa Competizione,29/05/2019,1479,FALSE,377,GTX 1070,Mid,GF10,8,50,2016,379,13,N,Simulation,Y
805550,Assetto Corsa Competizione,29/05/2019,1479,FALSE,377,GTX 1070,Mid,GF10,8,50,2016,379,13,N,RPG,N
805550,Assetto Corsa Competizione,29/05/2019,1479,FALSE,377,GTX 1070,Mid,GF10,8,50,2016,379,13,N,Strategy,N
805550,Assetto Corsa Competizione,29/05/2019,1479,FALSE,377,GTX 1070,Mid,GF10,8,50,2016,379,13,N,Free To Play,N
690790,Cellveillance,25/02/2019,631,FALSE,651,GTX 1070,Mid,GF10,8,50,2016,379,13,N,Action,N
690790,Cellveillance,25/02/2019,631,FALSE,651,GTX 1070,Mid,GF10,8,50,2016,379,13,N,Indie,N
690790,Cellveillance,25/02/2019,631,FALSE,651,GTX 1070,Mid,GF10,8,50,2016,379,13,N,Adventure,N
690790,Cellveillance,25/02/2019,631,FALSE,651,GTX 1070,Mid,GF10,8,50,2016,379,13,N,Simulation,Y
690790,Cellveillance,25/02/2019,631,FALSE,651,GTX 1070,Mid,GF10,8,50,2016,379,13,N,RPG,N
690790,Cellveillance,25/02/2019,631,FALSE,651,GTX 1070,Mid,GF10,8,50,2016,379,13,N,Strategy,N
690790,Cellveillance,25/02/2019,631,FALSE,651,GTX 1070,Mid,GF10,8,50,2016,379,13,N,Free To Play,N
1172380,STAR WARS Jedi: Fallen Order,14/11/2019,1354,FALSE,405,GTX 1070,Mid,GF10,8,50,2016,379,13,N,Action,Y
1172380,STAR WARS Jedi: Fallen Order,14/11/2019,1354,FALSE,405,GTX 1070,Mid,GF10,8,50,2016,379,13,N,Indie,N
1172380,STAR WARS Jedi: Fallen Order,14/11/2019,1354,FALSE,405,GTX 1070,Mid,GF10,8,50,2016,379,13,N,Adventure,Y
1172380,STAR WARS Jedi: Fallen Order,14/11/2019,1354,FALSE,405,GTX 1070,Mid,GF10,8,50,2016,379,13,N,Simulation,N
1172380,STAR WARS Jedi: Fallen Order,14/11/2019,1354,FALSE,405,GTX 1070,Mid,GF10,8,50,2016,379,13,N,RPG,N
1172380,STAR WARS Jedi: Fallen Order,14/11/2019,1354,FALSE,405,GTX 1070,Mid,GF10,8,50,2016,379,13,N,Strategy,N
1172380,STAR WARS Jedi: Fallen Order,14/11/2019,1354,FALSE,405,GTX 1070,Mid,GF10,8,50,2016,379,13,N,Free To Play,N
1151640,Deadside,07/08/2020,700,FALSE,601,RX 580,Mid,R500,8,30,2017,229,13,N,Action,Y
1151640,Deadside,07/08/2020,700,FALSE,601,RX 580,Mid,R500,8,30,2017,229,13,N,Indie,N
1151640,Deadside,07/08/2020,700,FALSE,601,RX 580,Mid,R500,8,30,2017,229,13,N,Adventure,Y
1151640,Deadside,07/08/2020,700,FALSE,601,RX 580,Mid,R500,8,30,2017,229,13,N,Simulation,N
1151640,Deadside,07/08/2020,700,FALSE,601,RX 580,Mid,R500,8,30,2017,229,13,N,RPG,Y
1151640,Deadside,07/08/2020,700,FALSE,601,RX 580,Mid,R500,8,30,2017,229,13,N,Strategy,N
1151640,Deadside,07/08/2020,700,FALSE,601,RX 580,Mid,R500,8,30,2017,229,13,N,Free To Play,N
2962300,Backrooms: Escape Together,19/12/2024,573,FALSE,700,RTX 2070,Mid+,GF20,8,65,2018,499,13,N,Action,N
2962300,Backrooms: Escape Together,19/12/2024,573,FALSE,700,RTX 2070,Mid+,GF20,8,65,2018,499,13,N,Indie,N
2962300,Backrooms: Escape Together,19/12/2024,573,FALSE,700,RTX 2070,Mid+,GF20,8,65,2018,499,13,N,Adventure,Y
2962300,Backrooms: Escape Together,19/12/2024,573,FALSE,700,RTX 2070,Mid+,GF20,8,65,2018,499,13,N,Simulation,N
2962300,Backrooms: Escape Together,19/12/2024,573,FALSE,700,RTX 2070,Mid+,GF20,8,65,2018,499,13,N,RPG,Y
2962300,Backrooms: Escape Together,19/12/2024,573,FALSE,700,RTX 2070,Mid+,GF20,8,65,2018,499,13,N,Strategy,N
2962300,Backrooms: Escape Together,19/12/2024,573,FALSE,700,RTX 2070,Mid+,GF20,8,65,2018,499,13,N,Free To Play,Y
3070070,TCG Card Shop Simulator,15/09/2024,1661,FALSE,340,GTX 1070,Mid,GF10,8,50,2016,379,13,N,Action,N
3070070,TCG Card Shop Simulator,15/09/2024,1661,FALSE,340,GTX 1070,Mid,GF10,8,50,2016,379,13,N,Indie,N
3070070,TCG Card Shop Simulator,15/09/2024,1661,FALSE,340,GTX 1070,Mid,GF10,8,50,2016,379,13,N,Adventure,N
3070070,TCG Card Shop Simulator,15/09/2024,1661,FALSE,340,GTX 1070,Mid,GF10,8,50,2016,379,13,N,Simulation,Y
3070070,TCG Card Shop Simulator,15/09/2024,1661,FALSE,340,GTX 1070,Mid,GF10,8,50,2016,379,13,N,RPG,N
3070070,TCG Card Shop Simulator,15/09/2024,1661,FALSE,340,GTX 1070,Mid,GF10,8,50,2016,379,13,N,Strategy,N
3070070,TCG Card Shop Simulator,15/09/2024,1661,FALSE,340,GTX 1070,Mid,GF10,8,50,2016,379,13,N,Free To Play,N
1845910,Dragon Age: The Veilguard,31/10/2024,804,FALSE,560,RTX 2070,Mid+,GF20,8,65,2018,499,13,N,Action,Y
1845910,Dragon Age: The Veilguard,31/10/2024,804,FALSE,560,RTX 2070,Mid+,GF20,8,65,2018,499,13,N,Indie,N
1845910,Dragon Age: The Veilguard,31/10/2024,804,FALSE,560,RTX 2070,Mid+,GF20,8,65,2018,499,13,N,Adventure,Y
1845910,Dragon Age: The Veilguard,31/10/2024,804,FALSE,560,RTX 2070,Mid+,GF20,8,65,2018,499,13,N,Simulation,N
1845910,Dragon Age: The Veilguard,31/10/2024,804,FALSE,560,RTX 2070,Mid+,GF20,8,65,2018,499,13,N,RPG,Y
1845910,Dragon Age: The Veilguard,31/10/2024,804,FALSE,560,RTX 2070,Mid+,GF20,8,65,2018,499,13,N,Strategy,Y
1845910,Dragon Age: The Veilguard,31/10/2024,804,FALSE,560,RTX 2070,Mid+,GF20,8,65,2018,499,13,N,Free To Play,N
1817800,Oddsparks: An Automation Adventure,27/05/2025,808,FALSE,558,GTX 1070,Mid,GF10,8,50,2016,379,13,N,Action,N
1817800,Oddsparks: An Automation Adventure,27/05/2025,808,FALSE,558,GTX 1070,Mid,GF10,8,50,2016,379,13,N,Indie,Y
1817800,Oddsparks: An Automation Adventure,27/05/2025,808,FALSE,558,GTX 1070,Mid,GF10,8,50,2016,379,13,N,Adventure,Y
1817800,Oddsparks: An Automation Adventure,27/05/2025,808,FALSE,558,GTX 1070,Mid,GF10,8,50,2016,379,13,N,Simulation,Y
1817800,Oddsparks: An Automation Adventure,27/05/2025,808,FALSE,558,GTX 1070,Mid,GF10,8,50,2016,379,13,N,RPG,N
1817800,Oddsparks: An Automation Adventure,27/05/2025,808,FALSE,558,GTX 1070,Mid,GF10,8,50,2016,379,13,N,Strategy,Y
1817800,Oddsparks: An Automation Adventure,27/05/2025,808,FALSE,558,GTX 1070,Mid,GF10,8,50,2016,379,13,N,Free To Play,N
1259420,Days Gone,17/05/2021,1600,FALSE,352,RX 580,Mid,R500,8,30,2017,229,13,N,Action,Y
1259420,Days Gone,17/05/2021,1600,FALSE,352,RX 580,Mid,R500,8,30,2017,229,13,N,Indie,N
1259420,Days Gone,17/05/2021,1600,FALSE,352,RX 580,Mid,R500,8,30,2017,229,13,N,Adventure,Y
1259420,Days Gone,17/05/2021,1600,FALSE,352,RX 580,Mid,R500,8,30,2017,229,13,N,Simulation,N
1259420,Days Gone,17/05/2021,1600,FALSE,352,RX 580,Mid,R500,8,30,2017,229,13,N,RPG,N
1259420,Days Gone,17/05/2021,1600,FALSE,352,RX 580,Mid,R500,8,30,2017,229,13,N,Strategy,N
1259420,Days Gone,17/05/2021,1600,FALSE,352,RX 580,Mid,R500,8,30,2017,229,13,N,Free To Play,N
2384580,DYNASTY WARRIORS: ORIGINS,16/01/2025,1314,FALSE,413,RTX 2070,Mid+,GF20,8,65,2018,499,13,N,Action,Y
2384580,DYNASTY WARRIORS: ORIGINS,16/01/2025,1314,FALSE,413,RTX 2070,Mid+,GF20,8,65,2018,499,13,N,Indie,N
2384580,DYNASTY WARRIORS: ORIGINS,16/01/2025,1314,FALSE,413,RTX 2070,Mid+,GF20,8,65,2018,499,13,N,Adventure,N
2384580,DYNASTY WARRIORS: ORIGINS,16/01/2025,1314,FALSE,413,RTX 2070,Mid+,GF20,8,65,2018,499,13,N,Simulation,N
2384580,DYNASTY WARRIORS: ORIGINS,16/01/2025,1314,FALSE,413,RTX 2070,Mid+,GF20,8,65,2018,499,13,N,RPG,Y
2384580,DYNASTY WARRIORS: ORIGINS,16/01/2025,1314,FALSE,413,RTX 2070,Mid+,GF20,8,65,2018,499,13,N,Strategy,Y
2384580,DYNASTY WARRIORS: ORIGINS,16/01/2025,1314,FALSE,413,RTX 2070,Mid+,GF20,8,65,2018,499,13,N,Free To Play,N
1149620,Gas Station Simulator,15/09/2021,958,TRUE,506,GTX 1070,Mid,GF10,8,50,2016,379,13,N,Action,N
1149620,Gas Station Simulator,15/09/2021,958,TRUE,506,GTX 1070,Mid,GF10,8,50,2016,379,13,N,Indie,Y
1149620,Gas Station Simulator,15/09/2021,958,TRUE,506,GTX 1070,Mid,GF10,8,50,2016,379,13,N,Adventure,N
1149620,Gas Station Simulator,15/09/2021,958,TRUE,506,GTX 1070,Mid,GF10,8,50,2016,379,13,N,Simulation,Y
1149620,Gas Station Simulator,15/09/2021,958,TRUE,506,GTX 1070,Mid,GF10,8,50,2016,379,13,N,RPG,N
1149620,Gas Station Simulator,15/09/2021,958,TRUE,506,GTX 1070,Mid,GF10,8,50,2016,379,13,N,Strategy,N
1149620,Gas Station Simulator,15/09/2021,958,TRUE,506,GTX 1070,Mid,GF10,8,50,2016,379,13,N,Free To Play,N
1876890,Wandering Sword,14/09/2023,1679,FALSE,338,RX 580,Mid,R500,8,30,2017,229,13,N,Action,N
1876890,Wandering Sword,14/09/2023,1679,FALSE,338,RX 580,Mid,R500,8,30,2017,229,13,N,Indie,Y
1876890,Wandering Sword,14/09/2023,1679,FALSE,338,RX 580,Mid,R500,8,30,2017,229,13,N,Adventure,Y
1876890,Wandering Sword,14/09/2023,1679,FALSE,338,RX 580,Mid,R500,8,30,2017,229,13,N,Simulation,N
1876890,Wandering Sword,14/09/2023,1679,FALSE,338,RX 580,Mid,R500,8,30,2017,229,13,N,RPG,Y
1876890,Wandering Sword,14/09/2023,1679,FALSE,338,RX 580,Mid,R500,8,30,2017,229,13,N,Strategy,Y
1876890,Wandering Sword,14/09/2023,1679,FALSE,338,RX 580,Mid,R500,8,30,2017,229,13,N,Free To Play,N
1369670,Motor Town: Behind The Wheel,17/12/2021,844,FALSE,549,GTX 1070,Mid,GF10,8,50,2016,379,13,N,Action,N
1369670,Motor Town: Behind The Wheel,17/12/2021,844,FALSE,549,GTX 1070,Mid,GF10,8,50,2016,379,13,N,Indie,Y
1369670,Motor Town: Behind The Wheel,17/12/2021,844,FALSE,549,GTX 1070,Mid,GF10,8,50,2016,379,13,N,Adventure,Y
1369670,Motor Town: Behind The Wheel,17/12/2021,844,FALSE,549,GTX 1070,Mid,GF10,8,50,2016,379,13,N,Simulation,Y
1369670,Motor Town: Behind The Wheel,17/12/2021,844,FALSE,549,GTX 1070,Mid,GF10,8,50,2016,379,13,N,RPG,N
1369670,Motor Town: Behind The Wheel,17/12/2021,844,FALSE,549,GTX 1070,Mid,GF10,8,50,2016,379,13,N,Strategy,N
1369670,Motor Town: Behind The Wheel,17/12/2021,844,FALSE,549,GTX 1070,Mid,GF10,8,50,2016,379,13,N,Free To Play,N
638970,Slapshot: Rebound,01/08/2018,550,FALSE,722,GTX 1070,Mid,GF10,8,50,2016,379,13,N,Action,Y
638970,Slapshot: Rebound,01/08/2018,550,FALSE,722,GTX 1070,Mid,GF10,8,50,2016,379,13,N,Indie,N
638970,Slapshot: Rebound,01/08/2018,550,FALSE,722,GTX 1070,Mid,GF10,8,50,2016,379,13,N,Adventure,Y
638970,Slapshot: Rebound,01/08/2018,550,FALSE,722,GTX 1070,Mid,GF10,8,50,2016,379,13,N,Simulation,N
638970,Slapshot: Rebound,01/08/2018,550,FALSE,722,GTX 1070,Mid,GF10,8,50,2016,379,13,N,RPG,Y
638970,Slapshot: Rebound,01/08/2018,550,FALSE,722,GTX 1070,Mid,GF10,8,50,2016,379,13,N,Strategy,N
638970,Slapshot: Rebound,01/08/2018,550,FALSE,722,GTX 1070,Mid,GF10,8,50,2016,379,13,N,Free To Play,N
323190,Frostpunk,24/04/2018,1699,TRUE,335,RX 580,Mid,R500,8,30,2017,229,13,N,Action,N
323190,Frostpunk,24/04/2018,1699,TRUE,335,RX 580,Mid,R500,8,30,2017,229,13,N,Indie,N
323190,Frostpunk,24/04/2018,1699,TRUE,335,RX 580,Mid,R500,8,30,2017,229,13,N,Adventure,N
323190,Frostpunk,24/04/2018,1699,TRUE,335,RX 580,Mid,R500,8,30,2017,229,13,N,Simulation,Y
323190,Frostpunk,24/04/2018,1699,TRUE,335,RX 580,Mid,R500,8,30,2017,229,13,N,RPG,N
323190,Frostpunk,24/04/2018,1699,TRUE,335,RX 580,Mid,R500,8,30,2017,229,13,N,Strategy,Y
323190,Frostpunk,24/04/2018,1699,TRUE,335,RX 580,Mid,R500,8,30,2017,229,13,N,Free To Play,N
1118310,Need for Speed Unbound,27/05/2022,619,TRUE,659,RTX 2070,Mid+,GF20,8,65,2018,499,13,N,Action,N
1118310,Need for Speed Unbound,27/05/2022,619,TRUE,659,RTX 2070,Mid+,GF20,8,65,2018,499,13,N,Indie,N
1118310,Need for Speed Unbound,27/05/2022,619,TRUE,659,RTX 2070,Mid+,GF20,8,65,2018,499,13,N,Adventure,N
1118310,Need for Speed Unbound,27/05/2022,619,TRUE,659,RTX 2070,Mid+,GF20,8,65,2018,499,13,N,Simulation,N
1118310,Need for Speed Unbound,27/05/2022,619,TRUE,659,RTX 2070,Mid+,GF20,8,65,2018,499,13,N,RPG,N
1118310,Need for Speed Unbound,27/05/2022,619,TRUE,659,RTX 2070,Mid+,GF20,8,65,2018,499,13,N,Strategy,N
1118310,Need for Speed Unbound,27/05/2022,619,TRUE,659,RTX 2070,Mid+,GF20,8,65,2018,499,13,N,Free To Play,Y
2878960,WWE 2K25,13/03/2025,965,FALSE,503,GTX 1070,Mid,GF10,8,50,2016,379,13,N,Action,N
2878960,WWE 2K25,13/03/2025,965,FALSE,503,GTX 1070,Mid,GF10,8,50,2016,379,13,N,Indie,N
2878960,WWE 2K25,13/03/2025,965,FALSE,503,GTX 1070,Mid,GF10,8,50,2016,379,13,N,Adventure,N
2878960,WWE 2K25,13/03/2025,965,FALSE,503,GTX 1070,Mid,GF10,8,50,2016,379,13,N,Simulation,Y
2878960,WWE 2K25,13/03/2025,965,FALSE,503,GTX 1070,Mid,GF10,8,50,2016,379,13,N,RPG,N
2878960,WWE 2K25,13/03/2025,965,FALSE,503,GTX 1070,Mid,GF10,8,50,2016,379,13,N,Strategy,N
2878960,WWE 2K25,13/03/2025,965,FALSE,503,GTX 1070,Mid,GF10,8,50,2016,379,13,N,Free To Play,N
2680010,The First Berserker: Khazan,27/03/2025,1253,FALSE,435,RTX 2070,Mid+,GF20,8,65,2018,499,13,N,Action,Y
2680010,The First Berserker: Khazan,27/03/2025,1253,FALSE,435,RTX 2070,Mid+,GF20,8,65,2018,499,13,N,Indie,N
2680010,The First Berserker: Khazan,27/03/2025,1253,FALSE,435,RTX 2070,Mid+,GF20,8,65,2018,499,13,N,Adventure,Y
2680010,The First Berserker: Khazan,27/03/2025,1253,FALSE,435,RTX 2070,Mid+,GF20,8,65,2018,499,13,N,Simulation,N
2680010,The First Berserker: Khazan,27/03/2025,1253,FALSE,435,RTX 2070,Mid+,GF20,8,65,2018,499,13,N,RPG,Y
2680010,The First Berserker: Khazan,27/03/2025,1253,FALSE,435,RTX 2070,Mid+,GF20,8,65,2018,499,13,N,Strategy,N
2680010,The First Berserker: Khazan,27/03/2025,1253,FALSE,435,RTX 2070,Mid+,GF20,8,65,2018,499,13,N,Free To Play,N
753640,Outer Wilds,18/06/2020,928,FALSE,516,RX 580,Mid,R500,8,30,2017,229,13,N,Action,Y
753640,Outer Wilds,18/06/2020,928,FALSE,516,RX 580,Mid,R500,8,30,2017,229,13,N,Indie,N
753640,Outer Wilds,18/06/2020,928,FALSE,516,RX 580,Mid,R500,8,30,2017,229,13,N,Adventure,Y
753640,Outer Wilds,18/06/2020,928,FALSE,516,RX 580,Mid,R500,8,30,2017,229,13,N,Simulation,N
753640,Outer Wilds,18/06/2020,928,FALSE,516,RX 580,Mid,R500,8,30,2017,229,13,N,RPG,N
753640,Outer Wilds,18/06/2020,928,FALSE,516,RX 580,Mid,R500,8,30,2017,229,13,N,Strategy,N
753640,Outer Wilds,18/06/2020,928,FALSE,516,RX 580,Mid,R500,8,30,2017,229,13,N,Free To Play,N
1190000,Car Mechanic Simulator 2021,11/08/2021,1343,FALSE,408,GTX 1070,Mid,GF10,8,50,2016,379,13,N,Action,N
1190000,Car Mechanic Simulator 2021,11/08/2021,1343,FALSE,408,GTX 1070,Mid,GF10,8,50,2016,379,13,N,Indie,N
1190000,Car Mechanic Simulator 2021,11/08/2021,1343,FALSE,408,GTX 1070,Mid,GF10,8,50,2016,379,13,N,Adventure,N
1190000,Car Mechanic Simulator 2021,11/08/2021,1343,FALSE,408,GTX 1070,Mid,GF10,8,50,2016,379,13,N,Simulation,Y
1190000,Car Mechanic Simulator 2021,11/08/2021,1343,FALSE,408,GTX 1070,Mid,GF10,8,50,2016,379,13,N,RPG,N
1190000,Car Mechanic Simulator 2021,11/08/2021,1343,FALSE,408,GTX 1070,Mid,GF10,8,50,2016,379,13,N,Strategy,N
1190000,Car Mechanic Simulator 2021,11/08/2021,1343,FALSE,408,GTX 1070,Mid,GF10,8,50,2016,379,13,N,Free To Play,N
363150,CarX Street,27/01/2016,501,FALSE,768,GTX 1070,Mid,GF10,8,50,2016,379,13,N,Action,N
363150,CarX Street,27/01/2016,501,FALSE,768,GTX 1070,Mid,GF10,8,50,2016,379,13,N,Indie,N
363150,CarX Street,27/01/2016,501,FALSE,768,GTX 1070,Mid,GF10,8,50,2016,379,13,N,Adventure,N
363150,CarX Street,27/01/2016,501,FALSE,768,GTX 1070,Mid,GF10,8,50,2016,379,13,N,Simulation,Y
363150,CarX Street,27/01/2016,501,FALSE,768,GTX 1070,Mid,GF10,8,50,2016,379,13,N,RPG,N
363150,CarX Street,27/01/2016,501,FALSE,768,GTX 1070,Mid,GF10,8,50,2016,379,13,N,Strategy,N
363150,CarX Street,27/01/2016,501,FALSE,768,GTX 1070,Mid,GF10,8,50,2016,379,13,N,Free To Play,N
1817070,Marvel's Spider-Man Remastered,12/08/2022,1190,FALSE,442,RX 580,Mid,R500,8,30,2017,229,13,N,Action,Y
1817070,Marvel's Spider-Man Remastered,12/08/2022,1190,FALSE,442,RX 580,Mid,R500,8,30,2017,229,13,N,Indie,N
1817070,Marvel's Spider-Man Remastered,12/08/2022,1190,FALSE,442,RX 580,Mid,R500,8,30,2017,229,13,N,Adventure,Y
1817070,Marvel's Spider-Man Remastered,12/08/2022,1190,FALSE,442,RX 580,Mid,R500,8,30,2017,229,13,N,Simulation,N
1817070,Marvel's Spider-Man Remastered,12/08/2022,1190,FALSE,442,RX 580,Mid,R500,8,30,2017,229,13,N,RPG,N
1817070,Marvel's Spider-Man Remastered,12/08/2022,1190,FALSE,442,RX 580,Mid,R500,8,30,2017,229,13,N,Strategy,N
1817070,Marvel's Spider-Man Remastered,12/08/2022,1190,FALSE,442,RX 580,Mid,R500,8,30,2017,229,13,N,Free To Play,N
629730,RPG Maker MV,17/06/2024,657,FALSE,629,RTX 2070,Mid+,GF20,8,65,2018,499,13,N,Action,Y
629730,RPG Maker MV,17/06/2024,657,FALSE,629,RTX 2070,Mid+,GF20,8,65,2018,499,13,N,Indie,Y
629730,RPG Maker MV,17/06/2024,657,FALSE,629,RTX 2070,Mid+,GF20,8,65,2018,499,13,N,Adventure,Y
629730,RPG Maker MV,17/06/2024,657,FALSE,629,RTX 2070,Mid+,GF20,8,65,2018,499,13,N,Simulation,Y
629730,RPG Maker MV,17/06/2024,657,FALSE,629,RTX 2070,Mid+,GF20,8,65,2018,499,13,N,RPG,Y
629730,RPG Maker MV,17/06/2024,657,FALSE,629,RTX 2070,Mid+,GF20,8,65,2018,499,13,N,Strategy,N
629730,RPG Maker MV,17/06/2024,657,FALSE,629,RTX 2070,Mid+,GF20,8,65,2018,499,13,N,Free To Play,N
2141730,Borderless Gaming,18/10/2022,569,FALSE,701,RTX 2070,Mid+,GF20,8,65,2018,499,13,N,Action,Y
2141730,Borderless Gaming,18/10/2022,569,FALSE,701,RTX 2070,Mid+,GF20,8,65,2018,499,13,N,Indie,Y
2141730,Borderless Gaming,18/10/2022,569,FALSE,701,RTX 2070,Mid+,GF20,8,65,2018,499,13,N,Adventure,Y
2141730,Borderless Gaming,18/10/2022,569,FALSE,701,RTX 2070,Mid+,GF20,8,65,2018,499,13,N,Simulation,N
2141730,Borderless Gaming,18/10/2022,569,FALSE,701,RTX 2070,Mid+,GF20,8,65,2018,499,13,N,RPG,N
2141730,Borderless Gaming,18/10/2022,569,FALSE,701,RTX 2070,Mid+,GF20,8,65,2018,499,13,N,Strategy,N
2141730,Borderless Gaming,18/10/2022,569,FALSE,701,RTX 2070,Mid+,GF20,8,65,2018,499,13,N,Free To Play,N
2185060,Two Point Museum,04/03/2025,927,TRUE,517,GTX 1070,Mid,GF10,8,50,2016,379,13,N,Action,N
2185060,Two Point Museum,04/03/2025,927,TRUE,517,GTX 1070,Mid,GF10,8,50,2016,379,13,N,Indie,Y
2185060,Two Point Museum,04/03/2025,927,TRUE,517,GTX 1070,Mid,GF10,8,50,2016,379,13,N,Adventure,N
2185060,Two Point Museum,04/03/2025,927,TRUE,517,GTX 1070,Mid,GF10,8,50,2016,379,13,N,Simulation,Y
2185060,Two Point Museum,04/03/2025,927,TRUE,517,GTX 1070,Mid,GF10,8,50,2016,379,13,N,RPG,N
2185060,Two Point Museum,04/03/2025,927,TRUE,517,GTX 1070,Mid,GF10,8,50,2016,379,13,N,Strategy,Y
2185060,Two Point Museum,04/03/2025,927,TRUE,517,GTX 1070,Mid,GF10,8,50,2016,379,13,N,Free To Play,N
2399420,Le Mans Ultimate,22/07/2025,984,FALSE,496,RTX 2070,Mid+,GF20,8,65,2018,499,13,N,Action,N
2399420,Le Mans Ultimate,22/07/2025,984,FALSE,496,RTX 2070,Mid+,GF20,8,65,2018,499,13,N,Indie,N
2399420,Le Mans Ultimate,22/07/2025,984,FALSE,496,RTX 2070,Mid+,GF20,8,65,2018,499,13,N,Adventure,N
2399420,Le Mans Ultimate,22/07/2025,984,FALSE,496,RTX 2070,Mid+,GF20,8,65,2018,499,13,N,Simulation,Y
2399420,Le Mans Ultimate,22/07/2025,984,FALSE,496,RTX 2070,Mid+,GF20,8,65,2018,499,13,N,RPG,N
2399420,Le Mans Ultimate,22/07/2025,984,FALSE,496,RTX 2070,Mid+,GF20,8,65,2018,499,13,N,Strategy,N
2399420,Le Mans Ultimate,22/07/2025,984,FALSE,496,RTX 2070,Mid+,GF20,8,65,2018,499,13,N,Free To Play,N
815370,Green Hell,05/09/2019,1656,FALSE,342,RX 580,Mid,R500,8,30,2017,229,13,N,Action,Y
815370,Green Hell,05/09/2019,1656,FALSE,342,RX 580,Mid,R500,8,30,2017,229,13,N,Indie,Y
815370,Green Hell,05/09/2019,1656,FALSE,342,RX 580,Mid,R500,8,30,2017,229,13,N,Adventure,Y
815370,Green Hell,05/09/2019,1656,FALSE,342,RX 580,Mid,R500,8,30,2017,229,13,N,Simulation,Y
815370,Green Hell,05/09/2019,1656,FALSE,342,RX 580,Mid,R500,8,30,2017,229,13,N,RPG,N
815370,Green Hell,05/09/2019,1656,FALSE,342,RX 580,Mid,R500,8,30,2017,229,13,N,Strategy,N
815370,Green Hell,05/09/2019,1656,FALSE,342,RX 580,Mid,R500,8,30,2017,229,13,N,Free To Play,N
1119730,"Ranch Simulator: Build, Hunt, Farm",03/11/2023,1488,FALSE,375,RX 580,Mid,R500,8,30,2017,229,13,N,Action,N
1119730,"Ranch Simulator: Build, Hunt, Farm",03/11/2023,1488,FALSE,375,RX 580,Mid,R500,8,30,2017,229,13,N,Indie,N
1119730,"Ranch Simulator: Build, Hunt, Farm",03/11/2023,1488,FALSE,375,RX 580,Mid,R500,8,30,2017,229,13,N,Adventure,N
1119730,"Ranch Simulator: Build, Hunt, Farm",03/11/2023,1488,FALSE,375,RX 580,Mid,R500,8,30,2017,229,13,N,Simulation,Y
1119730,"Ranch Simulator: Build, Hunt, Farm",03/11/2023,1488,FALSE,375,RX 580,Mid,R500,8,30,2017,229,13,N,RPG,N
1119730,"Ranch Simulator: Build, Hunt, Farm",03/11/2023,1488,FALSE,375,RX 580,Mid,R500,8,30,2017,229,13,N,Strategy,N
1119730,"Ranch Simulator: Build, Hunt, Farm",03/11/2023,1488,FALSE,375,RX 580,Mid,R500,8,30,2017,229,13,N,Free To Play,N
850190,No More Room in Hell,15/02/2024,474,FALSE,797,GTX 1070,Mid,GF10,8,50,2016,379,13,N,Action,N
850190,No More Room in Hell,15/02/2024,474,FALSE,797,GTX 1070,Mid,GF10,8,50,2016,379,13,N,Indie,N
850190,No More Room in Hell,15/02/2024,474,FALSE,797,GTX 1070,Mid,GF10,8,50,2016,379,13,N,Adventure,Y
850190,No More Room in Hell,15/02/2024,474,FALSE,797,GTX 1070,Mid,GF10,8,50,2016,379,13,N,Simulation,Y
850190,No More Room in Hell,15/02/2024,474,FALSE,797,GTX 1070,Mid,GF10,8,50,2016,379,13,N,RPG,N
850190,No More Room in Hell,15/02/2024,474,FALSE,797,GTX 1070,Mid,GF10,8,50,2016,379,13,N,Strategy,N
850190,No More Room in Hell,15/02/2024,474,FALSE,797,GTX 1070,Mid,GF10,8,50,2016,379,13,N,Free To Play,N
2291060,Night of the Dead,25/07/2024,369,FALSE,917,GTX 1070,Mid,GF10,8,50,2016,379,13,N,Action,Y
2291060,Night of the Dead,25/07/2024,369,FALSE,917,GTX 1070,Mid,GF10,8,50,2016,379,13,N,Indie,N
2291060,Night of the Dead,25/07/2024,369,FALSE,917,GTX 1070,Mid,GF10,8,50,2016,379,13,N,Adventure,N
2291060,Night of the Dead,25/07/2024,369,FALSE,917,GTX 1070,Mid,GF10,8,50,2016,379,13,N,Simulation,N
2291060,Night of the Dead,25/07/2024,369,FALSE,917,GTX 1070,Mid,GF10,8,50,2016,379,13,N,RPG,N
2291060,Night of the Dead,25/07/2024,369,FALSE,917,GTX 1070,Mid,GF10,8,50,2016,379,13,N,Strategy,N
2291060,Night of the Dead,25/07/2024,369,FALSE,917,GTX 1070,Mid,GF10,8,50,2016,379,13,N,Free To Play,N
2140510,X-Plane 11,25/08/2023,382,TRUE,900,GTX 1070,Mid,GF10,8,50,2016,379,13,N,Action,Y
2140510,X-Plane 11,25/08/2023,382,TRUE,900,GTX 1070,Mid,GF10,8,50,2016,379,13,N,Indie,N
2140510,X-Plane 11,25/08/2023,382,TRUE,900,GTX 1070,Mid,GF10,8,50,2016,379,13,N,Adventure,N
2140510,X-Plane 11,25/08/2023,382,TRUE,900,GTX 1070,Mid,GF10,8,50,2016,379,13,N,Simulation,N
2140510,X-Plane 11,25/08/2023,382,TRUE,900,GTX 1070,Mid,GF10,8,50,2016,379,13,N,RPG,Y
2140510,X-Plane 11,25/08/2023,382,TRUE,900,GTX 1070,Mid,GF10,8,50,2016,379,13,N,Strategy,Y
2140510,X-Plane 11,25/08/2023,382,TRUE,900,GTX 1070,Mid,GF10,8,50,2016,379,13,N,Free To Play,Y
1969870,Onmyoji,20/07/2022,413,FALSE,864,GTX 1070,Mid,GF10,8,50,2016,379,13,N,Action,Y
1969870,Onmyoji,20/07/2022,413,FALSE,864,GTX 1070,Mid,GF10,8,50,2016,379,13,N,Indie,N
1969870,Onmyoji,20/07/2022,413,FALSE,864,GTX 1070,Mid,GF10,8,50,2016,379,13,N,Adventure,Y
1969870,Onmyoji,20/07/2022,413,FALSE,864,GTX 1070,Mid,GF10,8,50,2016,379,13,N,Simulation,N
1969870,Onmyoji,20/07/2022,413,FALSE,864,GTX 1070,Mid,GF10,8,50,2016,379,13,N,RPG,N
1969870,Onmyoji,20/07/2022,413,FALSE,864,GTX 1070,Mid,GF10,8,50,2016,379,13,N,Strategy,N
1969870,Onmyoji,20/07/2022,413,FALSE,864,GTX 1070,Mid,GF10,8,50,2016,379,13,N,Free To Play,Y
1049590,Eternal Return,19/07/2023,12341,FALSE,83,RX 580,Mid,R500,8,30,2017,229,13,N,Action,N
1049590,Eternal Return,19/07/2023,12341,FALSE,83,RX 580,Mid,R500,8,30,2017,229,13,N,Indie,Y
1049590,Eternal Return,19/07/2023,12341,FALSE,83,RX 580,Mid,R500,8,30,2017,229,13,N,Adventure,N
1049590,Eternal Return,19/07/2023,12341,FALSE,83,RX 580,Mid,R500,8,30,2017,229,13,N,Simulation,N
1049590,Eternal Return,19/07/2023,12341,FALSE,83,RX 580,Mid,R500,8,30,2017,229,13,N,RPG,N
1049590,Eternal Return,19/07/2023,12341,FALSE,83,RX 580,Mid,R500,8,30,2017,229,13,N,Strategy,Y
1049590,Eternal Return,19/07/2023,12341,FALSE,83,RX 580,Mid,R500,8,30,2017,229,13,N,Free To Play,Y
2670630,Supermarket Simulator,19/06/2025,2464,TRUE,264,RTX 2070,Mid+,GF20,8,65,2018,499,13,N,Action,N
2670630,Supermarket Simulator,19/06/2025,2464,TRUE,264,RTX 2070,Mid+,GF20,8,65,2018,499,13,N,Indie,Y
2670630,Supermarket Simulator,19/06/2025,2464,TRUE,264,RTX 2070,Mid+,GF20,8,65,2018,499,13,N,Adventure,N
2670630,Supermarket Simulator,19/06/2025,2464,TRUE,264,RTX 2070,Mid+,GF20,8,65,2018,499,13,N,Simulation,Y
2670630,Supermarket Simulator,19/06/2025,2464,TRUE,264,RTX 2070,Mid+,GF20,8,65,2018,499,13,N,RPG,N
2670630,Supermarket Simulator,19/06/2025,2464,TRUE,264,RTX 2070,Mid+,GF20,8,65,2018,499,13,N,Strategy,N
2670630,Supermarket Simulator,19/06/2025,2464,TRUE,264,RTX 2070,Mid+,GF20,8,65,2018,499,13,N,Free To Play,N
703080,Planet Zoo,05/11/2019,2497,FALSE,262,GTX 1070,Mid,GF10,8,50,2016,379,13,N,Action,N
703080,Planet Zoo,05/11/2019,2497,FALSE,262,GTX 1070,Mid,GF10,8,50,2016,379,13,N,Indie,N
703080,Planet Zoo,05/11/2019,2497,FALSE,262,GTX 1070,Mid,GF10,8,50,2016,379,13,N,Adventure,N
703080,Planet Zoo,05/11/2019,2497,FALSE,262,GTX 1070,Mid,GF10,8,50,2016,379,13,N,Simulation,Y
703080,Planet Zoo,05/11/2019,2497,FALSE,262,GTX 1070,Mid,GF10,8,50,2016,379,13,N,RPG,N
703080,Planet Zoo,05/11/2019,2497,FALSE,262,GTX 1070,Mid,GF10,8,50,2016,379,13,N,Strategy,Y
703080,Planet Zoo,05/11/2019,2497,FALSE,262,GTX 1070,Mid,GF10,8,50,2016,379,13,N,Free To Play,N
846770,Gloomhaven,16/11/2021,431,TRUE,837,GTX 1070,Mid,GF10,8,50,2016,379,13,N,Action,Y
846770,Gloomhaven,16/11/2021,431,TRUE,837,GTX 1070,Mid,GF10,8,50,2016,379,13,N,Indie,Y
846770,Gloomhaven,16/11/2021,431,TRUE,837,GTX 1070,Mid,GF10,8,50,2016,379,13,N,Adventure,Y
846770,Gloomhaven,16/11/2021,431,TRUE,837,GTX 1070,Mid,GF10,8,50,2016,379,13,N,Simulation,Y
846770,Gloomhaven,16/11/2021,431,TRUE,837,GTX 1070,Mid,GF10,8,50,2016,379,13,N,RPG,Y
846770,Gloomhaven,16/11/2021,431,TRUE,837,GTX 1070,Mid,GF10,8,50,2016,379,13,N,Strategy,N
846770,Gloomhaven,16/11/2021,431,TRUE,837,GTX 1070,Mid,GF10,8,50,2016,379,13,N,Free To Play,N
379430,Kingdom Come: Deliverance,13/02/2018,2520,FALSE,261,RX 580,Mid,R500,8,30,2017,229,13,N,Action,Y
379430,Kingdom Come: Deliverance,13/02/2018,2520,FALSE,261,RX 580,Mid,R500,8,30,2017,229,13,N,Indie,N
379430,Kingdom Come: Deliverance,13/02/2018,2520,FALSE,261,RX 580,Mid,R500,8,30,2017,229,13,N,Adventure,Y
379430,Kingdom Come: Deliverance,13/02/2018,2520,FALSE,261,RX 580,Mid,R500,8,30,2017,229,13,N,Simulation,N
379430,Kingdom Come: Deliverance,13/02/2018,2520,FALSE,261,RX 580,Mid,R500,8,30,2017,229,13,N,RPG,Y
379430,Kingdom Come: Deliverance,13/02/2018,2520,FALSE,261,RX 580,Mid,R500,8,30,2017,229,13,N,Strategy,N
379430,Kingdom Come: Deliverance,13/02/2018,2520,FALSE,261,RX 580,Mid,R500,8,30,2017,229,13,N,Free To Play,N
2488370,Cash Cleaner Simulator,08/05/2025,2538,FALSE,259,RTX 2070,Mid+,GF20,8,65,2018,499,13,N,Action,N
2488370,Cash Cleaner Simulator,08/05/2025,2538,FALSE,259,RTX 2070,Mid+,GF20,8,65,2018,499,13,N,Indie,Y
2488370,Cash Cleaner Simulator,08/05/2025,2538,FALSE,259,RTX 2070,Mid+,GF20,8,65,2018,499,13,N,Adventure,N
2488370,Cash Cleaner Simulator,08/05/2025,2538,FALSE,259,RTX 2070,Mid+,GF20,8,65,2018,499,13,N,Simulation,Y
2488370,Cash Cleaner Simulator,08/05/2025,2538,FALSE,259,RTX 2070,Mid+,GF20,8,65,2018,499,13,N,RPG,N
2488370,Cash Cleaner Simulator,08/05/2025,2538,FALSE,259,RTX 2070,Mid+,GF20,8,65,2018,499,13,N,Strategy,N
2488370,Cash Cleaner Simulator,08/05/2025,2538,FALSE,259,RTX 2070,Mid+,GF20,8,65,2018,499,13,N,Free To Play,N
843380,Jagged Alliance 3,26/08/2021,364,TRUE,923,RTX 2070,Mid+,GF20,8,65,2018,499,13,N,Action,Y
843380,Jagged Alliance 3,26/08/2021,364,TRUE,923,RTX 2070,Mid+,GF20,8,65,2018,499,13,N,Indie,Y
843380,Jagged Alliance 3,26/08/2021,364,TRUE,923,RTX 2070,Mid+,GF20,8,65,2018,499,13,N,Adventure,Y
843380,Jagged Alliance 3,26/08/2021,364,TRUE,923,RTX 2070,Mid+,GF20,8,65,2018,499,13,N,Simulation,N
843380,Jagged Alliance 3,26/08/2021,364,TRUE,923,RTX 2070,Mid+,GF20,8,65,2018,499,13,N,RPG,N
843380,Jagged Alliance 3,26/08/2021,364,TRUE,923,RTX 2070,Mid+,GF20,8,65,2018,499,13,N,Strategy,N
843380,Jagged Alliance 3,26/08/2021,364,TRUE,923,RTX 2070,Mid+,GF20,8,65,2018,499,13,N,Free To Play,Y
2254890,ACE COMBAT 7: SKIES UNKNOWN,05/10/2024,343,FALSE,956,RTX 2070,Mid+,GF20,8,65,2018,499,13,N,Action,Y
2254890,ACE COMBAT 7: SKIES UNKNOWN,05/10/2024,343,FALSE,956,RTX 2070,Mid+,GF20,8,65,2018,499,13,N,Indie,Y
2254890,ACE COMBAT 7: SKIES UNKNOWN,05/10/2024,343,FALSE,956,RTX 2070,Mid+,GF20,8,65,2018,499,13,N,Adventure,Y
2254890,ACE COMBAT 7: SKIES UNKNOWN,05/10/2024,343,FALSE,956,RTX 2070,Mid+,GF20,8,65,2018,499,13,N,Simulation,N
2254890,ACE COMBAT 7: SKIES UNKNOWN,05/10/2024,343,FALSE,956,RTX 2070,Mid+,GF20,8,65,2018,499,13,N,RPG,Y
2254890,ACE COMBAT 7: SKIES UNKNOWN,05/10/2024,343,FALSE,956,RTX 2070,Mid+,GF20,8,65,2018,499,13,N,Strategy,N
2254890,ACE COMBAT 7: SKIES UNKNOWN,05/10/2024,343,FALSE,956,RTX 2070,Mid+,GF20,8,65,2018,499,13,N,Free To Play,N
1084160,Vampire: The Masquerade - Bloodhunt,14/07/2023,363,FALSE,926,RTX 2070,Mid+,GF20,8,65,2018,499,13,N,Action,Y
1084160,Vampire: The Masquerade - Bloodhunt,14/07/2023,363,FALSE,926,RTX 2070,Mid+,GF20,8,65,2018,499,13,N,Indie,N
1084160,Vampire: The Masquerade - Bloodhunt,14/07/2023,363,FALSE,926,RTX 2070,Mid+,GF20,8,65,2018,499,13,N,Adventure,N
1084160,Vampire: The Masquerade - Bloodhunt,14/07/2023,363,FALSE,926,RTX 2070,Mid+,GF20,8,65,2018,499,13,N,Simulation,N
1084160,Vampire: The Masquerade - Bloodhunt,14/07/2023,363,FALSE,926,RTX 2070,Mid+,GF20,8,65,2018,499,13,N,RPG,N
1084160,Vampire: The Masquerade - Bloodhunt,14/07/2023,363,FALSE,926,RTX 2070,Mid+,GF20,8,65,2018,499,13,N,Strategy,Y
1084160,Vampire: The Masquerade - Bloodhunt,14/07/2023,363,FALSE,926,RTX 2070,Mid+,GF20,8,65,2018,499,13,N,Free To Play,N
2399830,ARK: Survival Ascended,25/10/2023,12007,FALSE,86,RX 6800,Top,R6000,16,80,2020,579,13,N,Action,Y
2399830,ARK: Survival Ascended,25/10/2023,12007,FALSE,86,RX 6800,Top,R6000,16,80,2020,579,13,N,Indie,Y
2399830,ARK: Survival Ascended,25/10/2023,12007,FALSE,86,RX 6800,Top,R6000,16,80,2020,579,13,N,Adventure,Y
2399830,ARK: Survival Ascended,25/10/2023,12007,FALSE,86,RX 6800,Top,R6000,16,80,2020,579,13,N,Simulation,N
2399830,ARK: Survival Ascended,25/10/2023,12007,FALSE,86,RX 6800,Top,R6000,16,80,2020,579,13,N,RPG,Y
2399830,ARK: Survival Ascended,25/10/2023,12007,FALSE,86,RX 6800,Top,R6000,16,80,2020,579,13,N,Strategy,N
2399830,ARK: Survival Ascended,25/10/2023,12007,FALSE,86,RX 6800,Top,R6000,16,80,2020,579,13,N,Free To Play,N
3183280,Game of Thrones: Kingsroad,21/05/2025,2634,FALSE,250,RTX 2070,Mid+,GF20,8,65,2018,499,13,N,Action,Y
3183280,Game of Thrones: Kingsroad,21/05/2025,2634,FALSE,250,RTX 2070,Mid+,GF20,8,65,2018,499,13,N,Indie,N
3183280,Game of Thrones: Kingsroad,21/05/2025,2634,FALSE,250,RTX 2070,Mid+,GF20,8,65,2018,499,13,N,Adventure,Y
3183280,Game of Thrones: Kingsroad,21/05/2025,2634,FALSE,250,RTX 2070,Mid+,GF20,8,65,2018,499,13,N,Simulation,N
3183280,Game of Thrones: Kingsroad,21/05/2025,2634,FALSE,250,RTX 2070,Mid+,GF20,8,65,2018,499,13,N,RPG,Y
3183280,Game of Thrones: Kingsroad,21/05/2025,2634,FALSE,250,RTX 2070,Mid+,GF20,8,65,2018,499,13,N,Strategy,N
3183280,Game of Thrones: Kingsroad,21/05/2025,2634,FALSE,250,RTX 2070,Mid+,GF20,8,65,2018,499,13,N,Free To Play,Y
1551360,Forza Horizon 5,08/11/2021,10009,FALSE,95,GTX 1070,Mid,GF10,8,50,2016,379,13,N,Action,Y
1551360,Forza Horizon 5,08/11/2021,10009,FALSE,95,GTX 1070,Mid,GF10,8,50,2016,379,13,N,Indie,N
1551360,Forza Horizon 5,08/11/2021,10009,FALSE,95,GTX 1070,Mid,GF10,8,50,2016,379,13,N,Adventure,Y
1551360,Forza Horizon 5,08/11/2021,10009,FALSE,95,GTX 1070,Mid,GF10,8,50,2016,379,13,N,Simulation,Y
1551360,Forza Horizon 5,08/11/2021,10009,FALSE,95,GTX 1070,Mid,GF10,8,50,2016,379,13,N,RPG,N
1551360,Forza Horizon 5,08/11/2021,10009,FALSE,95,GTX 1070,Mid,GF10,8,50,2016,379,13,N,Strategy,N
1551360,Forza Horizon 5,08/11/2021,10009,FALSE,95,GTX 1070,Mid,GF10,8,50,2016,379,13,N,Free To Play,N
1066780,Transport Fever 2,11/12/2019,3465,TRUE,205,RX 580,Mid,R500,8,30,2017,229,13,N,Action,N
1066780,Transport Fever 2,11/12/2019,3465,TRUE,205,RX 580,Mid,R500,8,30,2017,229,13,N,Indie,Y
1066780,Transport Fever 2,11/12/2019,3465,TRUE,205,RX 580,Mid,R500,8,30,2017,229,13,N,Adventure,N
1066780,Transport Fever 2,11/12/2019,3465,TRUE,205,RX 580,Mid,R500,8,30,2017,229,13,N,Simulation,Y
1066780,Transport Fever 2,11/12/2019,3465,TRUE,205,RX 580,Mid,R500,8,30,2017,229,13,N,RPG,N
1066780,Transport Fever 2,11/12/2019,3465,TRUE,205,RX 580,Mid,R500,8,30,2017,229,13,N,Strategy,Y
1066780,Transport Fever 2,11/12/2019,3465,TRUE,205,RX 580,Mid,R500,8,30,2017,229,13,N,Free To Play,N
1659040,HITMAN World of Assassination,20/01/2022,2637,FALSE,249,GTX 1070,Mid,GF10,8,50,2016,379,13,N,Action,Y
1659040,HITMAN World of Assassination,20/01/2022,2637,FALSE,249,GTX 1070,Mid,GF10,8,50,2016,379,13,N,Indie,N
1659040,HITMAN World of Assassination,20/01/2022,2637,FALSE,249,GTX 1070,Mid,GF10,8,50,2016,379,13,N,Adventure,Y
1659040,HITMAN World of Assassination,20/01/2022,2637,FALSE,249,GTX 1070,Mid,GF10,8,50,2016,379,13,N,Simulation,N
1659040,HITMAN World of Assassination,20/01/2022,2637,FALSE,249,GTX 1070,Mid,GF10,8,50,2016,379,13,N,RPG,N
1659040,HITMAN World of Assassination,20/01/2022,2637,FALSE,249,GTX 1070,Mid,GF10,8,50,2016,379,13,N,Strategy,N
1659040,HITMAN World of Assassination,20/01/2022,2637,FALSE,249,GTX 1070,Mid,GF10,8,50,2016,379,13,N,Free To Play,N
2709570,Supermarket Together,09/08/2024,4704,FALSE,164,GTX 1070,Mid,GF10,8,50,2016,379,13,N,Action,N
2709570,Supermarket Together,09/08/2024,4704,FALSE,164,GTX 1070,Mid,GF10,8,50,2016,379,13,N,Indie,Y
2709570,Supermarket Together,09/08/2024,4704,FALSE,164,GTX 1070,Mid,GF10,8,50,2016,379,13,N,Adventure,N
2709570,Supermarket Together,09/08/2024,4704,FALSE,164,GTX 1070,Mid,GF10,8,50,2016,379,13,N,Simulation,Y
2709570,Supermarket Together,09/08/2024,4704,FALSE,164,GTX 1070,Mid,GF10,8,50,2016,379,13,N,RPG,N
2709570,Supermarket Together,09/08/2024,4704,FALSE,164,GTX 1070,Mid,GF10,8,50,2016,379,13,N,Strategy,N
2709570,Supermarket Together,09/08/2024,4704,FALSE,164,GTX 1070,Mid,GF10,8,50,2016,379,13,N,Free To Play,Y
1366540,Dyson Sphere Program,20/01/2021,2703,FALSE,246,RTX 2070,Mid+,GF20,8,65,2018,499,13,N,Action,N
1366540,Dyson Sphere Program,20/01/2021,2703,FALSE,246,RTX 2070,Mid+,GF20,8,65,2018,499,13,N,Indie,Y
1366540,Dyson Sphere Program,20/01/2021,2703,FALSE,246,RTX 2070,Mid+,GF20,8,65,2018,499,13,N,Adventure,N
1366540,Dyson Sphere Program,20/01/2021,2703,FALSE,246,RTX 2070,Mid+,GF20,8,65,2018,499,13,N,Simulation,Y
1366540,Dyson Sphere Program,20/01/2021,2703,FALSE,246,RTX 2070,Mid+,GF20,8,65,2018,499,13,N,RPG,N
1366540,Dyson Sphere Program,20/01/2021,2703,FALSE,246,RTX 2070,Mid+,GF20,8,65,2018,499,13,N,Strategy,Y
1366540,Dyson Sphere Program,20/01/2021,2703,FALSE,246,RTX 2070,Mid+,GF20,8,65,2018,499,13,N,Free To Play,N
1062090,Timberborn,15/09/2021,3884,TRUE,188,RTX 2070,Mid+,GF20,8,65,2018,499,13,N,Action,N
1062090,Timberborn,15/09/2021,3884,TRUE,188,RTX 2070,Mid+,GF20,8,65,2018,499,13,N,Indie,Y
1062090,Timberborn,15/09/2021,3884,TRUE,188,RTX 2070,Mid+,GF20,8,65,2018,499,13,N,Adventure,N
1062090,Timberborn,15/09/2021,3884,TRUE,188,RTX 2070,Mid+,GF20,8,65,2018,499,13,N,Simulation,Y
1062090,Timberborn,15/09/2021,3884,TRUE,188,RTX 2070,Mid+,GF20,8,65,2018,499,13,N,RPG,N
1062090,Timberborn,15/09/2021,3884,TRUE,188,RTX 2070,Mid+,GF20,8,65,2018,499,13,N,Strategy,Y
1062090,Timberborn,15/09/2021,3884,TRUE,188,RTX 2070,Mid+,GF20,8,65,2018,499,13,N,Free To Play,N
2218750,Terraforming Mars,24/09/2024,361,FALSE,930,GTX 1070,Mid,GF10,8,50,2016,379,13,N,Action,Y
2218750,Terraforming Mars,24/09/2024,361,FALSE,930,GTX 1070,Mid,GF10,8,50,2016,379,13,N,Indie,Y
2218750,Terraforming Mars,24/09/2024,361,FALSE,930,GTX 1070,Mid,GF10,8,50,2016,379,13,N,Adventure,N
2218750,Terraforming Mars,24/09/2024,361,FALSE,930,GTX 1070,Mid,GF10,8,50,2016,379,13,N,Simulation,N
2218750,Terraforming Mars,24/09/2024,361,FALSE,930,GTX 1070,Mid,GF10,8,50,2016,379,13,N,RPG,Y
2218750,Terraforming Mars,24/09/2024,361,FALSE,930,GTX 1070,Mid,GF10,8,50,2016,379,13,N,Strategy,N
2218750,Terraforming Mars,24/09/2024,361,FALSE,930,GTX 1070,Mid,GF10,8,50,2016,379,13,N,Free To Play,N
1602000,The Killing Antidote,20/05/2025,344,FALSE,955,RTX 2070,Mid+,GF20,8,65,2018,499,13,N,Action,N
1602000,The Killing Antidote,20/05/2025,344,FALSE,955,RTX 2070,Mid+,GF20,8,65,2018,499,13,N,Indie,Y
1602000,The Killing Antidote,20/05/2025,344,FALSE,955,RTX 2070,Mid+,GF20,8,65,2018,499,13,N,Adventure,N
1602000,The Killing Antidote,20/05/2025,344,FALSE,955,RTX 2070,Mid+,GF20,8,65,2018,499,13,N,Simulation,Y
1602000,The Killing Antidote,20/05/2025,344,FALSE,955,RTX 2070,Mid+,GF20,8,65,2018,499,13,N,RPG,N
1602000,The Killing Antidote,20/05/2025,344,FALSE,955,RTX 2070,Mid+,GF20,8,65,2018,499,13,N,Strategy,Y
1602000,The Killing Antidote,20/05/2025,344,FALSE,955,RTX 2070,Mid+,GF20,8,65,2018,499,13,N,Free To Play,N
42680,iRacing,08/11/2011,357,FALSE,936,RTX 2070,Mid+,GF20,8,65,2018,499,13,N,Action,Y
42680,iRacing,08/11/2011,357,FALSE,936,RTX 2070,Mid+,GF20,8,65,2018,499,13,N,Indie,N
42680,iRacing,08/11/2011,357,FALSE,936,RTX 2070,Mid+,GF20,8,65,2018,499,13,N,Adventure,N
42680,iRacing,08/11/2011,357,FALSE,936,RTX 2070,Mid+,GF20,8,65,2018,499,13,N,Simulation,N
42680,iRacing,08/11/2011,357,FALSE,936,RTX 2070,Mid+,GF20,8,65,2018,499,13,N,RPG,N
42680,iRacing,08/11/2011,357,FALSE,936,RTX 2070,Mid+,GF20,8,65,2018,499,13,N,Strategy,N
42680,iRacing,08/11/2011,357,FALSE,936,RTX 2070,Mid+,GF20,8,65,2018,499,13,N,Free To Play,N
1643320,S.T.A.L.K.E.R. 2: Heart of Chornobyl,20/11/2024,2403,FALSE,268,RTX 3070 Ti,Mid+,GF30,8,80,2021,599,13,N,Action,Y
1643320,S.T.A.L.K.E.R. 2: Heart of Chornobyl,20/11/2024,2403,FALSE,268,RTX 3070 Ti,Mid+,GF30,8,80,2021,599,13,N,Indie,N
1643320,S.T.A.L.K.E.R. 2: Heart of Chornobyl,20/11/2024,2403,FALSE,268,RTX 3070 Ti,Mid+,GF30,8,80,2021,599,13,N,Adventure,Y
1643320,S.T.A.L.K.E.R. 2: Heart of Chornobyl,20/11/2024,2403,FALSE,268,RTX 3070 Ti,Mid+,GF30,8,80,2021,599,13,N,Simulation,N
1643320,S.T.A.L.K.E.R. 2: Heart of Chornobyl,20/11/2024,2403,FALSE,268,RTX 3070 Ti,Mid+,GF30,8,80,2021,599,13,N,RPG,Y
1643320,S.T.A.L.K.E.R. 2: Heart of Chornobyl,20/11/2024,2403,FALSE,268,RTX 3070 Ti,Mid+,GF30,8,80,2021,599,13,N,Strategy,N
1643320,S.T.A.L.K.E.R. 2: Heart of Chornobyl,20/11/2024,2403,FALSE,268,RTX 3070 Ti,Mid+,GF30,8,80,2021,599,13,N,Free To Play,N
1328670,Mass Effect Legendary Edition,14/05/2021,2420,FALSE,267,GTX 1070,Mid,GF10,8,50,2016,379,13,N,Action,Y
1328670,Mass Effect Legendary Edition,14/05/2021,2420,FALSE,267,GTX 1070,Mid,GF10,8,50,2016,379,13,N,Indie,N
1328670,Mass Effect Legendary Edition,14/05/2021,2420,FALSE,267,GTX 1070,Mid,GF10,8,50,2016,379,13,N,Adventure,N
1328670,Mass Effect Legendary Edition,14/05/2021,2420,FALSE,267,GTX 1070,Mid,GF10,8,50,2016,379,13,N,Simulation,N
1328670,Mass Effect Legendary Edition,14/05/2021,2420,FALSE,267,GTX 1070,Mid,GF10,8,50,2016,379,13,N,RPG,Y
1328670,Mass Effect Legendary Edition,14/05/2021,2420,FALSE,267,GTX 1070,Mid,GF10,8,50,2016,379,13,N,Strategy,N
1328670,Mass Effect Legendary Edition,14/05/2021,2420,FALSE,267,GTX 1070,Mid,GF10,8,50,2016,379,13,N,Free To Play,N
3117820,Sultan's Game,30/03/2025,7726,TRUE,114,GTX 1070,Mid,GF10,8,50,2016,379,13,N,Action,N
3117820,Sultan's Game,30/03/2025,7726,TRUE,114,GTX 1070,Mid,GF10,8,50,2016,379,13,N,Indie,Y
3117820,Sultan's Game,30/03/2025,7726,TRUE,114,GTX 1070,Mid,GF10,8,50,2016,379,13,N,Adventure,Y
3117820,Sultan's Game,30/03/2025,7726,TRUE,114,GTX 1070,Mid,GF10,8,50,2016,379,13,N,Simulation,Y
3117820,Sultan's Game,30/03/2025,7726,TRUE,114,GTX 1070,Mid,GF10,8,50,2016,379,13,N,RPG,Y
3117820,Sultan's Game,30/03/2025,7726,TRUE,114,GTX 1070,Mid,GF10,8,50,2016,379,13,N,Strategy,Y
3117820,Sultan's Game,30/03/2025,7726,TRUE,114,GTX 1070,Mid,GF10,8,50,2016,379,13,N,Free To Play,N
2427410,The Last Spell,20/05/2025,424,FALSE,853,RX 580,Mid,R500,8,30,2017,229,13,N,Action,Y
2427410,The Last Spell,20/05/2025,424,FALSE,853,RX 580,Mid,R500,8,30,2017,229,13,N,Indie,N
2427410,The Last Spell,20/05/2025,424,FALSE,853,RX 580,Mid,R500,8,30,2017,229,13,N,Adventure,Y
2427410,The Last Spell,20/05/2025,424,FALSE,853,RX 580,Mid,R500,8,30,2017,229,13,N,Simulation,N
2427410,The Last Spell,20/05/2025,424,FALSE,853,RX 580,Mid,R500,8,30,2017,229,13,N,RPG,Y
2427410,The Last Spell,20/05/2025,424,FALSE,853,RX 580,Mid,R500,8,30,2017,229,13,N,Strategy,N
2427410,The Last Spell,20/05/2025,424,FALSE,853,RX 580,Mid,R500,8,30,2017,229,13,N,Free To Play,N
526870,Satisfactory,10/09/2024,12596,FALSE,80,RTX 2070,Mid+,GF20,8,65,2018,499,13,N,Action,N
526870,Satisfactory,10/09/2024,12596,FALSE,80,RTX 2070,Mid+,GF20,8,65,2018,499,13,N,Indie,Y
526870,Satisfactory,10/09/2024,12596,FALSE,80,RTX 2070,Mid+,GF20,8,65,2018,499,13,N,Adventure,Y
526870,Satisfactory,10/09/2024,12596,FALSE,80,RTX 2070,Mid+,GF20,8,65,2018,499,13,N,Simulation,Y
526870,Satisfactory,10/09/2024,12596,FALSE,80,RTX 2070,Mid+,GF20,8,65,2018,499,13,N,RPG,N
526870,Satisfactory,10/09/2024,12596,FALSE,80,RTX 2070,Mid+,GF20,8,65,2018,499,13,N,Strategy,Y
526870,Satisfactory,10/09/2024,12596,FALSE,80,RTX 2070,Mid+,GF20,8,65,2018,499,13,N,Free To Play,N
400750,Call to Arms - Gates of Hell: Ostfront,11/06/2021,2216,FALSE,286,RTX 2070,Mid+,GF20,8,65,2018,499,13,N,Action,Y
400750,Call to Arms - Gates of Hell: Ostfront,11/06/2021,2216,FALSE,286,RTX 2070,Mid+,GF20,8,65,2018,499,13,N,Indie,N
400750,Call to Arms - Gates of Hell: Ostfront,11/06/2021,2216,FALSE,286,RTX 2070,Mid+,GF20,8,65,2018,499,13,N,Adventure,N
400750,Call to Arms - Gates of Hell: Ostfront,11/06/2021,2216,FALSE,286,RTX 2070,Mid+,GF20,8,65,2018,499,13,N,Simulation,Y
400750,Call to Arms - Gates of Hell: Ostfront,11/06/2021,2216,FALSE,286,RTX 2070,Mid+,GF20,8,65,2018,499,13,N,RPG,N
400750,Call to Arms - Gates of Hell: Ostfront,11/06/2021,2216,FALSE,286,RTX 2070,Mid+,GF20,8,65,2018,499,13,N,Strategy,Y
400750,Call to Arms - Gates of Hell: Ostfront,11/06/2021,2216,FALSE,286,RTX 2070,Mid+,GF20,8,65,2018,499,13,N,Free To Play,N
1245620,ELDEN RING,24/02/2022,29529,FALSE,32,GTX 1070,Mid,GF10,8,50,2016,379,13,N,Action,Y
1245620,ELDEN RING,24/02/2022,29529,FALSE,32,GTX 1070,Mid,GF10,8,50,2016,379,13,N,Indie,N
1245620,ELDEN RING,24/02/2022,29529,FALSE,32,GTX 1070,Mid,GF10,8,50,2016,379,13,N,Adventure,N
1245620,ELDEN RING,24/02/2022,29529,FALSE,32,GTX 1070,Mid,GF10,8,50,2016,379,13,N,Simulation,N
1245620,ELDEN RING,24/02/2022,29529,FALSE,32,GTX 1070,Mid,GF10,8,50,2016,379,13,N,RPG,Y
1245620,ELDEN RING,24/02/2022,29529,FALSE,32,GTX 1070,Mid,GF10,8,50,2016,379,13,N,Strategy,N
1245620,ELDEN RING,24/02/2022,29529,FALSE,32,GTX 1070,Mid,GF10,8,50,2016,379,13,N,Free To Play,N
1128920,SimCity 4 Deluxe Edition,06/04/2023,331,TRUE,965,RTX 2070,Mid+,GF20,8,65,2018,499,13,N,Action,Y
1128920,SimCity 4 Deluxe Edition,06/04/2023,331,TRUE,965,RTX 2070,Mid+,GF20,8,65,2018,499,13,N,Indie,N
1128920,SimCity 4 Deluxe Edition,06/04/2023,331,TRUE,965,RTX 2070,Mid+,GF20,8,65,2018,499,13,N,Adventure,Y
1128920,SimCity 4 Deluxe Edition,06/04/2023,331,TRUE,965,RTX 2070,Mid+,GF20,8,65,2018,499,13,N,Simulation,Y
1128920,SimCity 4 Deluxe Edition,06/04/2023,331,TRUE,965,RTX 2070,Mid+,GF20,8,65,2018,499,13,N,RPG,Y
1128920,SimCity 4 Deluxe Edition,06/04/2023,331,TRUE,965,RTX 2070,Mid+,GF20,8,65,2018,499,13,N,Strategy,N
1128920,SimCity 4 Deluxe Edition,06/04/2023,331,TRUE,965,RTX 2070,Mid+,GF20,8,65,2018,499,13,N,Free To Play,N
2300320,Farming Simulator 25,12/11/2024,13431,TRUE,78,RTX 2070,Mid+,GF20,8,65,2018,499,13,N,Action,N
2300320,Farming Simulator 25,12/11/2024,13431,TRUE,78,RTX 2070,Mid+,GF20,8,65,2018,499,13,N,Indie,N
2300320,Farming Simulator 25,12/11/2024,13431,TRUE,78,RTX 2070,Mid+,GF20,8,65,2018,499,13,N,Adventure,N
2300320,Farming Simulator 25,12/11/2024,13431,TRUE,78,RTX 2070,Mid+,GF20,8,65,2018,499,13,N,Simulation,Y
2300320,Farming Simulator 25,12/11/2024,13431,TRUE,78,RTX 2070,Mid+,GF20,8,65,2018,499,13,N,RPG,N
2300320,Farming Simulator 25,12/11/2024,13431,TRUE,78,RTX 2070,Mid+,GF20,8,65,2018,499,13,N,Strategy,N
2300320,Farming Simulator 25,12/11/2024,13431,TRUE,78,RTX 2070,Mid+,GF20,8,65,2018,499,13,N,Free To Play,N
1364780,Street Fighter 6,01/06/2023,14920,FALSE,68,RTX 2070,Mid+,GF20,8,65,2018,499,13,N,Action,Y
1364780,Street Fighter 6,01/06/2023,14920,FALSE,68,RTX 2070,Mid+,GF20,8,65,2018,499,13,N,Indie,N
1364780,Street Fighter 6,01/06/2023,14920,FALSE,68,RTX 2070,Mid+,GF20,8,65,2018,499,13,N,Adventure,Y
1364780,Street Fighter 6,01/06/2023,14920,FALSE,68,RTX 2070,Mid+,GF20,8,65,2018,499,13,N,Simulation,N
1364780,Street Fighter 6,01/06/2023,14920,FALSE,68,RTX 2070,Mid+,GF20,8,65,2018,499,13,N,RPG,N
1364780,Street Fighter 6,01/06/2023,14920,FALSE,68,RTX 2070,Mid+,GF20,8,65,2018,499,13,N,Strategy,N
1364780,Street Fighter 6,01/06/2023,14920,FALSE,68,RTX 2070,Mid+,GF20,8,65,2018,499,13,N,Free To Play,N
1817190,The Long Drive,18/11/2022,377,FALSE,906,RX 580,Mid,R500,8,30,2017,229,13,N,Action,Y
1817190,The Long Drive,18/11/2022,377,FALSE,906,RX 580,Mid,R500,8,30,2017,229,13,N,Indie,N
1817190,The Long Drive,18/11/2022,377,FALSE,906,RX 580,Mid,R500,8,30,2017,229,13,N,Adventure,Y
1817190,The Long Drive,18/11/2022,377,FALSE,906,RX 580,Mid,R500,8,30,2017,229,13,N,Simulation,N
1817190,The Long Drive,18/11/2022,377,FALSE,906,RX 580,Mid,R500,8,30,2017,229,13,N,RPG,N
1817190,The Long Drive,18/11/2022,377,FALSE,906,RX 580,Mid,R500,8,30,2017,229,13,N,Strategy,N
1817190,The Long Drive,18/11/2022,377,FALSE,906,RX 580,Mid,R500,8,30,2017,229,13,N,Free To Play,N
780290,PGA TOUR 2K23,20/10/2021,430,TRUE,840,GTX 1070,Mid,GF10,8,50,2016,379,13,N,Action,N
780290,PGA TOUR 2K23,20/10/2021,430,TRUE,840,GTX 1070,Mid,GF10,8,50,2016,379,13,N,Indie,N
780290,PGA TOUR 2K23,20/10/2021,430,TRUE,840,GTX 1070,Mid,GF10,8,50,2016,379,13,N,Adventure,Y
780290,PGA TOUR 2K23,20/10/2021,430,TRUE,840,GTX 1070,Mid,GF10,8,50,2016,379,13,N,Simulation,N
780290,PGA TOUR 2K23,20/10/2021,430,TRUE,840,GTX 1070,Mid,GF10,8,50,2016,379,13,N,RPG,Y
780290,PGA TOUR 2K23,20/10/2021,430,TRUE,840,GTX 1070,Mid,GF10,8,50,2016,379,13,N,Strategy,Y
780290,PGA TOUR 2K23,20/10/2021,430,TRUE,840,GTX 1070,Mid,GF10,8,50,2016,379,13,N,Free To Play,N
979920,EVERSPACE 2,16/07/2019,334,TRUE,962,RTX 2070,Mid+,GF20,8,65,2018,499,13,N,Action,N
979920,EVERSPACE 2,16/07/2019,334,TRUE,962,RTX 2070,Mid+,GF20,8,65,2018,499,13,N,Indie,N
979920,EVERSPACE 2,16/07/2019,334,TRUE,962,RTX 2070,Mid+,GF20,8,65,2018,499,13,N,Adventure,N
979920,EVERSPACE 2,16/07/2019,334,TRUE,962,RTX 2070,Mid+,GF20,8,65,2018,499,13,N,Simulation,Y
979920,EVERSPACE 2,16/07/2019,334,TRUE,962,RTX 2070,Mid+,GF20,8,65,2018,499,13,N,RPG,N
979920,EVERSPACE 2,16/07/2019,334,TRUE,962,RTX 2070,Mid+,GF20,8,65,2018,499,13,N,Strategy,Y
979920,EVERSPACE 2,16/07/2019,334,TRUE,962,RTX 2070,Mid+,GF20,8,65,2018,499,13,N,Free To Play,Y
768200,The Texas Chain Saw Massacre,15/02/2024,338,FALSE,960,RTX 2070,Mid+,GF20,8,65,2018,499,13,N,Action,Y
768200,The Texas Chain Saw Massacre,15/02/2024,338,FALSE,960,RTX 2070,Mid+,GF20,8,65,2018,499,13,N,Indie,Y
768200,The Texas Chain Saw Massacre,15/02/2024,338,FALSE,960,RTX 2070,Mid+,GF20,8,65,2018,499,13,N,Adventure,Y
768200,The Texas Chain Saw Massacre,15/02/2024,338,FALSE,960,RTX 2070,Mid+,GF20,8,65,2018,499,13,N,Simulation,N
768200,The Texas Chain Saw Massacre,15/02/2024,338,FALSE,960,RTX 2070,Mid+,GF20,8,65,2018,499,13,N,RPG,Y
768200,The Texas Chain Saw Massacre,15/02/2024,338,FALSE,960,RTX 2070,Mid+,GF20,8,65,2018,499,13,N,Strategy,N
768200,The Texas Chain Saw Massacre,15/02/2024,338,FALSE,960,RTX 2070,Mid+,GF20,8,65,2018,499,13,N,Free To Play,N
892970,Valheim,02/02/2021,14439,TRUE,71,RX 580,Mid,R500,8,30,2017,229,13,N,Action,Y
892970,Valheim,02/02/2021,14439,TRUE,71,RX 580,Mid,R500,8,30,2017,229,13,N,Indie,Y
892970,Valheim,02/02/2021,14439,TRUE,71,RX 580,Mid,R500,8,30,2017,229,13,N,Adventure,Y
892970,Valheim,02/02/2021,14439,TRUE,71,RX 580,Mid,R500,8,30,2017,229,13,N,Simulation,N
892970,Valheim,02/02/2021,14439,TRUE,71,RX 580,Mid,R500,8,30,2017,229,13,N,RPG,Y
892970,Valheim,02/02/2021,14439,TRUE,71,RX 580,Mid,R500,8,30,2017,229,13,N,Strategy,N
892970,Valheim,02/02/2021,14439,TRUE,71,RX 580,Mid,R500,8,30,2017,229,13,N,Free To Play,N
2878980,NBA 2K25,28/10/2024,27486,FALSE,36,RTX 2070,Mid+,GF20,8,65,2018,499,13,N,Action,N
2878980,NBA 2K25,28/10/2024,27486,FALSE,36,RTX 2070,Mid+,GF20,8,65,2018,499,13,N,Indie,N
2878980,NBA 2K25,28/10/2024,27486,FALSE,36,RTX 2070,Mid+,GF20,8,65,2018,499,13,N,Adventure,N
2878980,NBA 2K25,28/10/2024,27486,FALSE,36,RTX 2070,Mid+,GF20,8,65,2018,499,13,N,Simulation,Y
2878980,NBA 2K25,28/10/2024,27486,FALSE,36,RTX 2070,Mid+,GF20,8,65,2018,499,13,N,RPG,N
2878980,NBA 2K25,28/10/2024,27486,FALSE,36,RTX 2070,Mid+,GF20,8,65,2018,499,13,N,Strategy,N
2878980,NBA 2K25,28/10/2024,27486,FALSE,36,RTX 2070,Mid+,GF20,8,65,2018,499,13,N,Free To Play,N
3241660,R.E.P.O.,26/02/2025,32349,FALSE,28,GTX 1070,Mid,GF10,8,50,2016,379,13,N,Action,Y
3241660,R.E.P.O.,26/02/2025,32349,FALSE,28,GTX 1070,Mid,GF10,8,50,2016,379,13,N,Indie,N
3241660,R.E.P.O.,26/02/2025,32349,FALSE,28,GTX 1070,Mid,GF10,8,50,2016,379,13,N,Adventure,N
3241660,R.E.P.O.,26/02/2025,32349,FALSE,28,GTX 1070,Mid,GF10,8,50,2016,379,13,N,Simulation,N
3241660,R.E.P.O.,26/02/2025,32349,FALSE,28,GTX 1070,Mid,GF10,8,50,2016,379,13,N,RPG,N
3241660,R.E.P.O.,26/02/2025,32349,FALSE,28,GTX 1070,Mid,GF10,8,50,2016,379,13,N,Strategy,N
3241660,R.E.P.O.,26/02/2025,32349,FALSE,28,GTX 1070,Mid,GF10,8,50,2016,379,13,N,Free To Play,N
1222140,Detroit: Become Human,18/06/2020,2344,FALSE,275,RX 580,Mid,R500,8,30,2017,229,13,N,Action,Y
1222140,Detroit: Become Human,18/06/2020,2344,FALSE,275,RX 580,Mid,R500,8,30,2017,229,13,N,Indie,N
1222140,Detroit: Become Human,18/06/2020,2344,FALSE,275,RX 580,Mid,R500,8,30,2017,229,13,N,Adventure,Y
1222140,Detroit: Become Human,18/06/2020,2344,FALSE,275,RX 580,Mid,R500,8,30,2017,229,13,N,Simulation,N
1222140,Detroit: Become Human,18/06/2020,2344,FALSE,275,RX 580,Mid,R500,8,30,2017,229,13,N,RPG,N
1222140,Detroit: Become Human,18/06/2020,2344,FALSE,275,RX 580,Mid,R500,8,30,2017,229,13,N,Strategy,N
1222140,Detroit: Become Human,18/06/2020,2344,FALSE,275,RX 580,Mid,R500,8,30,2017,229,13,N,Free To Play,N
3059520,F1 25,30/05/2025,5272,FALSE,150,RTX 2070,Mid+,GF20,8,65,2018,499,13,N,Action,N
3059520,F1 25,30/05/2025,5272,FALSE,150,RTX 2070,Mid+,GF20,8,65,2018,499,13,N,Indie,N
3059520,F1 25,30/05/2025,5272,FALSE,150,RTX 2070,Mid+,GF20,8,65,2018,499,13,N,Adventure,N
3059520,F1 25,30/05/2025,5272,FALSE,150,RTX 2070,Mid+,GF20,8,65,2018,499,13,N,Simulation,Y
3059520,F1 25,30/05/2025,5272,FALSE,150,RTX 2070,Mid+,GF20,8,65,2018,499,13,N,RPG,N
3059520,F1 25,30/05/2025,5272,FALSE,150,RTX 2070,Mid+,GF20,8,65,2018,499,13,N,Strategy,N
3059520,F1 25,30/05/2025,5272,FALSE,150,RTX 2070,Mid+,GF20,8,65,2018,499,13,N,Free To Play,N
1774580,STAR WARS Jedi: Survivor,27/04/2023,2353,FALSE,274,RTX 2070,Mid+,GF20,8,65,2018,499,13,N,Action,Y
1774580,STAR WARS Jedi: Survivor,27/04/2023,2353,FALSE,274,RTX 2070,Mid+,GF20,8,65,2018,499,13,N,Indie,N
1774580,STAR WARS Jedi: Survivor,27/04/2023,2353,FALSE,274,RTX 2070,Mid+,GF20,8,65,2018,499,13,N,Adventure,Y
1774580,STAR WARS Jedi: Survivor,27/04/2023,2353,FALSE,274,RTX 2070,Mid+,GF20,8,65,2018,499,13,N,Simulation,N
1774580,STAR WARS Jedi: Survivor,27/04/2023,2353,FALSE,274,RTX 2070,Mid+,GF20,8,65,2018,499,13,N,RPG,N
1774580,STAR WARS Jedi: Survivor,27/04/2023,2353,FALSE,274,RTX 2070,Mid+,GF20,8,65,2018,499,13,N,Strategy,N
1774580,STAR WARS Jedi: Survivor,27/04/2023,2353,FALSE,274,RTX 2070,Mid+,GF20,8,65,2018,499,13,N,Free To Play,N
2622380,ELDEN RING NIGHTREIGN,29/05/2025,163599,FALSE,5,GTX 1070,Mid,GF10,8,50,2016,379,13,N,Action,Y
2622380,ELDEN RING NIGHTREIGN,29/05/2025,163599,FALSE,5,GTX 1070,Mid,GF10,8,50,2016,379,13,N,Indie,N
2622380,ELDEN RING NIGHTREIGN,29/05/2025,163599,FALSE,5,GTX 1070,Mid,GF10,8,50,2016,379,13,N,Adventure,N
2622380,ELDEN RING NIGHTREIGN,29/05/2025,163599,FALSE,5,GTX 1070,Mid,GF10,8,50,2016,379,13,N,Simulation,N
2622380,ELDEN RING NIGHTREIGN,29/05/2025,163599,FALSE,5,GTX 1070,Mid,GF10,8,50,2016,379,13,N,RPG,Y
2622380,ELDEN RING NIGHTREIGN,29/05/2025,163599,FALSE,5,GTX 1070,Mid,GF10,8,50,2016,379,13,N,Strategy,N
2622380,ELDEN RING NIGHTREIGN,29/05/2025,163599,FALSE,5,GTX 1070,Mid,GF10,8,50,2016,379,13,N,Free To Play,N
578080,PUBG: BATTLEGROUNDS,21/12/2017,314682,FALSE,3,RX 580,Mid,R500,8,30,2017,229,13,N,Action,Y
578080,PUBG: BATTLEGROUNDS,21/12/2017,314682,FALSE,3,RX 580,Mid,R500,8,30,2017,229,13,N,Indie,N
578080,PUBG: BATTLEGROUNDS,21/12/2017,314682,FALSE,3,RX 580,Mid,R500,8,30,2017,229,13,N,Adventure,Y
578080,PUBG: BATTLEGROUNDS,21/12/2017,314682,FALSE,3,RX 580,Mid,R500,8,30,2017,229,13,N,Simulation,N
578080,PUBG: BATTLEGROUNDS,21/12/2017,314682,FALSE,3,RX 580,Mid,R500,8,30,2017,229,13,N,RPG,N
578080,PUBG: BATTLEGROUNDS,21/12/2017,314682,FALSE,3,RX 580,Mid,R500,8,30,2017,229,13,N,Strategy,N
578080,PUBG: BATTLEGROUNDS,21/12/2017,314682,FALSE,3,RX 580,Mid,R500,8,30,2017,229,13,N,Free To Play,Y
1604030,V Rising,08/05/2024,10961,FALSE,91,GTX 1070,Mid,GF10,8,50,2016,379,13,N,Action,Y
1604030,V Rising,08/05/2024,10961,FALSE,91,GTX 1070,Mid,GF10,8,50,2016,379,13,N,Indie,N
1604030,V Rising,08/05/2024,10961,FALSE,91,GTX 1070,Mid,GF10,8,50,2016,379,13,N,Adventure,Y
1604030,V Rising,08/05/2024,10961,FALSE,91,GTX 1070,Mid,GF10,8,50,2016,379,13,N,Simulation,N
1604030,V Rising,08/05/2024,10961,FALSE,91,GTX 1070,Mid,GF10,8,50,2016,379,13,N,RPG,N
1604030,V Rising,08/05/2024,10961,FALSE,91,GTX 1070,Mid,GF10,8,50,2016,379,13,N,Strategy,N
1604030,V Rising,08/05/2024,10961,FALSE,91,GTX 1070,Mid,GF10,8,50,2016,379,13,N,Free To Play,N
1778820,TEKKEN 8,25/01/2024,4409,FALSE,174,RTX 2070,Mid+,GF20,8,65,2018,499,13,N,Action,Y
1778820,TEKKEN 8,25/01/2024,4409,FALSE,174,RTX 2070,Mid+,GF20,8,65,2018,499,13,N,Indie,N
1778820,TEKKEN 8,25/01/2024,4409,FALSE,174,RTX 2070,Mid+,GF20,8,65,2018,499,13,N,Adventure,N
1778820,TEKKEN 8,25/01/2024,4409,FALSE,174,RTX 2070,Mid+,GF20,8,65,2018,499,13,N,Simulation,N
1778820,TEKKEN 8,25/01/2024,4409,FALSE,174,RTX 2070,Mid+,GF20,8,65,2018,499,13,N,RPG,N
1778820,TEKKEN 8,25/01/2024,4409,FALSE,174,RTX 2070,Mid+,GF20,8,65,2018,499,13,N,Strategy,N
1778820,TEKKEN 8,25/01/2024,4409,FALSE,174,RTX 2070,Mid+,GF20,8,65,2018,499,13,N,Free To Play,N
1611910,Thronefall,05/05/2022,373,FALSE,912,RX 580,Mid,R500,8,30,2017,229,13,N,Action,N
1611910,Thronefall,05/05/2022,373,FALSE,912,RX 580,Mid,R500,8,30,2017,229,13,N,Indie,N
1611910,Thronefall,05/05/2022,373,FALSE,912,RX 580,Mid,R500,8,30,2017,229,13,N,Adventure,N
1611910,Thronefall,05/05/2022,373,FALSE,912,RX 580,Mid,R500,8,30,2017,229,13,N,Simulation,N
1611910,Thronefall,05/05/2022,373,FALSE,912,RX 580,Mid,R500,8,30,2017,229,13,N,RPG,Y
1611910,Thronefall,05/05/2022,373,FALSE,912,RX 580,Mid,R500,8,30,2017,229,13,N,Strategy,Y
1611910,Thronefall,05/05/2022,373,FALSE,912,RX 580,Mid,R500,8,30,2017,229,13,N,Free To Play,N
505460,Foxhole,28/09/2022,2821,FALSE,237,RTX 2070,Mid+,GF20,8,65,2018,499,13,N,Action,Y
505460,Foxhole,28/09/2022,2821,FALSE,237,RTX 2070,Mid+,GF20,8,65,2018,499,13,N,Indie,Y
505460,Foxhole,28/09/2022,2821,FALSE,237,RTX 2070,Mid+,GF20,8,65,2018,499,13,N,Adventure,N
505460,Foxhole,28/09/2022,2821,FALSE,237,RTX 2070,Mid+,GF20,8,65,2018,499,13,N,Simulation,N
505460,Foxhole,28/09/2022,2821,FALSE,237,RTX 2070,Mid+,GF20,8,65,2018,499,13,N,RPG,Y
505460,Foxhole,28/09/2022,2821,FALSE,237,RTX 2070,Mid+,GF20,8,65,2018,499,13,N,Strategy,Y
505460,Foxhole,28/09/2022,2821,FALSE,237,RTX 2070,Mid+,GF20,8,65,2018,499,13,N,Free To Play,N
1611600,WARNO,23/05/2024,873,FALSE,533,GTX 1060,Mid,GF10,6,30,2016,249,12,N,Action,Y
1611600,WARNO,23/05/2024,873,FALSE,533,GTX 1060,Mid,GF10,6,30,2016,249,12,N,Indie,Y
1611600,WARNO,23/05/2024,873,FALSE,533,GTX 1060,Mid,GF10,6,30,2016,249,12,N,Adventure,N
1611600,WARNO,23/05/2024,873,FALSE,533,GTX 1060,Mid,GF10,6,30,2016,249,12,N,Simulation,Y
1611600,WARNO,23/05/2024,873,FALSE,533,GTX 1060,Mid,GF10,6,30,2016,249,12,N,RPG,N
1611600,WARNO,23/05/2024,873,FALSE,533,GTX 1060,Mid,GF10,6,30,2016,249,12,N,Strategy,Y
1611600,WARNO,23/05/2024,873,FALSE,533,GTX 1060,Mid,GF10,6,30,2016,249,12,N,Free To Play,N
1971650,Solasta: Crown of the Magister,24/02/2023,398,FALSE,882,GTX 1060,Mid,GF10,6,30,2016,249,12,N,Action,N
1971650,Solasta: Crown of the Magister,24/02/2023,398,FALSE,882,GTX 1060,Mid,GF10,6,30,2016,249,12,N,Indie,N
1971650,Solasta: Crown of the Magister,24/02/2023,398,FALSE,882,GTX 1060,Mid,GF10,6,30,2016,249,12,N,Adventure,N
1971650,Solasta: Crown of the Magister,24/02/2023,398,FALSE,882,GTX 1060,Mid,GF10,6,30,2016,249,12,N,Simulation,N
1971650,Solasta: Crown of the Magister,24/02/2023,398,FALSE,882,GTX 1060,Mid,GF10,6,30,2016,249,12,N,RPG,Y
1971650,Solasta: Crown of the Magister,24/02/2023,398,FALSE,882,GTX 1060,Mid,GF10,6,30,2016,249,12,N,Strategy,N
1971650,Solasta: Crown of the Magister,24/02/2023,398,FALSE,882,GTX 1060,Mid,GF10,6,30,2016,249,12,N,Free To Play,N
489630,"Warhammer 40,000: Gladius - Relics of War",12/07/2018,1326,FALSE,411,RX 480,Mid,R400,8,30,2016,239,12,N,Action,N
489630,"Warhammer 40,000: Gladius - Relics of War",12/07/2018,1326,FALSE,411,RX 480,Mid,R400,8,30,2016,239,12,N,Indie,N
489630,"Warhammer 40,000: Gladius - Relics of War",12/07/2018,1326,FALSE,411,RX 480,Mid,R400,8,30,2016,239,12,N,Adventure,N
489630,"Warhammer 40,000: Gladius - Relics of War",12/07/2018,1326,FALSE,411,RX 480,Mid,R400,8,30,2016,239,12,N,Simulation,N
489630,"Warhammer 40,000: Gladius - Relics of War",12/07/2018,1326,FALSE,411,RX 480,Mid,R400,8,30,2016,239,12,N,RPG,N
489630,"Warhammer 40,000: Gladius - Relics of War",12/07/2018,1326,FALSE,411,RX 480,Mid,R400,8,30,2016,239,12,N,Strategy,Y
489630,"Warhammer 40,000: Gladius - Relics of War",12/07/2018,1326,FALSE,411,RX 480,Mid,R400,8,30,2016,239,12,N,Free To Play,N
1665460,eFootball,29/09/2021,13404,FALSE,79,GTX 1060,Mid,GF10,6,30,2016,249,12,N,Action,N
1665460,eFootball,29/09/2021,13404,FALSE,79,GTX 1060,Mid,GF10,6,30,2016,249,12,N,Indie,N
1665460,eFootball,29/09/2021,13404,FALSE,79,GTX 1060,Mid,GF10,6,30,2016,249,12,N,Adventure,N
1665460,eFootball,29/09/2021,13404,FALSE,79,GTX 1060,Mid,GF10,6,30,2016,249,12,N,Simulation,Y
1665460,eFootball,29/09/2021,13404,FALSE,79,GTX 1060,Mid,GF10,6,30,2016,249,12,N,RPG,N
1665460,eFootball,29/09/2021,13404,FALSE,79,GTX 1060,Mid,GF10,6,30,2016,249,12,N,Strategy,N
1665460,eFootball,29/09/2021,13404,FALSE,79,GTX 1060,Mid,GF10,6,30,2016,249,12,N,Free To Play,Y
3036010,Coin Push RPG,22/05/2025,999,FALSE,487,GTX 1060,Mid,GF10,6,30,2016,249,12,N,Action,N
3036010,Coin Push RPG,22/05/2025,999,FALSE,487,GTX 1060,Mid,GF10,6,30,2016,249,12,N,Indie,Y
3036010,Coin Push RPG,22/05/2025,999,FALSE,487,GTX 1060,Mid,GF10,6,30,2016,249,12,N,Adventure,N
3036010,Coin Push RPG,22/05/2025,999,FALSE,487,GTX 1060,Mid,GF10,6,30,2016,249,12,N,Simulation,N
3036010,Coin Push RPG,22/05/2025,999,FALSE,487,GTX 1060,Mid,GF10,6,30,2016,249,12,N,RPG,Y
3036010,Coin Push RPG,22/05/2025,999,FALSE,487,GTX 1060,Mid,GF10,6,30,2016,249,12,N,Strategy,Y
3036010,Coin Push RPG,22/05/2025,999,FALSE,487,GTX 1060,Mid,GF10,6,30,2016,249,12,N,Free To Play,N
261550,Mount & Blade II: Bannerlord,25/10/2022,14477,FALSE,70,GTX 1060,Mid,GF10,6,30,2016,249,12,N,Action,Y
261550,Mount & Blade II: Bannerlord,25/10/2022,14477,FALSE,70,GTX 1060,Mid,GF10,6,30,2016,249,12,N,Indie,Y
261550,Mount & Blade II: Bannerlord,25/10/2022,14477,FALSE,70,GTX 1060,Mid,GF10,6,30,2016,249,12,N,Adventure,N
261550,Mount & Blade II: Bannerlord,25/10/2022,14477,FALSE,70,GTX 1060,Mid,GF10,6,30,2016,249,12,N,Simulation,Y
261550,Mount & Blade II: Bannerlord,25/10/2022,14477,FALSE,70,GTX 1060,Mid,GF10,6,30,2016,249,12,N,RPG,Y
261550,Mount & Blade II: Bannerlord,25/10/2022,14477,FALSE,70,GTX 1060,Mid,GF10,6,30,2016,249,12,N,Strategy,Y
261550,Mount & Blade II: Bannerlord,25/10/2022,14477,FALSE,70,GTX 1060,Mid,GF10,6,30,2016,249,12,N,Free To Play,N
766570,Russian Fishing 4,10/11/2021,14950,FALSE,67,GTX 1060,Mid,GF10,6,30,2016,249,12,N,Action,N
766570,Russian Fishing 4,10/11/2021,14950,FALSE,67,GTX 1060,Mid,GF10,6,30,2016,249,12,N,Indie,N
766570,Russian Fishing 4,10/11/2021,14950,FALSE,67,GTX 1060,Mid,GF10,6,30,2016,249,12,N,Adventure,Y
766570,Russian Fishing 4,10/11/2021,14950,FALSE,67,GTX 1060,Mid,GF10,6,30,2016,249,12,N,Simulation,Y
766570,Russian Fishing 4,10/11/2021,14950,FALSE,67,GTX 1060,Mid,GF10,6,30,2016,249,12,N,RPG,Y
766570,Russian Fishing 4,10/11/2021,14950,FALSE,67,GTX 1060,Mid,GF10,6,30,2016,249,12,N,Strategy,N
766570,Russian Fishing 4,10/11/2021,14950,FALSE,67,GTX 1060,Mid,GF10,6,30,2016,249,12,N,Free To Play,Y
1286680,Tiny Tina's Wonderlands,23/06/2022,866,FALSE,537,RX 590,Mid,R500,8,35,2018,279,12,N,Action,Y
1286680,Tiny Tina's Wonderlands,23/06/2022,866,FALSE,537,RX 590,Mid,R500,8,35,2018,279,12,N,Indie,N
1286680,Tiny Tina's Wonderlands,23/06/2022,866,FALSE,537,RX 590,Mid,R500,8,35,2018,279,12,N,Adventure,Y
1286680,Tiny Tina's Wonderlands,23/06/2022,866,FALSE,537,RX 590,Mid,R500,8,35,2018,279,12,N,Simulation,N
1286680,Tiny Tina's Wonderlands,23/06/2022,866,FALSE,537,RX 590,Mid,R500,8,35,2018,279,12,N,RPG,Y
1286680,Tiny Tina's Wonderlands,23/06/2022,866,FALSE,537,RX 590,Mid,R500,8,35,2018,279,12,N,Strategy,N
1286680,Tiny Tina's Wonderlands,23/06/2022,866,FALSE,537,RX 590,Mid,R500,8,35,2018,279,12,N,Free To Play,N
1124300,LOCKDOWN Protocol,17/08/2021,411,TRUE,867,GTX 1060,Mid,GF10,6,30,2016,249,12,N,Action,N
1124300,LOCKDOWN Protocol,17/08/2021,411,TRUE,867,GTX 1060,Mid,GF10,6,30,2016,249,12,N,Indie,N
1124300,LOCKDOWN Protocol,17/08/2021,411,TRUE,867,GTX 1060,Mid,GF10,6,30,2016,249,12,N,Adventure,N
1124300,LOCKDOWN Protocol,17/08/2021,411,TRUE,867,GTX 1060,Mid,GF10,6,30,2016,249,12,N,Simulation,N
1124300,LOCKDOWN Protocol,17/08/2021,411,TRUE,867,GTX 1060,Mid,GF10,6,30,2016,249,12,N,RPG,N
1124300,LOCKDOWN Protocol,17/08/2021,411,TRUE,867,GTX 1060,Mid,GF10,6,30,2016,249,12,N,Strategy,Y
1124300,LOCKDOWN Protocol,17/08/2021,411,TRUE,867,GTX 1060,Mid,GF10,6,30,2016,249,12,N,Free To Play,N
2993780,FANTASY LIFE i: The Girl Who Steals Time,21/05/2025,19498,FALSE,50,GTX 1060,Mid,GF10,6,30,2016,249,12,N,Action,N
2993780,FANTASY LIFE i: The Girl Who Steals Time,21/05/2025,19498,FALSE,50,GTX 1060,Mid,GF10,6,30,2016,249,12,N,Indie,N
2993780,FANTASY LIFE i: The Girl Who Steals Time,21/05/2025,19498,FALSE,50,GTX 1060,Mid,GF10,6,30,2016,249,12,N,Adventure,N
2993780,FANTASY LIFE i: The Girl Who Steals Time,21/05/2025,19498,FALSE,50,GTX 1060,Mid,GF10,6,30,2016,249,12,N,Simulation,N
2993780,FANTASY LIFE i: The Girl Who Steals Time,21/05/2025,19498,FALSE,50,GTX 1060,Mid,GF10,6,30,2016,249,12,N,RPG,Y
2993780,FANTASY LIFE i: The Girl Who Steals Time,21/05/2025,19498,FALSE,50,GTX 1060,Mid,GF10,6,30,2016,249,12,N,Strategy,N
2993780,FANTASY LIFE i: The Girl Who Steals Time,21/05/2025,19498,FALSE,50,GTX 1060,Mid,GF10,6,30,2016,249,12,N,Free To Play,N
1593500,God of War,14/01/2022,1380,FALSE,400,GTX 1060,Mid,GF10,6,30,2016,249,12,N,Action,Y
1593500,God of War,14/01/2022,1380,FALSE,400,GTX 1060,Mid,GF10,6,30,2016,249,12,N,Indie,N
1593500,God of War,14/01/2022,1380,FALSE,400,GTX 1060,Mid,GF10,6,30,2016,249,12,N,Adventure,Y
1593500,God of War,14/01/2022,1380,FALSE,400,GTX 1060,Mid,GF10,6,30,2016,249,12,N,Simulation,N
1593500,God of War,14/01/2022,1380,FALSE,400,GTX 1060,Mid,GF10,6,30,2016,249,12,N,RPG,Y
1593500,God of War,14/01/2022,1380,FALSE,400,GTX 1060,Mid,GF10,6,30,2016,249,12,N,Strategy,N
1593500,God of War,14/01/2022,1380,FALSE,400,GTX 1060,Mid,GF10,6,30,2016,249,12,N,Free To Play,N
1144200,Ready or Not,13/12/2023,4296,FALSE,180,GTX 1060,Mid,GF10,6,30,2016,249,12,N,Action,Y
1144200,Ready or Not,13/12/2023,4296,FALSE,180,GTX 1060,Mid,GF10,6,30,2016,249,12,N,Indie,Y
1144200,Ready or Not,13/12/2023,4296,FALSE,180,GTX 1060,Mid,GF10,6,30,2016,249,12,N,Adventure,Y
1144200,Ready or Not,13/12/2023,4296,FALSE,180,GTX 1060,Mid,GF10,6,30,2016,249,12,N,Simulation,N
1144200,Ready or Not,13/12/2023,4296,FALSE,180,GTX 1060,Mid,GF10,6,30,2016,249,12,N,RPG,N
1144200,Ready or Not,13/12/2023,4296,FALSE,180,GTX 1060,Mid,GF10,6,30,2016,249,12,N,Strategy,N
1144200,Ready or Not,13/12/2023,4296,FALSE,180,GTX 1060,Mid,GF10,6,30,2016,249,12,N,Free To Play,N
1222680,Need for Speed Heat,04/06/2020,1385,FALSE,398,RX 480,Mid,R400,8,30,2016,239,12,N,Action,Y
1222680,Need for Speed Heat,04/06/2020,1385,FALSE,398,RX 480,Mid,R400,8,30,2016,239,12,N,Indie,N
1222680,Need for Speed Heat,04/06/2020,1385,FALSE,398,RX 480,Mid,R400,8,30,2016,239,12,N,Adventure,Y
1222680,Need for Speed Heat,04/06/2020,1385,FALSE,398,RX 480,Mid,R400,8,30,2016,239,12,N,Simulation,N
1222680,Need for Speed Heat,04/06/2020,1385,FALSE,398,RX 480,Mid,R400,8,30,2016,239,12,N,RPG,N
1222680,Need for Speed Heat,04/06/2020,1385,FALSE,398,RX 480,Mid,R400,8,30,2016,239,12,N,Strategy,N
1222680,Need for Speed Heat,04/06/2020,1385,FALSE,398,RX 480,Mid,R400,8,30,2016,239,12,N,Free To Play,N
2701660,Frostpunk 2,14/11/2024,526,FALSE,739,GTX 1060,Mid,GF10,6,30,2016,249,12,N,Action,N
2701660,Frostpunk 2,14/11/2024,526,FALSE,739,GTX 1060,Mid,GF10,6,30,2016,249,12,N,Indie,N
2701660,Frostpunk 2,14/11/2024,526,FALSE,739,GTX 1060,Mid,GF10,6,30,2016,249,12,N,Adventure,N
2701660,Frostpunk 2,14/11/2024,526,FALSE,739,GTX 1060,Mid,GF10,6,30,2016,249,12,N,Simulation,N
2701660,Frostpunk 2,14/11/2024,526,FALSE,739,GTX 1060,Mid,GF10,6,30,2016,249,12,N,RPG,Y
2701660,Frostpunk 2,14/11/2024,526,FALSE,739,GTX 1060,Mid,GF10,6,30,2016,249,12,N,Strategy,N
2701660,Frostpunk 2,14/11/2024,526,FALSE,739,GTX 1060,Mid,GF10,6,30,2016,249,12,N,Free To Play,N
620980,Bodycam,21/05/2019,423,FALSE,856,GTX 1060,Mid,GF10,6,30,2016,249,12,N,Action,N
620980,Bodycam,21/05/2019,423,FALSE,856,GTX 1060,Mid,GF10,6,30,2016,249,12,N,Indie,Y
620980,Bodycam,21/05/2019,423,FALSE,856,GTX 1060,Mid,GF10,6,30,2016,249,12,N,Adventure,N
620980,Bodycam,21/05/2019,423,FALSE,856,GTX 1060,Mid,GF10,6,30,2016,249,12,N,Simulation,N
620980,Bodycam,21/05/2019,423,FALSE,856,GTX 1060,Mid,GF10,6,30,2016,249,12,N,RPG,N
620980,Bodycam,21/05/2019,423,FALSE,856,GTX 1060,Mid,GF10,6,30,2016,249,12,N,Strategy,N
620980,Bodycam,21/05/2019,423,FALSE,856,GTX 1060,Mid,GF10,6,30,2016,249,12,N,Free To Play,N
1174180,Red Dead Redemption 2,05/12/2019,29885,FALSE,31,GTX 1060,Mid,GF10,6,30,2016,249,12,N,Action,Y
1174180,Red Dead Redemption 2,05/12/2019,29885,FALSE,31,GTX 1060,Mid,GF10,6,30,2016,249,12,N,Indie,N
1174180,Red Dead Redemption 2,05/12/2019,29885,FALSE,31,GTX 1060,Mid,GF10,6,30,2016,249,12,N,Adventure,Y
1174180,Red Dead Redemption 2,05/12/2019,29885,FALSE,31,GTX 1060,Mid,GF10,6,30,2016,249,12,N,Simulation,N
1174180,Red Dead Redemption 2,05/12/2019,29885,FALSE,31,GTX 1060,Mid,GF10,6,30,2016,249,12,N,RPG,N
1174180,Red Dead Redemption 2,05/12/2019,29885,FALSE,31,GTX 1060,Mid,GF10,6,30,2016,249,12,N,Strategy,N
1174180,Red Dead Redemption 2,05/12/2019,29885,FALSE,31,GTX 1060,Mid,GF10,6,30,2016,249,12,N,Free To Play,N
356190,Middle-earth: Shadow of War,09/10/2017,1405,FALSE,393,RX 480,Mid,R400,8,30,2016,239,12,N,Action,Y
356190,Middle-earth: Shadow of War,09/10/2017,1405,FALSE,393,RX 480,Mid,R400,8,30,2016,239,12,N,Indie,N
356190,Middle-earth: Shadow of War,09/10/2017,1405,FALSE,393,RX 480,Mid,R400,8,30,2016,239,12,N,Adventure,Y
356190,Middle-earth: Shadow of War,09/10/2017,1405,FALSE,393,RX 480,Mid,R400,8,30,2016,239,12,N,Simulation,N
356190,Middle-earth: Shadow of War,09/10/2017,1405,FALSE,393,RX 480,Mid,R400,8,30,2016,239,12,N,RPG,Y
356190,Middle-earth: Shadow of War,09/10/2017,1405,FALSE,393,RX 480,Mid,R400,8,30,2016,239,12,N,Strategy,N
356190,Middle-earth: Shadow of War,09/10/2017,1405,FALSE,393,RX 480,Mid,R400,8,30,2016,239,12,N,Free To Play,N
646910,The Crew 2,28/06/2018,873,FALSE,533,GTX 1060,Mid,GF10,6,30,2016,249,12,N,Action,Y
646910,The Crew 2,28/06/2018,873,FALSE,533,GTX 1060,Mid,GF10,6,30,2016,249,12,N,Indie,N
646910,The Crew 2,28/06/2018,873,FALSE,533,GTX 1060,Mid,GF10,6,30,2016,249,12,N,Adventure,N
646910,The Crew 2,28/06/2018,873,FALSE,533,GTX 1060,Mid,GF10,6,30,2016,249,12,N,Simulation,N
646910,The Crew 2,28/06/2018,873,FALSE,533,GTX 1060,Mid,GF10,6,30,2016,249,12,N,RPG,N
646910,The Crew 2,28/06/2018,873,FALSE,533,GTX 1060,Mid,GF10,6,30,2016,249,12,N,Strategy,N
646910,The Crew 2,28/06/2018,873,FALSE,533,GTX 1060,Mid,GF10,6,30,2016,249,12,N,Free To Play,N
582010,Monster Hunter: World,08/08/2018,11923,FALSE,87,GTX 1060,Mid,GF10,6,30,2016,249,12,N,Action,Y
582010,Monster Hunter: World,08/08/2018,11923,FALSE,87,GTX 1060,Mid,GF10,6,30,2016,249,12,N,Indie,N
582010,Monster Hunter: World,08/08/2018,11923,FALSE,87,GTX 1060,Mid,GF10,6,30,2016,249,12,N,Adventure,N
582010,Monster Hunter: World,08/08/2018,11923,FALSE,87,GTX 1060,Mid,GF10,6,30,2016,249,12,N,Simulation,N
582010,Monster Hunter: World,08/08/2018,11923,FALSE,87,GTX 1060,Mid,GF10,6,30,2016,249,12,N,RPG,N
582010,Monster Hunter: World,08/08/2018,11923,FALSE,87,GTX 1060,Mid,GF10,6,30,2016,249,12,N,Strategy,N
582010,Monster Hunter: World,08/08/2018,11923,FALSE,87,GTX 1060,Mid,GF10,6,30,2016,249,12,N,Free To Play,N
1238840,Battlefield 1,11/06/2020,6308,FALSE,132,RX 480,Mid,R400,8,30,2016,239,12,N,Action,Y
1238840,Battlefield 1,11/06/2020,6308,FALSE,132,RX 480,Mid,R400,8,30,2016,239,12,N,Indie,N
1238840,Battlefield 1,11/06/2020,6308,FALSE,132,RX 480,Mid,R400,8,30,2016,239,12,N,Adventure,N
1238840,Battlefield 1,11/06/2020,6308,FALSE,132,RX 480,Mid,R400,8,30,2016,239,12,N,Simulation,N
1238840,Battlefield 1,11/06/2020,6308,FALSE,132,RX 480,Mid,R400,8,30,2016,239,12,N,RPG,N
1238840,Battlefield 1,11/06/2020,6308,FALSE,132,RX 480,Mid,R400,8,30,2016,239,12,N,Strategy,N
1238840,Battlefield 1,11/06/2020,6308,FALSE,132,RX 480,Mid,R400,8,30,2016,239,12,N,Free To Play,N
494840,MiSide,02/08/2024,633,FALSE,650,GTX 1060,Mid,GF10,6,30,2016,249,12,N,Action,Y
494840,MiSide,02/08/2024,633,FALSE,650,GTX 1060,Mid,GF10,6,30,2016,249,12,N,Indie,Y
494840,MiSide,02/08/2024,633,FALSE,650,GTX 1060,Mid,GF10,6,30,2016,249,12,N,Adventure,N
494840,MiSide,02/08/2024,633,FALSE,650,GTX 1060,Mid,GF10,6,30,2016,249,12,N,Simulation,Y
494840,MiSide,02/08/2024,633,FALSE,650,GTX 1060,Mid,GF10,6,30,2016,249,12,N,RPG,Y
494840,MiSide,02/08/2024,633,FALSE,650,GTX 1060,Mid,GF10,6,30,2016,249,12,N,Strategy,Y
494840,MiSide,02/08/2024,633,FALSE,650,GTX 1060,Mid,GF10,6,30,2016,249,12,N,Free To Play,N
934700,Dead Island 2,22/04/2024,1023,TRUE,480,RX 6800 XT,Top,R6000,16,80,2020,649,12,N,Action,Y
934700,Dead Island 2,22/04/2024,1023,TRUE,480,RX 6800 XT,Top,R6000,16,80,2020,649,12,N,Indie,N
934700,Dead Island 2,22/04/2024,1023,TRUE,480,RX 6800 XT,Top,R6000,16,80,2020,649,12,N,Adventure,Y
934700,Dead Island 2,22/04/2024,1023,TRUE,480,RX 6800 XT,Top,R6000,16,80,2020,649,12,N,Simulation,N
934700,Dead Island 2,22/04/2024,1023,TRUE,480,RX 6800 XT,Top,R6000,16,80,2020,649,12,N,RPG,N
934700,Dead Island 2,22/04/2024,1023,TRUE,480,RX 6800 XT,Top,R6000,16,80,2020,649,12,N,Strategy,N
934700,Dead Island 2,22/04/2024,1023,TRUE,480,RX 6800 XT,Top,R6000,16,80,2020,649,12,N,Free To Play,N
1106840,For The King II,08/05/2020,374,FALSE,910,GTX 1060,Mid,GF10,6,30,2016,249,12,N,Action,N
1106840,For The King II,08/05/2020,374,FALSE,910,GTX 1060,Mid,GF10,6,30,2016,249,12,N,Indie,Y
1106840,For The King II,08/05/2020,374,FALSE,910,GTX 1060,Mid,GF10,6,30,2016,249,12,N,Adventure,Y
1106840,For The King II,08/05/2020,374,FALSE,910,GTX 1060,Mid,GF10,6,30,2016,249,12,N,Simulation,Y
1106840,For The King II,08/05/2020,374,FALSE,910,GTX 1060,Mid,GF10,6,30,2016,249,12,N,RPG,N
1106840,For The King II,08/05/2020,374,FALSE,910,GTX 1060,Mid,GF10,6,30,2016,249,12,N,Strategy,Y
1106840,For The King II,08/05/2020,374,FALSE,910,GTX 1060,Mid,GF10,6,30,2016,249,12,N,Free To Play,N
2217000,Crime Scene Cleaner,23/10/2024,596,FALSE,681,GTX 1060,Mid,GF10,6,30,2016,249,12,N,Action,Y
2217000,Crime Scene Cleaner,23/10/2024,596,FALSE,681,GTX 1060,Mid,GF10,6,30,2016,249,12,N,Indie,Y
2217000,Crime Scene Cleaner,23/10/2024,596,FALSE,681,GTX 1060,Mid,GF10,6,30,2016,249,12,N,Adventure,N
2217000,Crime Scene Cleaner,23/10/2024,596,FALSE,681,GTX 1060,Mid,GF10,6,30,2016,249,12,N,Simulation,N
2217000,Crime Scene Cleaner,23/10/2024,596,FALSE,681,GTX 1060,Mid,GF10,6,30,2016,249,12,N,RPG,N
2217000,Crime Scene Cleaner,23/10/2024,596,FALSE,681,GTX 1060,Mid,GF10,6,30,2016,249,12,N,Strategy,N
2217000,Crime Scene Cleaner,23/10/2024,596,FALSE,681,GTX 1060,Mid,GF10,6,30,2016,249,12,N,Free To Play,N
2418520,Farm Together 2,30/05/2025,1080,TRUE,468,GTX 1060,Mid,GF10,6,30,2016,249,12,N,Action,N
2418520,Farm Together 2,30/05/2025,1080,TRUE,468,GTX 1060,Mid,GF10,6,30,2016,249,12,N,Indie,Y
2418520,Farm Together 2,30/05/2025,1080,TRUE,468,GTX 1060,Mid,GF10,6,30,2016,249,12,N,Adventure,N
2418520,Farm Together 2,30/05/2025,1080,TRUE,468,GTX 1060,Mid,GF10,6,30,2016,249,12,N,Simulation,Y
2418520,Farm Together 2,30/05/2025,1080,TRUE,468,GTX 1060,Mid,GF10,6,30,2016,249,12,N,RPG,N
2418520,Farm Together 2,30/05/2025,1080,TRUE,468,GTX 1060,Mid,GF10,6,30,2016,249,12,N,Strategy,N
2418520,Farm Together 2,30/05/2025,1080,TRUE,468,GTX 1060,Mid,GF10,6,30,2016,249,12,N,Free To Play,N
1874880,Arma Reforger,16/11/2023,11466,FALSE,88,GTX 1070 Ti,Mid+,GF10,8,55,2017,449,12,N,Action,Y
1874880,Arma Reforger,16/11/2023,11466,FALSE,88,GTX 1070 Ti,Mid+,GF10,8,55,2017,449,12,N,Indie,N
1874880,Arma Reforger,16/11/2023,11466,FALSE,88,GTX 1070 Ti,Mid+,GF10,8,55,2017,449,12,N,Adventure,N
1874880,Arma Reforger,16/11/2023,11466,FALSE,88,GTX 1070 Ti,Mid+,GF10,8,55,2017,449,12,N,Simulation,Y
1874880,Arma Reforger,16/11/2023,11466,FALSE,88,GTX 1070 Ti,Mid+,GF10,8,55,2017,449,12,N,RPG,N
1874880,Arma Reforger,16/11/2023,11466,FALSE,88,GTX 1070 Ti,Mid+,GF10,8,55,2017,449,12,N,Strategy,Y
1874880,Arma Reforger,16/11/2023,11466,FALSE,88,GTX 1070 Ti,Mid+,GF10,8,55,2017,449,12,N,Free To Play,N
2273430,BlazBlue Entropy Effect,14/02/2024,1099,TRUE,465,GTX 1060,Mid,GF10,6,30,2016,249,12,N,Action,Y
2273430,BlazBlue Entropy Effect,14/02/2024,1099,TRUE,465,GTX 1060,Mid,GF10,6,30,2016,249,12,N,Indie,Y
2273430,BlazBlue Entropy Effect,14/02/2024,1099,TRUE,465,GTX 1060,Mid,GF10,6,30,2016,249,12,N,Adventure,Y
2273430,BlazBlue Entropy Effect,14/02/2024,1099,TRUE,465,GTX 1060,Mid,GF10,6,30,2016,249,12,N,Simulation,N
2273430,BlazBlue Entropy Effect,14/02/2024,1099,TRUE,465,GTX 1060,Mid,GF10,6,30,2016,249,12,N,RPG,N
2273430,BlazBlue Entropy Effect,14/02/2024,1099,TRUE,465,GTX 1060,Mid,GF10,6,30,2016,249,12,N,Strategy,N
2273430,BlazBlue Entropy Effect,14/02/2024,1099,TRUE,465,GTX 1060,Mid,GF10,6,30,2016,249,12,N,Free To Play,N
1237950,STAR WARS Battlefront II,11/06/2020,9213,FALSE,99,RX 480,Mid,R400,8,30,2016,239,12,N,Action,Y
1237950,STAR WARS Battlefront II,11/06/2020,9213,FALSE,99,RX 480,Mid,R400,8,30,2016,239,12,N,Indie,N
1237950,STAR WARS Battlefront II,11/06/2020,9213,FALSE,99,RX 480,Mid,R400,8,30,2016,239,12,N,Adventure,Y
1237950,STAR WARS Battlefront II,11/06/2020,9213,FALSE,99,RX 480,Mid,R400,8,30,2016,239,12,N,Simulation,N
1237950,STAR WARS Battlefront II,11/06/2020,9213,FALSE,99,RX 480,Mid,R400,8,30,2016,239,12,N,RPG,N
1237950,STAR WARS Battlefront II,11/06/2020,9213,FALSE,99,RX 480,Mid,R400,8,30,2016,239,12,N,Strategy,N
1237950,STAR WARS Battlefront II,11/06/2020,9213,FALSE,99,RX 480,Mid,R400,8,30,2016,239,12,N,Free To Play,N
2988300,Shadow of the Tomb Raider: Definitive Edition,21/05/2025,583,FALSE,691,GTX 1060,Mid,GF10,6,30,2016,249,12,N,Action,N
2988300,Shadow of the Tomb Raider: Definitive Edition,21/05/2025,583,FALSE,691,GTX 1060,Mid,GF10,6,30,2016,249,12,N,Indie,Y
2988300,Shadow of the Tomb Raider: Definitive Edition,21/05/2025,583,FALSE,691,GTX 1060,Mid,GF10,6,30,2016,249,12,N,Adventure,N
2988300,Shadow of the Tomb Raider: Definitive Edition,21/05/2025,583,FALSE,691,GTX 1060,Mid,GF10,6,30,2016,249,12,N,Simulation,Y
2988300,Shadow of the Tomb Raider: Definitive Edition,21/05/2025,583,FALSE,691,GTX 1060,Mid,GF10,6,30,2016,249,12,N,RPG,N
2988300,Shadow of the Tomb Raider: Definitive Edition,21/05/2025,583,FALSE,691,GTX 1060,Mid,GF10,6,30,2016,249,12,N,Strategy,N
2988300,Shadow of the Tomb Raider: Definitive Edition,21/05/2025,583,FALSE,691,GTX 1060,Mid,GF10,6,30,2016,249,12,N,Free To Play,N
750920,Cultist Simulator,14/09/2018,582,TRUE,692,GTX 1060,Mid,GF10,6,30,2016,249,12,N,Action,Y
750920,Cultist Simulator,14/09/2018,582,TRUE,692,GTX 1060,Mid,GF10,6,30,2016,249,12,N,Indie,N
750920,Cultist Simulator,14/09/2018,582,TRUE,692,GTX 1060,Mid,GF10,6,30,2016,249,12,N,Adventure,Y
750920,Cultist Simulator,14/09/2018,582,TRUE,692,GTX 1060,Mid,GF10,6,30,2016,249,12,N,Simulation,N
750920,Cultist Simulator,14/09/2018,582,TRUE,692,GTX 1060,Mid,GF10,6,30,2016,249,12,N,RPG,N
750920,Cultist Simulator,14/09/2018,582,TRUE,692,GTX 1060,Mid,GF10,6,30,2016,249,12,N,Strategy,N
750920,Cultist Simulator,14/09/2018,582,TRUE,692,GTX 1060,Mid,GF10,6,30,2016,249,12,N,Free To Play,N
2221490,Tom Clancy's The Division 2,12/01/2023,9481,FALSE,98,RX 480,Mid,R400,8,30,2016,239,12,N,Action,Y
2221490,Tom Clancy's The Division 2,12/01/2023,9481,FALSE,98,RX 480,Mid,R400,8,30,2016,239,12,N,Indie,N
2221490,Tom Clancy's The Division 2,12/01/2023,9481,FALSE,98,RX 480,Mid,R400,8,30,2016,239,12,N,Adventure,Y
2221490,Tom Clancy's The Division 2,12/01/2023,9481,FALSE,98,RX 480,Mid,R400,8,30,2016,239,12,N,Simulation,N
2221490,Tom Clancy's The Division 2,12/01/2023,9481,FALSE,98,RX 480,Mid,R400,8,30,2016,239,12,N,RPG,Y
2221490,Tom Clancy's The Division 2,12/01/2023,9481,FALSE,98,RX 480,Mid,R400,8,30,2016,239,12,N,Strategy,N
2221490,Tom Clancy's The Division 2,12/01/2023,9481,FALSE,98,RX 480,Mid,R400,8,30,2016,239,12,N,Free To Play,N
883710,Resident Evil 2,24/01/2019,1123,FALSE,458,GTX 1060,Mid,GF10,6,30,2016,249,12,N,Action,Y
883710,Resident Evil 2,24/01/2019,1123,FALSE,458,GTX 1060,Mid,GF10,6,30,2016,249,12,N,Indie,N
883710,Resident Evil 2,24/01/2019,1123,FALSE,458,GTX 1060,Mid,GF10,6,30,2016,249,12,N,Adventure,N
883710,Resident Evil 2,24/01/2019,1123,FALSE,458,GTX 1060,Mid,GF10,6,30,2016,249,12,N,Simulation,N
883710,Resident Evil 2,24/01/2019,1123,FALSE,458,GTX 1060,Mid,GF10,6,30,2016,249,12,N,RPG,N
883710,Resident Evil 2,24/01/2019,1123,FALSE,458,GTX 1060,Mid,GF10,6,30,2016,249,12,N,Strategy,N
883710,Resident Evil 2,24/01/2019,1123,FALSE,458,GTX 1060,Mid,GF10,6,30,2016,249,12,N,Free To Play,N
2183900,"Warhammer 40,000: Space Marine 2",09/09/2024,6851,FALSE,125,RX 6800 XT,Top,R6000,16,80,2020,649,12,N,Action,Y
2183900,"Warhammer 40,000: Space Marine 2",09/09/2024,6851,FALSE,125,RX 6800 XT,Top,R6000,16,80,2020,649,12,N,Indie,N
2183900,"Warhammer 40,000: Space Marine 2",09/09/2024,6851,FALSE,125,RX 6800 XT,Top,R6000,16,80,2020,649,12,N,Adventure,Y
2183900,"Warhammer 40,000: Space Marine 2",09/09/2024,6851,FALSE,125,RX 6800 XT,Top,R6000,16,80,2020,649,12,N,Simulation,N
2183900,"Warhammer 40,000: Space Marine 2",09/09/2024,6851,FALSE,125,RX 6800 XT,Top,R6000,16,80,2020,649,12,N,RPG,Y
2183900,"Warhammer 40,000: Space Marine 2",09/09/2024,6851,FALSE,125,RX 6800 XT,Top,R6000,16,80,2020,649,12,N,Strategy,N
2183900,"Warhammer 40,000: Space Marine 2",09/09/2024,6851,FALSE,125,RX 6800 XT,Top,R6000,16,80,2020,649,12,N,Free To Play,N
1325860,VTube Studio,12/03/2021,10139,TRUE,94,GTX 1060,Mid,GF10,6,30,2016,249,12,N,Action,N
1325860,VTube Studio,12/03/2021,10139,TRUE,94,GTX 1060,Mid,GF10,6,30,2016,249,12,N,Indie,Y
1325860,VTube Studio,12/03/2021,10139,TRUE,94,GTX 1060,Mid,GF10,6,30,2016,249,12,N,Adventure,N
1325860,VTube Studio,12/03/2021,10139,TRUE,94,GTX 1060,Mid,GF10,6,30,2016,249,12,N,Simulation,N
1325860,VTube Studio,12/03/2021,10139,TRUE,94,GTX 1060,Mid,GF10,6,30,2016,249,12,N,RPG,N
1325860,VTube Studio,12/03/2021,10139,TRUE,94,GTX 1060,Mid,GF10,6,30,2016,249,12,N,Strategy,N
1325860,VTube Studio,12/03/2021,10139,TRUE,94,GTX 1060,Mid,GF10,6,30,2016,249,12,N,Free To Play,N
1336980,NOBUNAGA'S AMBITION: Awakening,20/07/2022,977,FALSE,500,GTX 1060,Mid,GF10,6,30,2016,249,12,N,Action,N
1336980,NOBUNAGA'S AMBITION: Awakening,20/07/2022,977,FALSE,500,GTX 1060,Mid,GF10,6,30,2016,249,12,N,Indie,N
1336980,NOBUNAGA'S AMBITION: Awakening,20/07/2022,977,FALSE,500,GTX 1060,Mid,GF10,6,30,2016,249,12,N,Adventure,N
1336980,NOBUNAGA'S AMBITION: Awakening,20/07/2022,977,FALSE,500,GTX 1060,Mid,GF10,6,30,2016,249,12,N,Simulation,Y
1336980,NOBUNAGA'S AMBITION: Awakening,20/07/2022,977,FALSE,500,GTX 1060,Mid,GF10,6,30,2016,249,12,N,RPG,N
1336980,NOBUNAGA'S AMBITION: Awakening,20/07/2022,977,FALSE,500,GTX 1060,Mid,GF10,6,30,2016,249,12,N,Strategy,N
1336980,NOBUNAGA'S AMBITION: Awakening,20/07/2022,977,FALSE,500,GTX 1060,Mid,GF10,6,30,2016,249,12,N,Free To Play,N
1237970,Titanfall 2,18/06/2020,1173,FALSE,445,GTX 1060,Mid,GF10,6,30,2016,249,12,N,Action,Y
1237970,Titanfall 2,18/06/2020,1173,FALSE,445,GTX 1060,Mid,GF10,6,30,2016,249,12,N,Indie,N
1237970,Titanfall 2,18/06/2020,1173,FALSE,445,GTX 1060,Mid,GF10,6,30,2016,249,12,N,Adventure,N
1237970,Titanfall 2,18/06/2020,1173,FALSE,445,GTX 1060,Mid,GF10,6,30,2016,249,12,N,Simulation,N
1237970,Titanfall 2,18/06/2020,1173,FALSE,445,GTX 1060,Mid,GF10,6,30,2016,249,12,N,RPG,N
1237970,Titanfall 2,18/06/2020,1173,FALSE,445,GTX 1060,Mid,GF10,6,30,2016,249,12,N,Strategy,N
1237970,Titanfall 2,18/06/2020,1173,FALSE,445,GTX 1060,Mid,GF10,6,30,2016,249,12,N,Free To Play,N
1404210,Red Dead Online,01/12/2020,2207,FALSE,287,GTX 1060,Mid,GF10,6,30,2016,249,12,N,Action,Y
1404210,Red Dead Online,01/12/2020,2207,FALSE,287,GTX 1060,Mid,GF10,6,30,2016,249,12,N,Indie,N
1404210,Red Dead Online,01/12/2020,2207,FALSE,287,GTX 1060,Mid,GF10,6,30,2016,249,12,N,Adventure,Y
1404210,Red Dead Online,01/12/2020,2207,FALSE,287,GTX 1060,Mid,GF10,6,30,2016,249,12,N,Simulation,N
1404210,Red Dead Online,01/12/2020,2207,FALSE,287,GTX 1060,Mid,GF10,6,30,2016,249,12,N,RPG,N
1404210,Red Dead Online,01/12/2020,2207,FALSE,287,GTX 1060,Mid,GF10,6,30,2016,249,12,N,Strategy,N
1404210,Red Dead Online,01/12/2020,2207,FALSE,287,GTX 1060,Mid,GF10,6,30,2016,249,12,N,Free To Play,N
1238810,Battlefield V,22/10/2020,6327,FALSE,131,GTX 1060,Mid,GF10,6,30,2016,249,12,N,Action,Y
1238810,Battlefield V,22/10/2020,6327,FALSE,131,GTX 1060,Mid,GF10,6,30,2016,249,12,N,Indie,N
1238810,Battlefield V,22/10/2020,6327,FALSE,131,GTX 1060,Mid,GF10,6,30,2016,249,12,N,Adventure,N
1238810,Battlefield V,22/10/2020,6327,FALSE,131,GTX 1060,Mid,GF10,6,30,2016,249,12,N,Simulation,N
1238810,Battlefield V,22/10/2020,6327,FALSE,131,GTX 1060,Mid,GF10,6,30,2016,249,12,N,RPG,N
1238810,Battlefield V,22/10/2020,6327,FALSE,131,GTX 1060,Mid,GF10,6,30,2016,249,12,N,Strategy,N
1238810,Battlefield V,22/10/2020,6327,FALSE,131,GTX 1060,Mid,GF10,6,30,2016,249,12,N,Free To Play,N
1372110,Universe Sandbox,01/09/2022,357,FALSE,936,GTX 1060,Mid,GF10,6,30,2016,249,12,N,Action,Y
1372110,Universe Sandbox,01/09/2022,357,FALSE,936,GTX 1060,Mid,GF10,6,30,2016,249,12,N,Indie,N
1372110,Universe Sandbox,01/09/2022,357,FALSE,936,GTX 1060,Mid,GF10,6,30,2016,249,12,N,Adventure,N
1372110,Universe Sandbox,01/09/2022,357,FALSE,936,GTX 1060,Mid,GF10,6,30,2016,249,12,N,Simulation,N
1372110,Universe Sandbox,01/09/2022,357,FALSE,936,GTX 1060,Mid,GF10,6,30,2016,249,12,N,RPG,N
1372110,Universe Sandbox,01/09/2022,357,FALSE,936,GTX 1060,Mid,GF10,6,30,2016,249,12,N,Strategy,N
1372110,Universe Sandbox,01/09/2022,357,FALSE,936,GTX 1060,Mid,GF10,6,30,2016,249,12,N,Free To Play,N
632470,Disco Elysium - The Final Cut,15/10/2019,918,TRUE,520,GTX 1060,Mid,GF10,6,30,2016,249,12,N,Action,N
632470,Disco Elysium - The Final Cut,15/10/2019,918,TRUE,520,GTX 1060,Mid,GF10,6,30,2016,249,12,N,Indie,N
632470,Disco Elysium - The Final Cut,15/10/2019,918,TRUE,520,GTX 1060,Mid,GF10,6,30,2016,249,12,N,Adventure,N
632470,Disco Elysium - The Final Cut,15/10/2019,918,TRUE,520,GTX 1060,Mid,GF10,6,30,2016,249,12,N,Simulation,N
632470,Disco Elysium - The Final Cut,15/10/2019,918,TRUE,520,GTX 1060,Mid,GF10,6,30,2016,249,12,N,RPG,Y
632470,Disco Elysium - The Final Cut,15/10/2019,918,TRUE,520,GTX 1060,Mid,GF10,6,30,2016,249,12,N,Strategy,N
632470,Disco Elysium - The Final Cut,15/10/2019,918,TRUE,520,GTX 1060,Mid,GF10,6,30,2016,249,12,N,Free To Play,N
1248130,Farming Simulator 22,21/11/2021,5419,TRUE,146,GTX 1060,Mid,GF10,6,30,2016,249,12,N,Action,N
1248130,Farming Simulator 22,21/11/2021,5419,TRUE,146,GTX 1060,Mid,GF10,6,30,2016,249,12,N,Indie,N
1248130,Farming Simulator 22,21/11/2021,5419,TRUE,146,GTX 1060,Mid,GF10,6,30,2016,249,12,N,Adventure,N
1248130,Farming Simulator 22,21/11/2021,5419,TRUE,146,GTX 1060,Mid,GF10,6,30,2016,249,12,N,Simulation,Y
1248130,Farming Simulator 22,21/11/2021,5419,TRUE,146,GTX 1060,Mid,GF10,6,30,2016,249,12,N,RPG,N
1248130,Farming Simulator 22,21/11/2021,5419,TRUE,146,GTX 1060,Mid,GF10,6,30,2016,249,12,N,Strategy,N
1248130,Farming Simulator 22,21/11/2021,5419,TRUE,146,GTX 1060,Mid,GF10,6,30,2016,249,12,N,Free To Play,N
949230,Cities: Skylines II,24/10/2023,5392,FALSE,149,RTX 3080,Top,GF30,12,85,2020,699,12,N,Action,N
949230,Cities: Skylines II,24/10/2023,5392,FALSE,149,RTX 3080,Top,GF30,12,85,2020,699,12,N,Indie,N
949230,Cities: Skylines II,24/10/2023,5392,FALSE,149,RTX 3080,Top,GF30,12,85,2020,699,12,N,Adventure,N
949230,Cities: Skylines II,24/10/2023,5392,FALSE,149,RTX 3080,Top,GF30,12,85,2020,699,12,N,Simulation,Y
949230,Cities: Skylines II,24/10/2023,5392,FALSE,149,RTX 3080,Top,GF30,12,85,2020,699,12,N,RPG,N
949230,Cities: Skylines II,24/10/2023,5392,FALSE,149,RTX 3080,Top,GF30,12,85,2020,699,12,N,Strategy,N
949230,Cities: Skylines II,24/10/2023,5392,FALSE,149,RTX 3080,Top,GF30,12,85,2020,699,12,N,Free To Play,N
2623190,The Elder Scrolls IV: Oblivion Remastered,22/04/2025,14420,FALSE,72,RX 6800 XT,Top,R6000,16,80,2020,649,12,N,Action,N
2623190,The Elder Scrolls IV: Oblivion Remastered,22/04/2025,14420,FALSE,72,RX 6800 XT,Top,R6000,16,80,2020,649,12,N,Indie,N
2623190,The Elder Scrolls IV: Oblivion Remastered,22/04/2025,14420,FALSE,72,RX 6800 XT,Top,R6000,16,80,2020,649,12,N,Adventure,N
2623190,The Elder Scrolls IV: Oblivion Remastered,22/04/2025,14420,FALSE,72,RX 6800 XT,Top,R6000,16,80,2020,649,12,N,Simulation,N
2623190,The Elder Scrolls IV: Oblivion Remastered,22/04/2025,14420,FALSE,72,RX 6800 XT,Top,R6000,16,80,2020,649,12,N,RPG,Y
2623190,The Elder Scrolls IV: Oblivion Remastered,22/04/2025,14420,FALSE,72,RX 6800 XT,Top,R6000,16,80,2020,649,12,N,Strategy,N
2623190,The Elder Scrolls IV: Oblivion Remastered,22/04/2025,14420,FALSE,72,RX 6800 XT,Top,R6000,16,80,2020,649,12,N,Free To Play,N
1173370,Game of Thrones Winter is Coming,11/04/2024,547,FALSE,724,GTX 1060,Mid,GF10,6,30,2016,249,12,N,Action,Y
1173370,Game of Thrones Winter is Coming,11/04/2024,547,FALSE,724,GTX 1060,Mid,GF10,6,30,2016,249,12,N,Indie,Y
1173370,Game of Thrones Winter is Coming,11/04/2024,547,FALSE,724,GTX 1060,Mid,GF10,6,30,2016,249,12,N,Adventure,N
1173370,Game of Thrones Winter is Coming,11/04/2024,547,FALSE,724,GTX 1060,Mid,GF10,6,30,2016,249,12,N,Simulation,N
1173370,Game of Thrones Winter is Coming,11/04/2024,547,FALSE,724,GTX 1060,Mid,GF10,6,30,2016,249,12,N,RPG,N
1173370,Game of Thrones Winter is Coming,11/04/2024,547,FALSE,724,GTX 1060,Mid,GF10,6,30,2016,249,12,N,Strategy,N
1173370,Game of Thrones Winter is Coming,11/04/2024,547,FALSE,724,GTX 1060,Mid,GF10,6,30,2016,249,12,N,Free To Play,Y
1096530,Dragon Age: Origins - Ultimate Edition,27/05/2021,396,TRUE,883,RX 590,Mid,R500,8,35,2018,279,12,N,Action,N
1096530,Dragon Age: Origins - Ultimate Edition,27/05/2021,396,TRUE,883,RX 590,Mid,R500,8,35,2018,279,12,N,Indie,N
1096530,Dragon Age: Origins - Ultimate Edition,27/05/2021,396,TRUE,883,RX 590,Mid,R500,8,35,2018,279,12,N,Adventure,Y
1096530,Dragon Age: Origins - Ultimate Edition,27/05/2021,396,TRUE,883,RX 590,Mid,R500,8,35,2018,279,12,N,Simulation,N
1096530,Dragon Age: Origins - Ultimate Edition,27/05/2021,396,TRUE,883,RX 590,Mid,R500,8,35,2018,279,12,N,RPG,Y
1096530,Dragon Age: Origins - Ultimate Edition,27/05/2021,396,TRUE,883,RX 590,Mid,R500,8,35,2018,279,12,N,Strategy,Y
1096530,Dragon Age: Origins - Ultimate Edition,27/05/2021,396,TRUE,883,RX 590,Mid,R500,8,35,2018,279,12,N,Free To Play,N
2707930,Palia,25/03/2024,5140,FALSE,153,GTX 1060,Mid,GF10,6,30,2016,249,12,N,Action,N
2707930,Palia,25/03/2024,5140,FALSE,153,GTX 1060,Mid,GF10,6,30,2016,249,12,N,Indie,Y
2707930,Palia,25/03/2024,5140,FALSE,153,GTX 1060,Mid,GF10,6,30,2016,249,12,N,Adventure,Y
2707930,Palia,25/03/2024,5140,FALSE,153,GTX 1060,Mid,GF10,6,30,2016,249,12,N,Simulation,Y
2707930,Palia,25/03/2024,5140,FALSE,153,GTX 1060,Mid,GF10,6,30,2016,249,12,N,RPG,Y
2707930,Palia,25/03/2024,5140,FALSE,153,GTX 1060,Mid,GF10,6,30,2016,249,12,N,Strategy,N
2707930,Palia,25/03/2024,5140,FALSE,153,GTX 1060,Mid,GF10,6,30,2016,249,12,N,Free To Play,Y
707010,Sniper Elite 4,05/04/2018,542,FALSE,730,GTX 1060,Mid,GF10,6,30,2016,249,12,N,Action,Y
707010,Sniper Elite 4,05/04/2018,542,FALSE,730,GTX 1060,Mid,GF10,6,30,2016,249,12,N,Indie,Y
707010,Sniper Elite 4,05/04/2018,542,FALSE,730,GTX 1060,Mid,GF10,6,30,2016,249,12,N,Adventure,N
707010,Sniper Elite 4,05/04/2018,542,FALSE,730,GTX 1060,Mid,GF10,6,30,2016,249,12,N,Simulation,N
707010,Sniper Elite 4,05/04/2018,542,FALSE,730,GTX 1060,Mid,GF10,6,30,2016,249,12,N,RPG,Y
707010,Sniper Elite 4,05/04/2018,542,FALSE,730,GTX 1060,Mid,GF10,6,30,2016,249,12,N,Strategy,N
707010,Sniper Elite 4,05/04/2018,542,FALSE,730,GTX 1060,Mid,GF10,6,30,2016,249,12,N,Free To Play,Y
952060,Command & Conquer Red Alert 3,02/04/2020,362,FALSE,927,GTX 1060,Mid,GF10,6,30,2016,249,12,N,Action,Y
952060,Command & Conquer Red Alert 3,02/04/2020,362,FALSE,927,GTX 1060,Mid,GF10,6,30,2016,249,12,N,Indie,N
952060,Command & Conquer Red Alert 3,02/04/2020,362,FALSE,927,GTX 1060,Mid,GF10,6,30,2016,249,12,N,Adventure,N
952060,Command & Conquer Red Alert 3,02/04/2020,362,FALSE,927,GTX 1060,Mid,GF10,6,30,2016,249,12,N,Simulation,N
952060,Command & Conquer Red Alert 3,02/04/2020,362,FALSE,927,GTX 1060,Mid,GF10,6,30,2016,249,12,N,RPG,N
952060,Command & Conquer Red Alert 3,02/04/2020,362,FALSE,927,GTX 1060,Mid,GF10,6,30,2016,249,12,N,Strategy,N
952060,Command & Conquer Red Alert 3,02/04/2020,362,FALSE,927,GTX 1060,Mid,GF10,6,30,2016,249,12,N,Free To Play,N
1072420,S.T.A.L.K.E.R.: Shadow of Chornobyl - Enhanced Edition,10/12/2019,425,FALSE,851,GTX 1060,Mid,GF10,6,30,2016,249,12,N,Action,Y
1072420,S.T.A.L.K.E.R.: Shadow of Chornobyl - Enhanced Edition,10/12/2019,425,FALSE,851,GTX 1060,Mid,GF10,6,30,2016,249,12,N,Indie,N
1072420,S.T.A.L.K.E.R.: Shadow of Chornobyl - Enhanced Edition,10/12/2019,425,FALSE,851,GTX 1060,Mid,GF10,6,30,2016,249,12,N,Adventure,Y
1072420,S.T.A.L.K.E.R.: Shadow of Chornobyl - Enhanced Edition,10/12/2019,425,FALSE,851,GTX 1060,Mid,GF10,6,30,2016,249,12,N,Simulation,N
1072420,S.T.A.L.K.E.R.: Shadow of Chornobyl - Enhanced Edition,10/12/2019,425,FALSE,851,GTX 1060,Mid,GF10,6,30,2016,249,12,N,RPG,Y
1072420,S.T.A.L.K.E.R.: Shadow of Chornobyl - Enhanced Edition,10/12/2019,425,FALSE,851,GTX 1060,Mid,GF10,6,30,2016,249,12,N,Strategy,N
1072420,S.T.A.L.K.E.R.: Shadow of Chornobyl - Enhanced Edition,10/12/2019,425,FALSE,851,GTX 1060,Mid,GF10,6,30,2016,249,12,N,Free To Play,N
1217060,Gunfire Reborn,17/11/2021,1428,FALSE,387,GTX 1060,Mid,GF10,6,30,2016,249,12,N,Action,Y
1217060,Gunfire Reborn,17/11/2021,1428,FALSE,387,GTX 1060,Mid,GF10,6,30,2016,249,12,N,Indie,Y
1217060,Gunfire Reborn,17/11/2021,1428,FALSE,387,GTX 1060,Mid,GF10,6,30,2016,249,12,N,Adventure,Y
1217060,Gunfire Reborn,17/11/2021,1428,FALSE,387,GTX 1060,Mid,GF10,6,30,2016,249,12,N,Simulation,N
1217060,Gunfire Reborn,17/11/2021,1428,FALSE,387,GTX 1060,Mid,GF10,6,30,2016,249,12,N,RPG,Y
1217060,Gunfire Reborn,17/11/2021,1428,FALSE,387,GTX 1060,Mid,GF10,6,30,2016,249,12,N,Strategy,N
1217060,Gunfire Reborn,17/11/2021,1428,FALSE,387,GTX 1060,Mid,GF10,6,30,2016,249,12,N,Free To Play,N
333640,DRAGON QUEST BUILDERS 2,05/12/2024,425,TRUE,851,GTX 1060,Mid,GF10,6,30,2016,249,12,N,Action,N
333640,DRAGON QUEST BUILDERS 2,05/12/2024,425,TRUE,851,GTX 1060,Mid,GF10,6,30,2016,249,12,N,Indie,Y
333640,DRAGON QUEST BUILDERS 2,05/12/2024,425,TRUE,851,GTX 1060,Mid,GF10,6,30,2016,249,12,N,Adventure,Y
333640,DRAGON QUEST BUILDERS 2,05/12/2024,425,TRUE,851,GTX 1060,Mid,GF10,6,30,2016,249,12,N,Simulation,N
333640,DRAGON QUEST BUILDERS 2,05/12/2024,425,TRUE,851,GTX 1060,Mid,GF10,6,30,2016,249,12,N,RPG,Y
333640,DRAGON QUEST BUILDERS 2,05/12/2024,425,TRUE,851,GTX 1060,Mid,GF10,6,30,2016,249,12,N,Strategy,Y
333640,DRAGON QUEST BUILDERS 2,05/12/2024,425,TRUE,851,GTX 1060,Mid,GF10,6,30,2016,249,12,N,Free To Play,N
2066020,Escape Simulator,17/06/2025,674,TRUE,619,GTX 1060,Mid,GF10,6,30,2016,249,12,N,Action,Y
2066020,Escape Simulator,17/06/2025,674,TRUE,619,GTX 1060,Mid,GF10,6,30,2016,249,12,N,Indie,Y
2066020,Escape Simulator,17/06/2025,674,TRUE,619,GTX 1060,Mid,GF10,6,30,2016,249,12,N,Adventure,N
2066020,Escape Simulator,17/06/2025,674,TRUE,619,GTX 1060,Mid,GF10,6,30,2016,249,12,N,Simulation,N
2066020,Escape Simulator,17/06/2025,674,TRUE,619,GTX 1060,Mid,GF10,6,30,2016,249,12,N,RPG,Y
2066020,Escape Simulator,17/06/2025,674,TRUE,619,GTX 1060,Mid,GF10,6,30,2016,249,12,N,Strategy,N
2066020,Escape Simulator,17/06/2025,674,TRUE,619,GTX 1060,Mid,GF10,6,30,2016,249,12,N,Free To Play,N
1324780,DOOM + DOOM II,06/01/2022,346,TRUE,951,GTX 1070 Ti,Mid+,GF10,8,55,2017,449,12,N,Action,Y
1324780,DOOM + DOOM II,06/01/2022,346,TRUE,951,GTX 1070 Ti,Mid+,GF10,8,55,2017,449,12,N,Indie,Y
1324780,DOOM + DOOM II,06/01/2022,346,TRUE,951,GTX 1070 Ti,Mid+,GF10,8,55,2017,449,12,N,Adventure,N
1324780,DOOM + DOOM II,06/01/2022,346,TRUE,951,GTX 1070 Ti,Mid+,GF10,8,55,2017,449,12,N,Simulation,Y
1324780,DOOM + DOOM II,06/01/2022,346,TRUE,951,GTX 1070 Ti,Mid+,GF10,8,55,2017,449,12,N,RPG,N
1324780,DOOM + DOOM II,06/01/2022,346,TRUE,951,GTX 1070 Ti,Mid+,GF10,8,55,2017,449,12,N,Strategy,Y
1324780,DOOM + DOOM II,06/01/2022,346,TRUE,951,GTX 1070 Ti,Mid+,GF10,8,55,2017,449,12,N,Free To Play,N
2142790,Fields of Mistria,05/08/2024,1616,FALSE,347,RX 480,Mid,R400,8,30,2016,239,12,N,Action,N
2142790,Fields of Mistria,05/08/2024,1616,FALSE,347,RX 480,Mid,R400,8,30,2016,239,12,N,Indie,Y
2142790,Fields of Mistria,05/08/2024,1616,FALSE,347,RX 480,Mid,R400,8,30,2016,239,12,N,Adventure,N
2142790,Fields of Mistria,05/08/2024,1616,FALSE,347,RX 480,Mid,R400,8,30,2016,239,12,N,Simulation,Y
2142790,Fields of Mistria,05/08/2024,1616,FALSE,347,RX 480,Mid,R400,8,30,2016,239,12,N,RPG,Y
2142790,Fields of Mistria,05/08/2024,1616,FALSE,347,RX 480,Mid,R400,8,30,2016,239,12,N,Strategy,N
2142790,Fields of Mistria,05/08/2024,1616,FALSE,347,RX 480,Mid,R400,8,30,2016,239,12,N,Free To Play,N
418370,Resident Evil 7 Biohazard,23/01/2017,792,FALSE,565,GTX 1060,Mid,GF10,6,30,2016,249,12,N,Action,Y
418370,Resident Evil 7 Biohazard,23/01/2017,792,FALSE,565,GTX 1060,Mid,GF10,6,30,2016,249,12,N,Indie,N
418370,Resident Evil 7 Biohazard,23/01/2017,792,FALSE,565,GTX 1060,Mid,GF10,6,30,2016,249,12,N,Adventure,Y
418370,Resident Evil 7 Biohazard,23/01/2017,792,FALSE,565,GTX 1060,Mid,GF10,6,30,2016,249,12,N,Simulation,N
418370,Resident Evil 7 Biohazard,23/01/2017,792,FALSE,565,GTX 1060,Mid,GF10,6,30,2016,249,12,N,RPG,N
418370,Resident Evil 7 Biohazard,23/01/2017,792,FALSE,565,GTX 1060,Mid,GF10,6,30,2016,249,12,N,Strategy,N
418370,Resident Evil 7 Biohazard,23/01/2017,792,FALSE,565,GTX 1060,Mid,GF10,6,30,2016,249,12,N,Free To Play,N
635260,CarX Drift Racing Online,17/11/2017,1658,FALSE,341,GTX 1060,Mid,GF10,6,30,2016,249,12,N,Action,N
635260,CarX Drift Racing Online,17/11/2017,1658,FALSE,341,GTX 1060,Mid,GF10,6,30,2016,249,12,N,Indie,N
635260,CarX Drift Racing Online,17/11/2017,1658,FALSE,341,GTX 1060,Mid,GF10,6,30,2016,249,12,N,Adventure,N
635260,CarX Drift Racing Online,17/11/2017,1658,FALSE,341,GTX 1060,Mid,GF10,6,30,2016,249,12,N,Simulation,Y
635260,CarX Drift Racing Online,17/11/2017,1658,FALSE,341,GTX 1060,Mid,GF10,6,30,2016,249,12,N,RPG,N
635260,CarX Drift Racing Online,17/11/2017,1658,FALSE,341,GTX 1060,Mid,GF10,6,30,2016,249,12,N,Strategy,N
635260,CarX Drift Racing Online,17/11/2017,1658,FALSE,341,GTX 1060,Mid,GF10,6,30,2016,249,12,N,Free To Play,N
469600,Planet Coaster,01/10/2021,687,TRUE,610,GTX 1060,Mid,GF10,6,30,2016,249,12,N,Action,N
469600,Planet Coaster,01/10/2021,687,TRUE,610,GTX 1060,Mid,GF10,6,30,2016,249,12,N,Indie,Y
469600,Planet Coaster,01/10/2021,687,TRUE,610,GTX 1060,Mid,GF10,6,30,2016,249,12,N,Adventure,N
469600,Planet Coaster,01/10/2021,687,TRUE,610,GTX 1060,Mid,GF10,6,30,2016,249,12,N,Simulation,N
469600,Planet Coaster,01/10/2021,687,TRUE,610,GTX 1060,Mid,GF10,6,30,2016,249,12,N,RPG,N
469600,Planet Coaster,01/10/2021,687,TRUE,610,GTX 1060,Mid,GF10,6,30,2016,249,12,N,Strategy,Y
469600,Planet Coaster,01/10/2021,687,TRUE,610,GTX 1060,Mid,GF10,6,30,2016,249,12,N,Free To Play,N
1669000,Age of Wonders 4,02/05/2023,1707,FALSE,334,GTX 1070 Ti,Mid+,GF10,8,55,2017,449,12,N,Action,N
1669000,Age of Wonders 4,02/05/2023,1707,FALSE,334,GTX 1070 Ti,Mid+,GF10,8,55,2017,449,12,N,Indie,N
1669000,Age of Wonders 4,02/05/2023,1707,FALSE,334,GTX 1070 Ti,Mid+,GF10,8,55,2017,449,12,N,Adventure,N
1669000,Age of Wonders 4,02/05/2023,1707,FALSE,334,GTX 1070 Ti,Mid+,GF10,8,55,2017,449,12,N,Simulation,N
1669000,Age of Wonders 4,02/05/2023,1707,FALSE,334,GTX 1070 Ti,Mid+,GF10,8,55,2017,449,12,N,RPG,Y
1669000,Age of Wonders 4,02/05/2023,1707,FALSE,334,GTX 1070 Ti,Mid+,GF10,8,55,2017,449,12,N,Strategy,Y
1669000,Age of Wonders 4,02/05/2023,1707,FALSE,334,GTX 1070 Ti,Mid+,GF10,8,55,2017,449,12,N,Free To Play,N
1583320,NieR:Automata,05/12/2025,690,FALSE,608,RTX 3080,Top,GF30,12,85,2020,699,12,N,Action,N
1583320,NieR:Automata,05/12/2025,690,FALSE,608,RTX 3080,Top,GF30,12,85,2020,699,12,N,Indie,N
1583320,NieR:Automata,05/12/2025,690,FALSE,608,RTX 3080,Top,GF30,12,85,2020,699,12,N,Adventure,N
1583320,NieR:Automata,05/12/2025,690,FALSE,608,RTX 3080,Top,GF30,12,85,2020,699,12,N,Simulation,N
1583320,NieR:Automata,05/12/2025,690,FALSE,608,RTX 3080,Top,GF30,12,85,2020,699,12,N,RPG,N
1583320,NieR:Automata,05/12/2025,690,FALSE,608,RTX 3080,Top,GF30,12,85,2020,699,12,N,Strategy,N
1583320,NieR:Automata,05/12/2025,690,FALSE,608,RTX 3080,Top,GF30,12,85,2020,699,12,N,Free To Play,N
2113850,Spirit City: Lofi Sessions,08/04/2024,1742,TRUE,330,GTX 1060,Mid,GF10,6,30,2016,249,12,N,Action,N
2113850,Spirit City: Lofi Sessions,08/04/2024,1742,TRUE,330,GTX 1060,Mid,GF10,6,30,2016,249,12,N,Indie,Y
2113850,Spirit City: Lofi Sessions,08/04/2024,1742,TRUE,330,GTX 1060,Mid,GF10,6,30,2016,249,12,N,Adventure,N
2113850,Spirit City: Lofi Sessions,08/04/2024,1742,TRUE,330,GTX 1060,Mid,GF10,6,30,2016,249,12,N,Simulation,Y
2113850,Spirit City: Lofi Sessions,08/04/2024,1742,TRUE,330,GTX 1060,Mid,GF10,6,30,2016,249,12,N,RPG,N
2113850,Spirit City: Lofi Sessions,08/04/2024,1742,TRUE,330,GTX 1060,Mid,GF10,6,30,2016,249,12,N,Strategy,N
2113850,Spirit City: Lofi Sessions,08/04/2024,1742,TRUE,330,GTX 1060,Mid,GF10,6,30,2016,249,12,N,Free To Play,N
502500,Ages of Conflict: World War Simulator,31/01/2019,340,FALSE,957,GTX 1060,Mid,GF10,6,30,2016,249,12,N,Action,Y
502500,Ages of Conflict: World War Simulator,31/01/2019,340,FALSE,957,GTX 1060,Mid,GF10,6,30,2016,249,12,N,Indie,N
502500,Ages of Conflict: World War Simulator,31/01/2019,340,FALSE,957,GTX 1060,Mid,GF10,6,30,2016,249,12,N,Adventure,N
502500,Ages of Conflict: World War Simulator,31/01/2019,340,FALSE,957,GTX 1060,Mid,GF10,6,30,2016,249,12,N,Simulation,Y
502500,Ages of Conflict: World War Simulator,31/01/2019,340,FALSE,957,GTX 1060,Mid,GF10,6,30,2016,249,12,N,RPG,N
502500,Ages of Conflict: World War Simulator,31/01/2019,340,FALSE,957,GTX 1060,Mid,GF10,6,30,2016,249,12,N,Strategy,N
502500,Ages of Conflict: World War Simulator,31/01/2019,340,FALSE,957,GTX 1060,Mid,GF10,6,30,2016,249,12,N,Free To Play,N
629760,MORDHAU,29/04/2019,764,FALSE,576,GTX 1060,Mid,GF10,6,30,2016,249,12,N,Action,Y
629760,MORDHAU,29/04/2019,764,FALSE,576,GTX 1060,Mid,GF10,6,30,2016,249,12,N,Indie,Y
629760,MORDHAU,29/04/2019,764,FALSE,576,GTX 1060,Mid,GF10,6,30,2016,249,12,N,Adventure,N
629760,MORDHAU,29/04/2019,764,FALSE,576,GTX 1060,Mid,GF10,6,30,2016,249,12,N,Simulation,N
629760,MORDHAU,29/04/2019,764,FALSE,576,GTX 1060,Mid,GF10,6,30,2016,249,12,N,RPG,N
629760,MORDHAU,29/04/2019,764,FALSE,576,GTX 1060,Mid,GF10,6,30,2016,249,12,N,Strategy,N
629760,MORDHAU,29/04/2019,764,FALSE,576,GTX 1060,Mid,GF10,6,30,2016,249,12,N,Free To Play,N
2427700,Backpack Battles,13/06/2025,1806,FALSE,324,GTX 1060,Mid,GF10,6,30,2016,249,12,N,Action,N
2427700,Backpack Battles,13/06/2025,1806,FALSE,324,GTX 1060,Mid,GF10,6,30,2016,249,12,N,Indie,N
2427700,Backpack Battles,13/06/2025,1806,FALSE,324,GTX 1060,Mid,GF10,6,30,2016,249,12,N,Adventure,N
2427700,Backpack Battles,13/06/2025,1806,FALSE,324,GTX 1060,Mid,GF10,6,30,2016,249,12,N,Simulation,N
2427700,Backpack Battles,13/06/2025,1806,FALSE,324,GTX 1060,Mid,GF10,6,30,2016,249,12,N,RPG,N
2427700,Backpack Battles,13/06/2025,1806,FALSE,324,GTX 1060,Mid,GF10,6,30,2016,249,12,N,Strategy,Y
2427700,Backpack Battles,13/06/2025,1806,FALSE,324,GTX 1060,Mid,GF10,6,30,2016,249,12,N,Free To Play,N
1593350,Out of Ore,13/10/2021,494,TRUE,776,GTX 1060,Mid,GF10,6,30,2016,249,12,N,Action,N
1593350,Out of Ore,13/10/2021,494,TRUE,776,GTX 1060,Mid,GF10,6,30,2016,249,12,N,Indie,Y
1593350,Out of Ore,13/10/2021,494,TRUE,776,GTX 1060,Mid,GF10,6,30,2016,249,12,N,Adventure,N
1593350,Out of Ore,13/10/2021,494,TRUE,776,GTX 1060,Mid,GF10,6,30,2016,249,12,N,Simulation,N
1593350,Out of Ore,13/10/2021,494,TRUE,776,GTX 1060,Mid,GF10,6,30,2016,249,12,N,RPG,N
1593350,Out of Ore,13/10/2021,494,TRUE,776,GTX 1060,Mid,GF10,6,30,2016,249,12,N,Strategy,N
1593350,Out of Ore,13/10/2021,494,TRUE,776,GTX 1060,Mid,GF10,6,30,2016,249,12,N,Free To Play,N
1850570,DEATH STRANDING DIRECTOR'S CUT,30/03/2022,1604,FALSE,350,GTX 1060,Mid,GF10,6,30,2016,249,12,N,Action,Y
1850570,DEATH STRANDING DIRECTOR'S CUT,30/03/2022,1604,FALSE,350,GTX 1060,Mid,GF10,6,30,2016,249,12,N,Indie,N
1850570,DEATH STRANDING DIRECTOR'S CUT,30/03/2022,1604,FALSE,350,GTX 1060,Mid,GF10,6,30,2016,249,12,N,Adventure,Y
1850570,DEATH STRANDING DIRECTOR'S CUT,30/03/2022,1604,FALSE,350,GTX 1060,Mid,GF10,6,30,2016,249,12,N,Simulation,N
1850570,DEATH STRANDING DIRECTOR'S CUT,30/03/2022,1604,FALSE,350,GTX 1060,Mid,GF10,6,30,2016,249,12,N,RPG,N
1850570,DEATH STRANDING DIRECTOR'S CUT,30/03/2022,1604,FALSE,350,GTX 1060,Mid,GF10,6,30,2016,249,12,N,Strategy,N
1850570,DEATH STRANDING DIRECTOR'S CUT,30/03/2022,1604,FALSE,350,GTX 1060,Mid,GF10,6,30,2016,249,12,N,Free To Play,N
872410,ROMANCE OF THE THREE KINGDOMS XIV,15/01/2020,1827,FALSE,318,GTX 1060,Mid,GF10,6,30,2016,249,12,N,Action,N
872410,ROMANCE OF THE THREE KINGDOMS XIV,15/01/2020,1827,FALSE,318,GTX 1060,Mid,GF10,6,30,2016,249,12,N,Indie,N
872410,ROMANCE OF THE THREE KINGDOMS XIV,15/01/2020,1827,FALSE,318,GTX 1060,Mid,GF10,6,30,2016,249,12,N,Adventure,N
872410,ROMANCE OF THE THREE KINGDOMS XIV,15/01/2020,1827,FALSE,318,GTX 1060,Mid,GF10,6,30,2016,249,12,N,Simulation,Y
872410,ROMANCE OF THE THREE KINGDOMS XIV,15/01/2020,1827,FALSE,318,GTX 1060,Mid,GF10,6,30,2016,249,12,N,RPG,N
872410,ROMANCE OF THE THREE KINGDOMS XIV,15/01/2020,1827,FALSE,318,GTX 1060,Mid,GF10,6,30,2016,249,12,N,Strategy,N
872410,ROMANCE OF THE THREE KINGDOMS XIV,15/01/2020,1827,FALSE,318,GTX 1060,Mid,GF10,6,30,2016,249,12,N,Free To Play,N
1197260,Blacksmith Master,30/11/2025,491,FALSE,779,GTX 1060,Mid,GF10,6,30,2016,249,12,N,Action,Y
1197260,Blacksmith Master,30/11/2025,491,FALSE,779,GTX 1060,Mid,GF10,6,30,2016,249,12,N,Indie,Y
1197260,Blacksmith Master,30/11/2025,491,FALSE,779,GTX 1060,Mid,GF10,6,30,2016,249,12,N,Adventure,N
1197260,Blacksmith Master,30/11/2025,491,FALSE,779,GTX 1060,Mid,GF10,6,30,2016,249,12,N,Simulation,N
1197260,Blacksmith Master,30/11/2025,491,FALSE,779,GTX 1060,Mid,GF10,6,30,2016,249,12,N,RPG,N
1197260,Blacksmith Master,30/11/2025,491,FALSE,779,GTX 1060,Mid,GF10,6,30,2016,249,12,N,Strategy,Y
1197260,Blacksmith Master,30/11/2025,491,FALSE,779,GTX 1060,Mid,GF10,6,30,2016,249,12,N,Free To Play,Y
962130,Grounded,27/09/2022,2394,FALSE,270,GTX 1060,Mid,GF10,6,30,2016,249,12,N,Action,Y
962130,Grounded,27/09/2022,2394,FALSE,270,GTX 1060,Mid,GF10,6,30,2016,249,12,N,Indie,N
962130,Grounded,27/09/2022,2394,FALSE,270,GTX 1060,Mid,GF10,6,30,2016,249,12,N,Adventure,Y
962130,Grounded,27/09/2022,2394,FALSE,270,GTX 1060,Mid,GF10,6,30,2016,249,12,N,Simulation,N
962130,Grounded,27/09/2022,2394,FALSE,270,GTX 1060,Mid,GF10,6,30,2016,249,12,N,RPG,N
962130,Grounded,27/09/2022,2394,FALSE,270,GTX 1060,Mid,GF10,6,30,2016,249,12,N,Strategy,N
962130,Grounded,27/09/2022,2394,FALSE,270,GTX 1060,Mid,GF10,6,30,2016,249,12,N,Free To Play,N
1645820,SurrounDead,24/06/2022,1870,FALSE,310,GTX 1060,Mid,GF10,6,30,2016,249,12,N,Action,Y
1645820,SurrounDead,24/06/2022,1870,FALSE,310,GTX 1060,Mid,GF10,6,30,2016,249,12,N,Indie,Y
1645820,SurrounDead,24/06/2022,1870,FALSE,310,GTX 1060,Mid,GF10,6,30,2016,249,12,N,Adventure,Y
1645820,SurrounDead,24/06/2022,1870,FALSE,310,GTX 1060,Mid,GF10,6,30,2016,249,12,N,Simulation,N
1645820,SurrounDead,24/06/2022,1870,FALSE,310,GTX 1060,Mid,GF10,6,30,2016,249,12,N,RPG,Y
1645820,SurrounDead,24/06/2022,1870,FALSE,310,GTX 1060,Mid,GF10,6,30,2016,249,12,N,Strategy,N
1645820,SurrounDead,24/06/2022,1870,FALSE,310,GTX 1060,Mid,GF10,6,30,2016,249,12,N,Free To Play,N
895400,Subnautica: Below Zero,05/12/2024,698,FALSE,602,GTX 1060,Mid,GF10,6,30,2016,249,12,N,Action,Y
895400,Subnautica: Below Zero,05/12/2024,698,FALSE,602,GTX 1060,Mid,GF10,6,30,2016,249,12,N,Indie,Y
895400,Subnautica: Below Zero,05/12/2024,698,FALSE,602,GTX 1060,Mid,GF10,6,30,2016,249,12,N,Adventure,Y
895400,Subnautica: Below Zero,05/12/2024,698,FALSE,602,GTX 1060,Mid,GF10,6,30,2016,249,12,N,Simulation,N
895400,Subnautica: Below Zero,05/12/2024,698,FALSE,602,GTX 1060,Mid,GF10,6,30,2016,249,12,N,RPG,N
895400,Subnautica: Below Zero,05/12/2024,698,FALSE,602,GTX 1060,Mid,GF10,6,30,2016,249,12,N,Strategy,N
895400,Subnautica: Below Zero,05/12/2024,698,FALSE,602,GTX 1060,Mid,GF10,6,30,2016,249,12,N,Free To Play,N
1363080,Manor Lords,26/04/2024,1977,FALSE,307,GTX 1060,Mid,GF10,6,30,2016,249,12,N,Action,N
1363080,Manor Lords,26/04/2024,1977,FALSE,307,GTX 1060,Mid,GF10,6,30,2016,249,12,N,Indie,N
1363080,Manor Lords,26/04/2024,1977,FALSE,307,GTX 1060,Mid,GF10,6,30,2016,249,12,N,Adventure,N
1363080,Manor Lords,26/04/2024,1977,FALSE,307,GTX 1060,Mid,GF10,6,30,2016,249,12,N,Simulation,Y
1363080,Manor Lords,26/04/2024,1977,FALSE,307,GTX 1060,Mid,GF10,6,30,2016,249,12,N,RPG,N
1363080,Manor Lords,26/04/2024,1977,FALSE,307,GTX 1060,Mid,GF10,6,30,2016,249,12,N,Strategy,Y
1363080,Manor Lords,26/04/2024,1977,FALSE,307,GTX 1060,Mid,GF10,6,30,2016,249,12,N,Free To Play,N
1659420,Atomic Heart,19/10/2022,467,FALSE,806,GTX 1060,Mid,GF10,6,30,2016,249,12,N,Action,N
1659420,Atomic Heart,19/10/2022,467,FALSE,806,GTX 1060,Mid,GF10,6,30,2016,249,12,N,Indie,N
1659420,Atomic Heart,19/10/2022,467,FALSE,806,GTX 1060,Mid,GF10,6,30,2016,249,12,N,Adventure,Y
1659420,Atomic Heart,19/10/2022,467,FALSE,806,GTX 1060,Mid,GF10,6,30,2016,249,12,N,Simulation,N
1659420,Atomic Heart,19/10/2022,467,FALSE,806,GTX 1060,Mid,GF10,6,30,2016,249,12,N,RPG,N
1659420,Atomic Heart,19/10/2022,467,FALSE,806,GTX 1060,Mid,GF10,6,30,2016,249,12,N,Strategy,N
1659420,Atomic Heart,19/10/2022,467,FALSE,806,GTX 1060,Mid,GF10,6,30,2016,249,12,N,Free To Play,N
637650,Smalland: Survive the Wilds,06/03/2018,339,FALSE,959,GTX 1060,Mid,GF10,6,30,2016,249,12,N,Action,N
637650,Smalland: Survive the Wilds,06/03/2018,339,FALSE,959,GTX 1060,Mid,GF10,6,30,2016,249,12,N,Indie,N
637650,Smalland: Survive the Wilds,06/03/2018,339,FALSE,959,GTX 1060,Mid,GF10,6,30,2016,249,12,N,Adventure,N
637650,Smalland: Survive the Wilds,06/03/2018,339,FALSE,959,GTX 1060,Mid,GF10,6,30,2016,249,12,N,Simulation,N
637650,Smalland: Survive the Wilds,06/03/2018,339,FALSE,959,GTX 1060,Mid,GF10,6,30,2016,249,12,N,RPG,Y
637650,Smalland: Survive the Wilds,06/03/2018,339,FALSE,959,GTX 1060,Mid,GF10,6,30,2016,249,12,N,Strategy,N
637650,Smalland: Survive the Wilds,06/03/2018,339,FALSE,959,GTX 1060,Mid,GF10,6,30,2016,249,12,N,Free To Play,N
782330,DOOM Eternal,19/03/2020,2262,FALSE,281,GTX 1060,Mid,GF10,6,30,2016,249,12,N,Action,Y
782330,DOOM Eternal,19/03/2020,2262,FALSE,281,GTX 1060,Mid,GF10,6,30,2016,249,12,N,Indie,N
782330,DOOM Eternal,19/03/2020,2262,FALSE,281,GTX 1060,Mid,GF10,6,30,2016,249,12,N,Adventure,N
782330,DOOM Eternal,19/03/2020,2262,FALSE,281,GTX 1060,Mid,GF10,6,30,2016,249,12,N,Simulation,N
782330,DOOM Eternal,19/03/2020,2262,FALSE,281,GTX 1060,Mid,GF10,6,30,2016,249,12,N,RPG,N
782330,DOOM Eternal,19/03/2020,2262,FALSE,281,GTX 1060,Mid,GF10,6,30,2016,249,12,N,Strategy,N
782330,DOOM Eternal,19/03/2020,2262,FALSE,281,GTX 1060,Mid,GF10,6,30,2016,249,12,N,Free To Play,N
3167550,Tiny Pasture,17/02/2025,2256,TRUE,282,GTX 1060,Mid,GF10,6,30,2016,249,12,N,Action,N
3167550,Tiny Pasture,17/02/2025,2256,TRUE,282,GTX 1060,Mid,GF10,6,30,2016,249,12,N,Indie,Y
3167550,Tiny Pasture,17/02/2025,2256,TRUE,282,GTX 1060,Mid,GF10,6,30,2016,249,12,N,Adventure,N
3167550,Tiny Pasture,17/02/2025,2256,TRUE,282,GTX 1060,Mid,GF10,6,30,2016,249,12,N,Simulation,Y
3167550,Tiny Pasture,17/02/2025,2256,TRUE,282,GTX 1060,Mid,GF10,6,30,2016,249,12,N,RPG,N
3167550,Tiny Pasture,17/02/2025,2256,TRUE,282,GTX 1060,Mid,GF10,6,30,2016,249,12,N,Strategy,N
3167550,Tiny Pasture,17/02/2025,2256,TRUE,282,GTX 1060,Mid,GF10,6,30,2016,249,12,N,Free To Play,N
597180,Goat Simulator 3,18/05/2022,474,TRUE,797,GTX 1060,Mid,GF10,6,30,2016,249,12,N,Action,N
597180,Goat Simulator 3,18/05/2022,474,TRUE,797,GTX 1060,Mid,GF10,6,30,2016,249,12,N,Indie,N
597180,Goat Simulator 3,18/05/2022,474,TRUE,797,GTX 1060,Mid,GF10,6,30,2016,249,12,N,Adventure,N
597180,Goat Simulator 3,18/05/2022,474,TRUE,797,GTX 1060,Mid,GF10,6,30,2016,249,12,N,Simulation,Y
597180,Goat Simulator 3,18/05/2022,474,TRUE,797,GTX 1060,Mid,GF10,6,30,2016,249,12,N,RPG,Y
597180,Goat Simulator 3,18/05/2022,474,TRUE,797,GTX 1060,Mid,GF10,6,30,2016,249,12,N,Strategy,Y
597180,Goat Simulator 3,18/05/2022,474,TRUE,797,GTX 1060,Mid,GF10,6,30,2016,249,12,N,Free To Play,N
2881650,Content Warning,01/04/2024,722,FALSE,593,GTX 1060,Mid,GF10,6,30,2016,249,12,N,Action,Y
2881650,Content Warning,01/04/2024,722,FALSE,593,GTX 1060,Mid,GF10,6,30,2016,249,12,N,Indie,Y
2881650,Content Warning,01/04/2024,722,FALSE,593,GTX 1060,Mid,GF10,6,30,2016,249,12,N,Adventure,Y
2881650,Content Warning,01/04/2024,722,FALSE,593,GTX 1060,Mid,GF10,6,30,2016,249,12,N,Simulation,N
2881650,Content Warning,01/04/2024,722,FALSE,593,GTX 1060,Mid,GF10,6,30,2016,249,12,N,RPG,N
2881650,Content Warning,01/04/2024,722,FALSE,593,GTX 1060,Mid,GF10,6,30,2016,249,12,N,Strategy,N
2881650,Content Warning,01/04/2024,722,FALSE,593,GTX 1060,Mid,GF10,6,30,2016,249,12,N,Free To Play,N
601150,Devil May Cry 5,07/03/2019,2248,FALSE,284,GTX 1060,Mid,GF10,6,30,2016,249,12,N,Action,Y
601150,Devil May Cry 5,07/03/2019,2248,FALSE,284,GTX 1060,Mid,GF10,6,30,2016,249,12,N,Indie,N
601150,Devil May Cry 5,07/03/2019,2248,FALSE,284,GTX 1060,Mid,GF10,6,30,2016,249,12,N,Adventure,N
601150,Devil May Cry 5,07/03/2019,2248,FALSE,284,GTX 1060,Mid,GF10,6,30,2016,249,12,N,Simulation,N
601150,Devil May Cry 5,07/03/2019,2248,FALSE,284,GTX 1060,Mid,GF10,6,30,2016,249,12,N,RPG,N
601150,Devil May Cry 5,07/03/2019,2248,FALSE,284,GTX 1060,Mid,GF10,6,30,2016,249,12,N,Strategy,N
601150,Devil May Cry 5,07/03/2019,2248,FALSE,284,GTX 1060,Mid,GF10,6,30,2016,249,12,N,Free To Play,N
304390,FOR HONOR,13/02/2017,2146,FALSE,292,GTX 1060,Mid,GF10,6,30,2016,249,12,N,Action,Y
304390,FOR HONOR,13/02/2017,2146,FALSE,292,GTX 1060,Mid,GF10,6,30,2016,249,12,N,Indie,N
304390,FOR HONOR,13/02/2017,2146,FALSE,292,GTX 1060,Mid,GF10,6,30,2016,249,12,N,Adventure,N
304390,FOR HONOR,13/02/2017,2146,FALSE,292,GTX 1060,Mid,GF10,6,30,2016,249,12,N,Simulation,N
304390,FOR HONOR,13/02/2017,2146,FALSE,292,GTX 1060,Mid,GF10,6,30,2016,249,12,N,RPG,N
304390,FOR HONOR,13/02/2017,2146,FALSE,292,GTX 1060,Mid,GF10,6,30,2016,249,12,N,Strategy,N
304390,FOR HONOR,13/02/2017,2146,FALSE,292,GTX 1060,Mid,GF10,6,30,2016,249,12,N,Free To Play,N
1176470,Eco,26/09/2022,697,FALSE,604,GTX 1060,Mid,GF10,6,30,2016,249,12,N,Action,N
1176470,Eco,26/09/2022,697,FALSE,604,GTX 1060,Mid,GF10,6,30,2016,249,12,N,Indie,N
1176470,Eco,26/09/2022,697,FALSE,604,GTX 1060,Mid,GF10,6,30,2016,249,12,N,Adventure,N
1176470,Eco,26/09/2022,697,FALSE,604,GTX 1060,Mid,GF10,6,30,2016,249,12,N,Simulation,Y
1176470,Eco,26/09/2022,697,FALSE,604,GTX 1060,Mid,GF10,6,30,2016,249,12,N,RPG,N
1176470,Eco,26/09/2022,697,FALSE,604,GTX 1060,Mid,GF10,6,30,2016,249,12,N,Strategy,Y
1176470,Eco,26/09/2022,697,FALSE,604,GTX 1060,Mid,GF10,6,30,2016,249,12,N,Free To Play,N
1267540,DEVOUR,16/09/2021,448,FALSE,819,GTX 1060,Mid,GF10,6,30,2016,249,12,N,Action,N
1267540,DEVOUR,16/09/2021,448,FALSE,819,GTX 1060,Mid,GF10,6,30,2016,249,12,N,Indie,N
1267540,DEVOUR,16/09/2021,448,FALSE,819,GTX 1060,Mid,GF10,6,30,2016,249,12,N,Adventure,N
1267540,DEVOUR,16/09/2021,448,FALSE,819,GTX 1060,Mid,GF10,6,30,2016,249,12,N,Simulation,Y
1267540,DEVOUR,16/09/2021,448,FALSE,819,GTX 1060,Mid,GF10,6,30,2016,249,12,N,RPG,N
1267540,DEVOUR,16/09/2021,448,FALSE,819,GTX 1060,Mid,GF10,6,30,2016,249,12,N,Strategy,N
1267540,DEVOUR,16/09/2021,448,FALSE,819,GTX 1060,Mid,GF10,6,30,2016,249,12,N,Free To Play,N
916440,Anno 1800,16/04/2019,2784,FALSE,240,RX 480,Mid,R400,8,30,2016,239,12,N,Action,N
916440,Anno 1800,16/04/2019,2784,FALSE,240,RX 480,Mid,R400,8,30,2016,239,12,N,Indie,N
916440,Anno 1800,16/04/2019,2784,FALSE,240,RX 480,Mid,R400,8,30,2016,239,12,N,Adventure,N
916440,Anno 1800,16/04/2019,2784,FALSE,240,RX 480,Mid,R400,8,30,2016,239,12,N,Simulation,Y
916440,Anno 1800,16/04/2019,2784,FALSE,240,RX 480,Mid,R400,8,30,2016,239,12,N,RPG,N
916440,Anno 1800,16/04/2019,2784,FALSE,240,RX 480,Mid,R400,8,30,2016,239,12,N,Strategy,Y
916440,Anno 1800,16/04/2019,2784,FALSE,240,RX 480,Mid,R400,8,30,2016,239,12,N,Free To Play,N
1888160,ARMORED CORE VI FIRES OF RUBICON,24/08/2023,1011,FALSE,482,GTX 1060,Mid,GF10,6,30,2016,249,12,N,Action,Y
1888160,ARMORED CORE VI FIRES OF RUBICON,24/08/2023,1011,FALSE,482,GTX 1060,Mid,GF10,6,30,2016,249,12,N,Indie,N
1888160,ARMORED CORE VI FIRES OF RUBICON,24/08/2023,1011,FALSE,482,GTX 1060,Mid,GF10,6,30,2016,249,12,N,Adventure,N
1888160,ARMORED CORE VI FIRES OF RUBICON,24/08/2023,1011,FALSE,482,GTX 1060,Mid,GF10,6,30,2016,249,12,N,Simulation,N
1888160,ARMORED CORE VI FIRES OF RUBICON,24/08/2023,1011,FALSE,482,GTX 1060,Mid,GF10,6,30,2016,249,12,N,RPG,N
1888160,ARMORED CORE VI FIRES OF RUBICON,24/08/2023,1011,FALSE,482,GTX 1060,Mid,GF10,6,30,2016,249,12,N,Strategy,N
1888160,ARMORED CORE VI FIRES OF RUBICON,24/08/2023,1011,FALSE,482,GTX 1060,Mid,GF10,6,30,2016,249,12,N,Free To Play,N
1868140,DAVE THE DIVER,28/06/2023,3367,TRUE,209,GTX 1060,Mid,GF10,6,30,2016,249,12,N,Action,N
1868140,DAVE THE DIVER,28/06/2023,3367,TRUE,209,GTX 1060,Mid,GF10,6,30,2016,249,12,N,Indie,N
1868140,DAVE THE DIVER,28/06/2023,3367,TRUE,209,GTX 1060,Mid,GF10,6,30,2016,249,12,N,Adventure,Y
1868140,DAVE THE DIVER,28/06/2023,3367,TRUE,209,GTX 1060,Mid,GF10,6,30,2016,249,12,N,Simulation,Y
1868140,DAVE THE DIVER,28/06/2023,3367,TRUE,209,GTX 1060,Mid,GF10,6,30,2016,249,12,N,RPG,Y
1868140,DAVE THE DIVER,28/06/2023,3367,TRUE,209,GTX 1060,Mid,GF10,6,30,2016,249,12,N,Strategy,N
1868140,DAVE THE DIVER,28/06/2023,3367,TRUE,209,GTX 1060,Mid,GF10,6,30,2016,249,12,N,Free To Play,N
312520,Rain World,28/03/2017,836,FALSE,551,RX 480,Mid,R400,8,30,2016,239,12,N,Action,Y
312520,Rain World,28/03/2017,836,FALSE,551,RX 480,Mid,R400,8,30,2016,239,12,N,Indie,Y
312520,Rain World,28/03/2017,836,FALSE,551,RX 480,Mid,R400,8,30,2016,239,12,N,Adventure,Y
312520,Rain World,28/03/2017,836,FALSE,551,RX 480,Mid,R400,8,30,2016,239,12,N,Simulation,N
312520,Rain World,28/03/2017,836,FALSE,551,RX 480,Mid,R400,8,30,2016,239,12,N,RPG,N
312520,Rain World,28/03/2017,836,FALSE,551,RX 480,Mid,R400,8,30,2016,239,12,N,Strategy,N
312520,Rain World,28/03/2017,836,FALSE,551,RX 480,Mid,R400,8,30,2016,239,12,N,Free To Play,N
1435790,"Warhammer 40,000: Dawn of War - Soulstorm",19/10/2021,674,TRUE,619,GTX 1060,Mid,GF10,6,30,2016,249,12,N,Action,N
1435790,"Warhammer 40,000: Dawn of War - Soulstorm",19/10/2021,674,TRUE,619,GTX 1060,Mid,GF10,6,30,2016,249,12,N,Indie,Y
1435790,"Warhammer 40,000: Dawn of War - Soulstorm",19/10/2021,674,TRUE,619,GTX 1060,Mid,GF10,6,30,2016,249,12,N,Adventure,Y
1435790,"Warhammer 40,000: Dawn of War - Soulstorm",19/10/2021,674,TRUE,619,GTX 1060,Mid,GF10,6,30,2016,249,12,N,Simulation,Y
1435790,"Warhammer 40,000: Dawn of War - Soulstorm",19/10/2021,674,TRUE,619,GTX 1060,Mid,GF10,6,30,2016,249,12,N,RPG,N
1435790,"Warhammer 40,000: Dawn of War - Soulstorm",19/10/2021,674,TRUE,619,GTX 1060,Mid,GF10,6,30,2016,249,12,N,Strategy,N
1435790,"Warhammer 40,000: Dawn of War - Soulstorm",19/10/2021,674,TRUE,619,GTX 1060,Mid,GF10,6,30,2016,249,12,N,Free To Play,N
3017860,DOOM: The Dark Ages,14/05/2025,3518,FALSE,203,RTX 3080,Top,GF30,12,85,2020,699,12,N,Action,Y
3017860,DOOM: The Dark Ages,14/05/2025,3518,FALSE,203,RTX 3080,Top,GF30,12,85,2020,699,12,N,Indie,N
3017860,DOOM: The Dark Ages,14/05/2025,3518,FALSE,203,RTX 3080,Top,GF30,12,85,2020,699,12,N,Adventure,N
3017860,DOOM: The Dark Ages,14/05/2025,3518,FALSE,203,RTX 3080,Top,GF30,12,85,2020,699,12,N,Simulation,N
3017860,DOOM: The Dark Ages,14/05/2025,3518,FALSE,203,RTX 3080,Top,GF30,12,85,2020,699,12,N,RPG,N
3017860,DOOM: The Dark Ages,14/05/2025,3518,FALSE,203,RTX 3080,Top,GF30,12,85,2020,699,12,N,Strategy,N
3017860,DOOM: The Dark Ages,14/05/2025,3518,FALSE,203,RTX 3080,Top,GF30,12,85,2020,699,12,N,Free To Play,N
2124490,RealFlight Evolution,07/10/2024,514,FALSE,750,GTX 1070 Ti,Mid+,GF10,8,55,2017,449,12,N,Action,Y
2124490,RealFlight Evolution,07/10/2024,514,FALSE,750,GTX 1070 Ti,Mid+,GF10,8,55,2017,449,12,N,Indie,N
2124490,RealFlight Evolution,07/10/2024,514,FALSE,750,GTX 1070 Ti,Mid+,GF10,8,55,2017,449,12,N,Adventure,Y
2124490,RealFlight Evolution,07/10/2024,514,FALSE,750,GTX 1070 Ti,Mid+,GF10,8,55,2017,449,12,N,Simulation,N
2124490,RealFlight Evolution,07/10/2024,514,FALSE,750,GTX 1070 Ti,Mid+,GF10,8,55,2017,449,12,N,RPG,N
2124490,RealFlight Evolution,07/10/2024,514,FALSE,750,GTX 1070 Ti,Mid+,GF10,8,55,2017,449,12,N,Strategy,N
2124490,RealFlight Evolution,07/10/2024,514,FALSE,750,GTX 1070 Ti,Mid+,GF10,8,55,2017,449,12,N,Free To Play,N
692890,Contraband Police,07/11/2023,429,FALSE,842,GTX 1060,Mid,GF10,6,30,2016,249,12,N,Action,Y
692890,Contraband Police,07/11/2023,429,FALSE,842,GTX 1060,Mid,GF10,6,30,2016,249,12,N,Indie,Y
692890,Contraband Police,07/11/2023,429,FALSE,842,GTX 1060,Mid,GF10,6,30,2016,249,12,N,Adventure,N
692890,Contraband Police,07/11/2023,429,FALSE,842,GTX 1060,Mid,GF10,6,30,2016,249,12,N,Simulation,N
692890,Contraband Police,07/11/2023,429,FALSE,842,GTX 1060,Mid,GF10,6,30,2016,249,12,N,RPG,N
692890,Contraband Police,07/11/2023,429,FALSE,842,GTX 1060,Mid,GF10,6,30,2016,249,12,N,Strategy,N
692890,Contraband Police,07/11/2023,429,FALSE,842,GTX 1060,Mid,GF10,6,30,2016,249,12,N,Free To Play,N
1203220,NARAKA: BLADEPOINT,11/08/2021,66954,FALSE,13,GTX 1060,Mid,GF10,6,30,2016,249,12,N,Action,Y
1203220,NARAKA: BLADEPOINT,11/08/2021,66954,FALSE,13,GTX 1060,Mid,GF10,6,30,2016,249,12,N,Indie,N
1203220,NARAKA: BLADEPOINT,11/08/2021,66954,FALSE,13,GTX 1060,Mid,GF10,6,30,2016,249,12,N,Adventure,Y
1203220,NARAKA: BLADEPOINT,11/08/2021,66954,FALSE,13,GTX 1060,Mid,GF10,6,30,2016,249,12,N,Simulation,N
1203220,NARAKA: BLADEPOINT,11/08/2021,66954,FALSE,13,GTX 1060,Mid,GF10,6,30,2016,249,12,N,RPG,N
1203220,NARAKA: BLADEPOINT,11/08/2021,66954,FALSE,13,GTX 1060,Mid,GF10,6,30,2016,249,12,N,Strategy,N
1203220,NARAKA: BLADEPOINT,11/08/2021,66954,FALSE,13,GTX 1060,Mid,GF10,6,30,2016,249,12,N,Free To Play,Y
3213850,Fights in Tight Spaces,30/04/2025,426,TRUE,848,GTX 1060,Mid,GF10,6,30,2016,249,12,N,Action,Y
3213850,Fights in Tight Spaces,30/04/2025,426,TRUE,848,GTX 1060,Mid,GF10,6,30,2016,249,12,N,Indie,Y
3213850,Fights in Tight Spaces,30/04/2025,426,TRUE,848,GTX 1060,Mid,GF10,6,30,2016,249,12,N,Adventure,Y
3213850,Fights in Tight Spaces,30/04/2025,426,TRUE,848,GTX 1060,Mid,GF10,6,30,2016,249,12,N,Simulation,Y
3213850,Fights in Tight Spaces,30/04/2025,426,TRUE,848,GTX 1060,Mid,GF10,6,30,2016,249,12,N,RPG,Y
3213850,Fights in Tight Spaces,30/04/2025,426,TRUE,848,GTX 1060,Mid,GF10,6,30,2016,249,12,N,Strategy,N
3213850,Fights in Tight Spaces,30/04/2025,426,TRUE,848,GTX 1060,Mid,GF10,6,30,2016,249,12,N,Free To Play,Y
1084600,My Time at Sandrock,02/11/2023,1501,FALSE,371,GTX 1060,Mid,GF10,6,30,2016,249,12,N,Action,N
1084600,My Time at Sandrock,02/11/2023,1501,FALSE,371,GTX 1060,Mid,GF10,6,30,2016,249,12,N,Indie,Y
1084600,My Time at Sandrock,02/11/2023,1501,FALSE,371,GTX 1060,Mid,GF10,6,30,2016,249,12,N,Adventure,Y
1084600,My Time at Sandrock,02/11/2023,1501,FALSE,371,GTX 1060,Mid,GF10,6,30,2016,249,12,N,Simulation,Y
1084600,My Time at Sandrock,02/11/2023,1501,FALSE,371,GTX 1060,Mid,GF10,6,30,2016,249,12,N,RPG,Y
1084600,My Time at Sandrock,02/11/2023,1501,FALSE,371,GTX 1060,Mid,GF10,6,30,2016,249,12,N,Strategy,N
1084600,My Time at Sandrock,02/11/2023,1501,FALSE,371,GTX 1060,Mid,GF10,6,30,2016,249,12,N,Free To Play,N
1446780,MONSTER HUNTER RISE,12/01/2022,3658,FALSE,197,GTX 1060,Mid,GF10,6,30,2016,249,12,N,Action,Y
1446780,MONSTER HUNTER RISE,12/01/2022,3658,FALSE,197,GTX 1060,Mid,GF10,6,30,2016,249,12,N,Indie,N
1446780,MONSTER HUNTER RISE,12/01/2022,3658,FALSE,197,GTX 1060,Mid,GF10,6,30,2016,249,12,N,Adventure,N
1446780,MONSTER HUNTER RISE,12/01/2022,3658,FALSE,197,GTX 1060,Mid,GF10,6,30,2016,249,12,N,Simulation,N
1446780,MONSTER HUNTER RISE,12/01/2022,3658,FALSE,197,GTX 1060,Mid,GF10,6,30,2016,249,12,N,RPG,N
1446780,MONSTER HUNTER RISE,12/01/2022,3658,FALSE,197,GTX 1060,Mid,GF10,6,30,2016,249,12,N,Strategy,N
1446780,MONSTER HUNTER RISE,12/01/2022,3658,FALSE,197,GTX 1060,Mid,GF10,6,30,2016,249,12,N,Free To Play,N
221100,DayZ,13/12/2018,37066,FALSE,25,GTX 1060,Mid,GF10,6,30,2016,249,12,N,Action,Y
221100,DayZ,13/12/2018,37066,FALSE,25,GTX 1060,Mid,GF10,6,30,2016,249,12,N,Indie,N
221100,DayZ,13/12/2018,37066,FALSE,25,GTX 1060,Mid,GF10,6,30,2016,249,12,N,Adventure,Y
221100,DayZ,13/12/2018,37066,FALSE,25,GTX 1060,Mid,GF10,6,30,2016,249,12,N,Simulation,N
221100,DayZ,13/12/2018,37066,FALSE,25,GTX 1060,Mid,GF10,6,30,2016,249,12,N,RPG,N
221100,DayZ,13/12/2018,37066,FALSE,25,GTX 1060,Mid,GF10,6,30,2016,249,12,N,Strategy,N
221100,DayZ,13/12/2018,37066,FALSE,25,GTX 1060,Mid,GF10,6,30,2016,249,12,N,Free To Play,N
686810,Hell Let Loose,27/07/2021,3380,FALSE,208,GTX 1060,Mid,GF10,6,30,2016,249,12,N,Action,Y
686810,Hell Let Loose,27/07/2021,3380,FALSE,208,GTX 1060,Mid,GF10,6,30,2016,249,12,N,Indie,Y
686810,Hell Let Loose,27/07/2021,3380,FALSE,208,GTX 1060,Mid,GF10,6,30,2016,249,12,N,Adventure,N
686810,Hell Let Loose,27/07/2021,3380,FALSE,208,GTX 1060,Mid,GF10,6,30,2016,249,12,N,Simulation,Y
686810,Hell Let Loose,27/07/2021,3380,FALSE,208,GTX 1060,Mid,GF10,6,30,2016,249,12,N,RPG,N
686810,Hell Let Loose,27/07/2021,3380,FALSE,208,GTX 1060,Mid,GF10,6,30,2016,249,12,N,Strategy,Y
686810,Hell Let Loose,27/07/2021,3380,FALSE,208,GTX 1060,Mid,GF10,6,30,2016,249,12,N,Free To Play,N
1465460,Infection Free Zone,11/04/2024,806,FALSE,559,GTX 1060,Mid,GF10,6,30,2016,249,12,N,Action,Y
1465460,Infection Free Zone,11/04/2024,806,FALSE,559,GTX 1060,Mid,GF10,6,30,2016,249,12,N,Indie,Y
1465460,Infection Free Zone,11/04/2024,806,FALSE,559,GTX 1060,Mid,GF10,6,30,2016,249,12,N,Adventure,N
1465460,Infection Free Zone,11/04/2024,806,FALSE,559,GTX 1060,Mid,GF10,6,30,2016,249,12,N,Simulation,Y
1465460,Infection Free Zone,11/04/2024,806,FALSE,559,GTX 1060,Mid,GF10,6,30,2016,249,12,N,RPG,N
1465460,Infection Free Zone,11/04/2024,806,FALSE,559,GTX 1060,Mid,GF10,6,30,2016,249,12,N,Strategy,Y
1465460,Infection Free Zone,11/04/2024,806,FALSE,559,GTX 1060,Mid,GF10,6,30,2016,249,12,N,Free To Play,N
2294660,Neverwinter,24/01/2025,669,FALSE,624,GTX 1060,Mid,GF10,6,30,2016,249,12,N,Action,N
2294660,Neverwinter,24/01/2025,669,FALSE,624,GTX 1060,Mid,GF10,6,30,2016,249,12,N,Indie,N
2294660,Neverwinter,24/01/2025,669,FALSE,624,GTX 1060,Mid,GF10,6,30,2016,249,12,N,Adventure,N
2294660,Neverwinter,24/01/2025,669,FALSE,624,GTX 1060,Mid,GF10,6,30,2016,249,12,N,Simulation,N
2294660,Neverwinter,24/01/2025,669,FALSE,624,GTX 1060,Mid,GF10,6,30,2016,249,12,N,RPG,N
2294660,Neverwinter,24/01/2025,669,FALSE,624,GTX 1060,Mid,GF10,6,30,2016,249,12,N,Strategy,N
2294660,Neverwinter,24/01/2025,669,FALSE,624,GTX 1060,Mid,GF10,6,30,2016,249,12,N,Free To Play,N
535930,DREDGE,29/08/2018,518,TRUE,746,GTX 1060,Mid,GF10,6,30,2016,249,12,N,Action,N
535930,DREDGE,29/08/2018,518,TRUE,746,GTX 1060,Mid,GF10,6,30,2016,249,12,N,Indie,Y
535930,DREDGE,29/08/2018,518,TRUE,746,GTX 1060,Mid,GF10,6,30,2016,249,12,N,Adventure,N
535930,DREDGE,29/08/2018,518,TRUE,746,GTX 1060,Mid,GF10,6,30,2016,249,12,N,Simulation,Y
535930,DREDGE,29/08/2018,518,TRUE,746,GTX 1060,Mid,GF10,6,30,2016,249,12,N,RPG,N
535930,DREDGE,29/08/2018,518,TRUE,746,GTX 1060,Mid,GF10,6,30,2016,249,12,N,Strategy,N
535930,DREDGE,29/08/2018,518,TRUE,746,GTX 1060,Mid,GF10,6,30,2016,249,12,N,Free To Play,N
1260320,Party Animals,20/09/2023,3070,FALSE,225,GTX 1060,Mid,GF10,6,30,2016,249,12,N,Action,Y
1260320,Party Animals,20/09/2023,3070,FALSE,225,GTX 1060,Mid,GF10,6,30,2016,249,12,N,Indie,Y
1260320,Party Animals,20/09/2023,3070,FALSE,225,GTX 1060,Mid,GF10,6,30,2016,249,12,N,Adventure,N
1260320,Party Animals,20/09/2023,3070,FALSE,225,GTX 1060,Mid,GF10,6,30,2016,249,12,N,Simulation,N
1260320,Party Animals,20/09/2023,3070,FALSE,225,GTX 1060,Mid,GF10,6,30,2016,249,12,N,RPG,N
1260320,Party Animals,20/09/2023,3070,FALSE,225,GTX 1060,Mid,GF10,6,30,2016,249,12,N,Strategy,N
1260320,Party Animals,20/09/2023,3070,FALSE,225,GTX 1060,Mid,GF10,6,30,2016,249,12,N,Free To Play,N
397540,Borderlands 3,13/03/2020,3164,FALSE,221,RX 590,Mid,R500,8,35,2018,279,12,N,Action,Y
397540,Borderlands 3,13/03/2020,3164,FALSE,221,RX 590,Mid,R500,8,35,2018,279,12,N,Indie,N
397540,Borderlands 3,13/03/2020,3164,FALSE,221,RX 590,Mid,R500,8,35,2018,279,12,N,Adventure,N
397540,Borderlands 3,13/03/2020,3164,FALSE,221,RX 590,Mid,R500,8,35,2018,279,12,N,Simulation,N
397540,Borderlands 3,13/03/2020,3164,FALSE,221,RX 590,Mid,R500,8,35,2018,279,12,N,RPG,Y
397540,Borderlands 3,13/03/2020,3164,FALSE,221,RX 590,Mid,R500,8,35,2018,279,12,N,Strategy,N
397540,Borderlands 3,13/03/2020,3164,FALSE,221,RX 590,Mid,R500,8,35,2018,279,12,N,Free To Play,N
1716740,Starfield,05/09/2023,3725,FALSE,194,RX 6800 XT,Top,R6000,16,80,2020,649,12,N,Action,N
1716740,Starfield,05/09/2023,3725,FALSE,194,RX 6800 XT,Top,R6000,16,80,2020,649,12,N,Indie,N
1716740,Starfield,05/09/2023,3725,FALSE,194,RX 6800 XT,Top,R6000,16,80,2020,649,12,N,Adventure,N
1716740,Starfield,05/09/2023,3725,FALSE,194,RX 6800 XT,Top,R6000,16,80,2020,649,12,N,Simulation,N
1716740,Starfield,05/09/2023,3725,FALSE,194,RX 6800 XT,Top,R6000,16,80,2020,649,12,N,RPG,Y
1716740,Starfield,05/09/2023,3725,FALSE,194,RX 6800 XT,Top,R6000,16,80,2020,649,12,N,Strategy,N
1716740,Starfield,05/09/2023,3725,FALSE,194,RX 6800 XT,Top,R6000,16,80,2020,649,12,N,Free To Play,N
2231380,Tom Clancy's Ghost Recon Breakpoint,23/01/2023,1430,FALSE,386,RX 480,Mid,R400,8,30,2016,239,12,N,Action,Y
2231380,Tom Clancy's Ghost Recon Breakpoint,23/01/2023,1430,FALSE,386,RX 480,Mid,R400,8,30,2016,239,12,N,Indie,N
2231380,Tom Clancy's Ghost Recon Breakpoint,23/01/2023,1430,FALSE,386,RX 480,Mid,R400,8,30,2016,239,12,N,Adventure,Y
2231380,Tom Clancy's Ghost Recon Breakpoint,23/01/2023,1430,FALSE,386,RX 480,Mid,R400,8,30,2016,239,12,N,Simulation,N
2231380,Tom Clancy's Ghost Recon Breakpoint,23/01/2023,1430,FALSE,386,RX 480,Mid,R400,8,30,2016,239,12,N,RPG,N
2231380,Tom Clancy's Ghost Recon Breakpoint,23/01/2023,1430,FALSE,386,RX 480,Mid,R400,8,30,2016,239,12,N,Strategy,N
2231380,Tom Clancy's Ghost Recon Breakpoint,23/01/2023,1430,FALSE,386,RX 480,Mid,R400,8,30,2016,239,12,N,Free To Play,N
389730,Titan Quest Anniversary Edition,01/06/2017,599,FALSE,675,GTX 1060,Mid,GF10,6,30,2016,249,12,N,Action,Y
389730,Titan Quest Anniversary Edition,01/06/2017,599,FALSE,675,GTX 1060,Mid,GF10,6,30,2016,249,12,N,Indie,N
389730,Titan Quest Anniversary Edition,01/06/2017,599,FALSE,675,GTX 1060,Mid,GF10,6,30,2016,249,12,N,Adventure,N
389730,Titan Quest Anniversary Edition,01/06/2017,599,FALSE,675,GTX 1060,Mid,GF10,6,30,2016,249,12,N,Simulation,N
389730,Titan Quest Anniversary Edition,01/06/2017,599,FALSE,675,GTX 1060,Mid,GF10,6,30,2016,249,12,N,RPG,N
389730,Titan Quest Anniversary Edition,01/06/2017,599,FALSE,675,GTX 1060,Mid,GF10,6,30,2016,249,12,N,Strategy,N
389730,Titan Quest Anniversary Edition,01/06/2017,599,FALSE,675,GTX 1060,Mid,GF10,6,30,2016,249,12,N,Free To Play,N
744900,HoloCure - Save the Fans!,15/07/2019,647,FALSE,638,GTX 1050,Lower,GF10,2,15,2016,139,10,N,Action,Y
744900,HoloCure - Save the Fans!,15/07/2019,647,FALSE,638,GTX 1050,Lower,GF10,2,15,2016,139,10,N,Indie,Y
744900,HoloCure - Save the Fans!,15/07/2019,647,FALSE,638,GTX 1050,Lower,GF10,2,15,2016,139,10,N,Adventure,N
744900,HoloCure - Save the Fans!,15/07/2019,647,FALSE,638,GTX 1050,Lower,GF10,2,15,2016,139,10,N,Simulation,N
744900,HoloCure - Save the Fans!,15/07/2019,647,FALSE,638,GTX 1050,Lower,GF10,2,15,2016,139,10,N,RPG,Y
744900,HoloCure - Save the Fans!,15/07/2019,647,FALSE,638,GTX 1050,Lower,GF10,2,15,2016,139,10,N,Strategy,N
744900,HoloCure - Save the Fans!,15/07/2019,647,FALSE,638,GTX 1050,Lower,GF10,2,15,2016,139,10,N,Free To Play,Y
431960,Wallpaper Engine,16/11/2018,91184,FALSE,9,RX 560,Lower,R500,4,10,2017,99,10,N,Action,N
431960,Wallpaper Engine,16/11/2018,91184,FALSE,9,RX 560,Lower,R500,4,10,2017,99,10,N,Indie,Y
431960,Wallpaper Engine,16/11/2018,91184,FALSE,9,RX 560,Lower,R500,4,10,2017,99,10,N,Adventure,N
431960,Wallpaper Engine,16/11/2018,91184,FALSE,9,RX 560,Lower,R500,4,10,2017,99,10,N,Simulation,N
431960,Wallpaper Engine,16/11/2018,91184,FALSE,9,RX 560,Lower,R500,4,10,2017,99,10,N,RPG,N
431960,Wallpaper Engine,16/11/2018,91184,FALSE,9,RX 560,Lower,R500,4,10,2017,99,10,N,Strategy,N
431960,Wallpaper Engine,16/11/2018,91184,FALSE,9,RX 560,Lower,R500,4,10,2017,99,10,N,Free To Play,N
2420510,PAYDAY 3,16/08/2023,645,FALSE,640,GTX 1080,Top,GF10,8,60,2016,599,10,N,Action,Y
2420510,PAYDAY 3,16/08/2023,645,FALSE,640,GTX 1080,Top,GF10,8,60,2016,599,10,N,Indie,Y
2420510,PAYDAY 3,16/08/2023,645,FALSE,640,GTX 1080,Top,GF10,8,60,2016,599,10,N,Adventure,Y
2420510,PAYDAY 3,16/08/2023,645,FALSE,640,GTX 1080,Top,GF10,8,60,2016,599,10,N,Simulation,N
2420510,PAYDAY 3,16/08/2023,645,FALSE,640,GTX 1080,Top,GF10,8,60,2016,599,10,N,RPG,N
2420510,PAYDAY 3,16/08/2023,645,FALSE,640,GTX 1080,Top,GF10,8,60,2016,599,10,N,Strategy,N
2420510,PAYDAY 3,16/08/2023,645,FALSE,640,GTX 1080,Top,GF10,8,60,2016,599,10,N,Free To Play,N
2773280,ANEURISM IV,11/03/2025,723,TRUE,592,GTX 1050,Lower,GF10,2,15,2016,139,10,N,Action,Y
2773280,ANEURISM IV,11/03/2025,723,TRUE,592,GTX 1050,Lower,GF10,2,15,2016,139,10,N,Indie,N
2773280,ANEURISM IV,11/03/2025,723,TRUE,592,GTX 1050,Lower,GF10,2,15,2016,139,10,N,Adventure,N
2773280,ANEURISM IV,11/03/2025,723,TRUE,592,GTX 1050,Lower,GF10,2,15,2016,139,10,N,Simulation,Y
2773280,ANEURISM IV,11/03/2025,723,TRUE,592,GTX 1050,Lower,GF10,2,15,2016,139,10,N,RPG,Y
2773280,ANEURISM IV,11/03/2025,723,TRUE,592,GTX 1050,Lower,GF10,2,15,2016,139,10,N,Strategy,N
2773280,ANEURISM IV,11/03/2025,723,TRUE,592,GTX 1050,Lower,GF10,2,15,2016,139,10,N,Free To Play,N
1432860,DRAGON BALL XENOVERSE 2,10/03/2023,653,TRUE,635,GTX 1050,Lower,GF10,2,15,2016,139,10,N,Action,N
1432860,DRAGON BALL XENOVERSE 2,10/03/2023,653,TRUE,635,GTX 1050,Lower,GF10,2,15,2016,139,10,N,Indie,Y
1432860,DRAGON BALL XENOVERSE 2,10/03/2023,653,TRUE,635,GTX 1050,Lower,GF10,2,15,2016,139,10,N,Adventure,Y
1432860,DRAGON BALL XENOVERSE 2,10/03/2023,653,TRUE,635,GTX 1050,Lower,GF10,2,15,2016,139,10,N,Simulation,Y
1432860,DRAGON BALL XENOVERSE 2,10/03/2023,653,TRUE,635,GTX 1050,Lower,GF10,2,15,2016,139,10,N,RPG,Y
1432860,DRAGON BALL XENOVERSE 2,10/03/2023,653,TRUE,635,GTX 1050,Lower,GF10,2,15,2016,139,10,N,Strategy,N
1432860,DRAGON BALL XENOVERSE 2,10/03/2023,653,TRUE,635,GTX 1050,Lower,GF10,2,15,2016,139,10,N,Free To Play,N
588430,Fallout Shelter,29/03/2017,1001,FALSE,486,RX 560,Lower,R500,4,10,2017,99,10,N,Action,N
588430,Fallout Shelter,29/03/2017,1001,FALSE,486,RX 560,Lower,R500,4,10,2017,99,10,N,Indie,N
588430,Fallout Shelter,29/03/2017,1001,FALSE,486,RX 560,Lower,R500,4,10,2017,99,10,N,Adventure,N
588430,Fallout Shelter,29/03/2017,1001,FALSE,486,RX 560,Lower,R500,4,10,2017,99,10,N,Simulation,Y
588430,Fallout Shelter,29/03/2017,1001,FALSE,486,RX 560,Lower,R500,4,10,2017,99,10,N,RPG,Y
588430,Fallout Shelter,29/03/2017,1001,FALSE,486,RX 560,Lower,R500,4,10,2017,99,10,N,Strategy,N
588430,Fallout Shelter,29/03/2017,1001,FALSE,486,RX 560,Lower,R500,4,10,2017,99,10,N,Free To Play,Y
2186320,FINAL FANTASY XV WINDOWS EDITION,17/02/2023,340,TRUE,957,GTX 1080 Ti,Top+,GF10,11,70,2017,699,10,N,Action,N
2186320,FINAL FANTASY XV WINDOWS EDITION,17/02/2023,340,TRUE,957,GTX 1080 Ti,Top+,GF10,11,70,2017,699,10,N,Indie,Y
2186320,FINAL FANTASY XV WINDOWS EDITION,17/02/2023,340,TRUE,957,GTX 1080 Ti,Top+,GF10,11,70,2017,699,10,N,Adventure,N
2186320,FINAL FANTASY XV WINDOWS EDITION,17/02/2023,340,TRUE,957,GTX 1080 Ti,Top+,GF10,11,70,2017,699,10,N,Simulation,Y
2186320,FINAL FANTASY XV WINDOWS EDITION,17/02/2023,340,TRUE,957,GTX 1080 Ti,Top+,GF10,11,70,2017,699,10,N,RPG,N
2186320,FINAL FANTASY XV WINDOWS EDITION,17/02/2023,340,TRUE,957,GTX 1080 Ti,Top+,GF10,11,70,2017,699,10,N,Strategy,N
2186320,FINAL FANTASY XV WINDOWS EDITION,17/02/2023,340,TRUE,957,GTX 1080 Ti,Top+,GF10,11,70,2017,699,10,N,Free To Play,N
1066890,Batman: Arkham Asylum Game of the Year Edition,30/06/2020,605,FALSE,671,GTX 1080 Ti,Top+,GF10,11,70,2017,699,10,N,Action,Y
1066890,Batman: Arkham Asylum Game of the Year Edition,30/06/2020,605,FALSE,671,GTX 1080 Ti,Top+,GF10,11,70,2017,699,10,N,Indie,Y
1066890,Batman: Arkham Asylum Game of the Year Edition,30/06/2020,605,FALSE,671,GTX 1080 Ti,Top+,GF10,11,70,2017,699,10,N,Adventure,N
1066890,Batman: Arkham Asylum Game of the Year Edition,30/06/2020,605,FALSE,671,GTX 1080 Ti,Top+,GF10,11,70,2017,699,10,N,Simulation,Y
1066890,Batman: Arkham Asylum Game of the Year Edition,30/06/2020,605,FALSE,671,GTX 1080 Ti,Top+,GF10,11,70,2017,699,10,N,RPG,N
1066890,Batman: Arkham Asylum Game of the Year Edition,30/06/2020,605,FALSE,671,GTX 1080 Ti,Top+,GF10,11,70,2017,699,10,N,Strategy,N
1066890,Batman: Arkham Asylum Game of the Year Edition,30/06/2020,605,FALSE,671,GTX 1080 Ti,Top+,GF10,11,70,2017,699,10,N,Free To Play,N
1584090,Touhou Mystia's Izakaya,01/10/2021,852,TRUE,543,GTX 1050,Lower,GF10,2,15,2016,139,10,N,Action,N
1584090,Touhou Mystia's Izakaya,01/10/2021,852,TRUE,543,GTX 1050,Lower,GF10,2,15,2016,139,10,N,Indie,Y
1584090,Touhou Mystia's Izakaya,01/10/2021,852,TRUE,543,GTX 1050,Lower,GF10,2,15,2016,139,10,N,Adventure,N
1584090,Touhou Mystia's Izakaya,01/10/2021,852,TRUE,543,GTX 1050,Lower,GF10,2,15,2016,139,10,N,Simulation,Y
1584090,Touhou Mystia's Izakaya,01/10/2021,852,TRUE,543,GTX 1050,Lower,GF10,2,15,2016,139,10,N,RPG,Y
1584090,Touhou Mystia's Izakaya,01/10/2021,852,TRUE,543,GTX 1050,Lower,GF10,2,15,2016,139,10,N,Strategy,N
1584090,Touhou Mystia's Izakaya,01/10/2021,852,TRUE,543,GTX 1050,Lower,GF10,2,15,2016,139,10,N,Free To Play,N
625960,Stoneshard,06/02/2020,744,FALSE,585,RX 560,Lower,R500,4,10,2017,99,10,N,Action,N
625960,Stoneshard,06/02/2020,744,FALSE,585,RX 560,Lower,R500,4,10,2017,99,10,N,Indie,Y
625960,Stoneshard,06/02/2020,744,FALSE,585,RX 560,Lower,R500,4,10,2017,99,10,N,Adventure,Y
625960,Stoneshard,06/02/2020,744,FALSE,585,RX 560,Lower,R500,4,10,2017,99,10,N,Simulation,N
625960,Stoneshard,06/02/2020,744,FALSE,585,RX 560,Lower,R500,4,10,2017,99,10,N,RPG,Y
625960,Stoneshard,06/02/2020,744,FALSE,585,RX 560,Lower,R500,4,10,2017,99,10,N,Strategy,Y
625960,Stoneshard,06/02/2020,744,FALSE,585,RX 560,Lower,R500,4,10,2017,99,10,N,Free To Play,N
2103140,Into the Dead: Our Darkest Days,01/11/2024,600,FALSE,674,GTX 1050,Lower,GF10,2,15,2016,139,10,N,Action,Y
2103140,Into the Dead: Our Darkest Days,01/11/2024,600,FALSE,674,GTX 1050,Lower,GF10,2,15,2016,139,10,N,Indie,Y
2103140,Into the Dead: Our Darkest Days,01/11/2024,600,FALSE,674,GTX 1050,Lower,GF10,2,15,2016,139,10,N,Adventure,Y
2103140,Into the Dead: Our Darkest Days,01/11/2024,600,FALSE,674,GTX 1050,Lower,GF10,2,15,2016,139,10,N,Simulation,N
2103140,Into the Dead: Our Darkest Days,01/11/2024,600,FALSE,674,GTX 1050,Lower,GF10,2,15,2016,139,10,N,RPG,Y
2103140,Into the Dead: Our Darkest Days,01/11/2024,600,FALSE,674,GTX 1050,Lower,GF10,2,15,2016,139,10,N,Strategy,N
2103140,Into the Dead: Our Darkest Days,01/11/2024,600,FALSE,674,GTX 1050,Lower,GF10,2,15,2016,139,10,N,Free To Play,N
304930,Unturned,07/07/2017,10408,TRUE,93,RX 560,Lower,R500,4,10,2017,99,10,N,Action,Y
304930,Unturned,07/07/2017,10408,TRUE,93,RX 560,Lower,R500,4,10,2017,99,10,N,Indie,Y
304930,Unturned,07/07/2017,10408,TRUE,93,RX 560,Lower,R500,4,10,2017,99,10,N,Adventure,Y
304930,Unturned,07/07/2017,10408,TRUE,93,RX 560,Lower,R500,4,10,2017,99,10,N,Simulation,N
304930,Unturned,07/07/2017,10408,TRUE,93,RX 560,Lower,R500,4,10,2017,99,10,N,RPG,N
304930,Unturned,07/07/2017,10408,TRUE,93,RX 560,Lower,R500,4,10,2017,99,10,N,Strategy,N
304930,Unturned,07/07/2017,10408,TRUE,93,RX 560,Lower,R500,4,10,2017,99,10,N,Free To Play,Y
1335200,Action Taimanin,05/10/2020,993,FALSE,491,GTX 1050,Lower,GF10,2,15,2016,139,10,N,Action,Y
1335200,Action Taimanin,05/10/2020,993,FALSE,491,GTX 1050,Lower,GF10,2,15,2016,139,10,N,Indie,N
1335200,Action Taimanin,05/10/2020,993,FALSE,491,GTX 1050,Lower,GF10,2,15,2016,139,10,N,Adventure,Y
1335200,Action Taimanin,05/10/2020,993,FALSE,491,GTX 1050,Lower,GF10,2,15,2016,139,10,N,Simulation,N
1335200,Action Taimanin,05/10/2020,993,FALSE,491,GTX 1050,Lower,GF10,2,15,2016,139,10,N,RPG,Y
1335200,Action Taimanin,05/10/2020,993,FALSE,491,GTX 1050,Lower,GF10,2,15,2016,139,10,N,Strategy,N
1335200,Action Taimanin,05/10/2020,993,FALSE,491,GTX 1050,Lower,GF10,2,15,2016,139,10,N,Free To Play,Y
2054970,Dragon's Dogma 2,21/03/2024,768,FALSE,574,RTX 2080,Top,GF20,8,75,2018,699,10,N,Action,Y
2054970,Dragon's Dogma 2,21/03/2024,768,FALSE,574,RTX 2080,Top,GF20,8,75,2018,699,10,N,Indie,N
2054970,Dragon's Dogma 2,21/03/2024,768,FALSE,574,RTX 2080,Top,GF20,8,75,2018,699,10,N,Adventure,N
2054970,Dragon's Dogma 2,21/03/2024,768,FALSE,574,RTX 2080,Top,GF20,8,75,2018,699,10,N,Simulation,N
2054970,Dragon's Dogma 2,21/03/2024,768,FALSE,574,RTX 2080,Top,GF20,8,75,2018,699,10,N,RPG,Y
2054970,Dragon's Dogma 2,21/03/2024,768,FALSE,574,RTX 2080,Top,GF20,8,75,2018,699,10,N,Strategy,N
2054970,Dragon's Dogma 2,21/03/2024,768,FALSE,574,RTX 2080,Top,GF20,8,75,2018,699,10,N,Free To Play,N
760160,Resident Evil 3,27/04/2022,362,FALSE,927,GTX 1080,Top,GF10,8,60,2016,599,10,N,Action,Y
760160,Resident Evil 3,27/04/2022,362,FALSE,927,GTX 1080,Top,GF10,8,60,2016,599,10,N,Indie,N
760160,Resident Evil 3,27/04/2022,362,FALSE,927,GTX 1080,Top,GF10,8,60,2016,599,10,N,Adventure,N
760160,Resident Evil 3,27/04/2022,362,FALSE,927,GTX 1080,Top,GF10,8,60,2016,599,10,N,Simulation,N
760160,Resident Evil 3,27/04/2022,362,FALSE,927,GTX 1080,Top,GF10,8,60,2016,599,10,N,RPG,N
760160,Resident Evil 3,27/04/2022,362,FALSE,927,GTX 1080,Top,GF10,8,60,2016,599,10,N,Strategy,N
760160,Resident Evil 3,27/04/2022,362,FALSE,927,GTX 1080,Top,GF10,8,60,2016,599,10,N,Free To Play,Y
1097150,Mindustry,03/08/2020,664,FALSE,626,RX 560,Lower,R500,4,10,2017,99,10,N,Action,Y
1097150,Mindustry,03/08/2020,664,FALSE,626,RX 560,Lower,R500,4,10,2017,99,10,N,Indie,Y
1097150,Mindustry,03/08/2020,664,FALSE,626,RX 560,Lower,R500,4,10,2017,99,10,N,Adventure,N
1097150,Mindustry,03/08/2020,664,FALSE,626,RX 560,Lower,R500,4,10,2017,99,10,N,Simulation,N
1097150,Mindustry,03/08/2020,664,FALSE,626,RX 560,Lower,R500,4,10,2017,99,10,N,RPG,N
1097150,Mindustry,03/08/2020,664,FALSE,626,RX 560,Lower,R500,4,10,2017,99,10,N,Strategy,N
1097150,Mindustry,03/08/2020,664,FALSE,626,RX 560,Lower,R500,4,10,2017,99,10,N,Free To Play,N
3218580,Far Cry 6,04/06/2025,628,TRUE,653,GTX 1080,Top,GF10,8,60,2016,599,10,N,Action,N
3218580,Far Cry 6,04/06/2025,628,TRUE,653,GTX 1080,Top,GF10,8,60,2016,599,10,N,Indie,N
3218580,Far Cry 6,04/06/2025,628,TRUE,653,GTX 1080,Top,GF10,8,60,2016,599,10,N,Adventure,Y
3218580,Far Cry 6,04/06/2025,628,TRUE,653,GTX 1080,Top,GF10,8,60,2016,599,10,N,Simulation,Y
3218580,Far Cry 6,04/06/2025,628,TRUE,653,GTX 1080,Top,GF10,8,60,2016,599,10,N,RPG,Y
3218580,Far Cry 6,04/06/2025,628,TRUE,653,GTX 1080,Top,GF10,8,60,2016,599,10,N,Strategy,N
3218580,Far Cry 6,04/06/2025,628,TRUE,653,GTX 1080,Top,GF10,8,60,2016,599,10,N,Free To Play,N
787480,Phoenix Wright: Ace Attorney Trilogy,09/04/2019,826,FALSE,554,RX 560,Lower,R500,4,10,2017,99,10,N,Action,N
787480,Phoenix Wright: Ace Attorney Trilogy,09/04/2019,826,FALSE,554,RX 560,Lower,R500,4,10,2017,99,10,N,Indie,N
787480,Phoenix Wright: Ace Attorney Trilogy,09/04/2019,826,FALSE,554,RX 560,Lower,R500,4,10,2017,99,10,N,Adventure,Y
787480,Phoenix Wright: Ace Attorney Trilogy,09/04/2019,826,FALSE,554,RX 560,Lower,R500,4,10,2017,99,10,N,Simulation,N
787480,Phoenix Wright: Ace Attorney Trilogy,09/04/2019,826,FALSE,554,RX 560,Lower,R500,4,10,2017,99,10,N,RPG,N
787480,Phoenix Wright: Ace Attorney Trilogy,09/04/2019,826,FALSE,554,RX 560,Lower,R500,4,10,2017,99,10,N,Strategy,N
787480,Phoenix Wright: Ace Attorney Trilogy,09/04/2019,826,FALSE,554,RX 560,Lower,R500,4,10,2017,99,10,N,Free To Play,N
2551020,One-armed robber,15/12/2023,786,FALSE,566,GTX 1050,Lower,GF10,2,15,2016,139,10,N,Action,Y
2551020,One-armed robber,15/12/2023,786,FALSE,566,GTX 1050,Lower,GF10,2,15,2016,139,10,N,Indie,Y
2551020,One-armed robber,15/12/2023,786,FALSE,566,GTX 1050,Lower,GF10,2,15,2016,139,10,N,Adventure,N
2551020,One-armed robber,15/12/2023,786,FALSE,566,GTX 1050,Lower,GF10,2,15,2016,139,10,N,Simulation,Y
2551020,One-armed robber,15/12/2023,786,FALSE,566,GTX 1050,Lower,GF10,2,15,2016,139,10,N,RPG,N
2551020,One-armed robber,15/12/2023,786,FALSE,566,GTX 1050,Lower,GF10,2,15,2016,139,10,N,Strategy,Y
2551020,One-armed robber,15/12/2023,786,FALSE,566,GTX 1050,Lower,GF10,2,15,2016,139,10,N,Free To Play,Y
2494350,Pro Cycling Manager 2024,06/06/2024,781,FALSE,568,RX 560,Lower,R500,4,10,2017,99,10,N,Action,N
2494350,Pro Cycling Manager 2024,06/06/2024,781,FALSE,568,RX 560,Lower,R500,4,10,2017,99,10,N,Indie,N
2494350,Pro Cycling Manager 2024,06/06/2024,781,FALSE,568,RX 560,Lower,R500,4,10,2017,99,10,N,Adventure,N
2494350,Pro Cycling Manager 2024,06/06/2024,781,FALSE,568,RX 560,Lower,R500,4,10,2017,99,10,N,Simulation,Y
2494350,Pro Cycling Manager 2024,06/06/2024,781,FALSE,568,RX 560,Lower,R500,4,10,2017,99,10,N,RPG,N
2494350,Pro Cycling Manager 2024,06/06/2024,781,FALSE,568,RX 560,Lower,R500,4,10,2017,99,10,N,Strategy,N
2494350,Pro Cycling Manager 2024,06/06/2024,781,FALSE,568,RX 560,Lower,R500,4,10,2017,99,10,N,Free To Play,N
2369390,Nine Sols,11/05/2023,627,FALSE,654,GTX 1080,Top,GF10,8,60,2016,599,10,N,Action,Y
2369390,Nine Sols,11/05/2023,627,FALSE,654,GTX 1080,Top,GF10,8,60,2016,599,10,N,Indie,N
2369390,Nine Sols,11/05/2023,627,FALSE,654,GTX 1080,Top,GF10,8,60,2016,599,10,N,Adventure,Y
2369390,Nine Sols,11/05/2023,627,FALSE,654,GTX 1080,Top,GF10,8,60,2016,599,10,N,Simulation,N
2369390,Nine Sols,11/05/2023,627,FALSE,654,GTX 1080,Top,GF10,8,60,2016,599,10,N,RPG,N
2369390,Nine Sols,11/05/2023,627,FALSE,654,GTX 1080,Top,GF10,8,60,2016,599,10,N,Strategy,N
2369390,Nine Sols,11/05/2023,627,FALSE,654,GTX 1080,Top,GF10,8,60,2016,599,10,N,Free To Play,N
585420,Trailmakers,18/09/2019,903,FALSE,528,GTX 1080,Top,GF10,8,60,2016,599,10,N,Action,Y
585420,Trailmakers,18/09/2019,903,FALSE,528,GTX 1080,Top,GF10,8,60,2016,599,10,N,Indie,Y
585420,Trailmakers,18/09/2019,903,FALSE,528,GTX 1080,Top,GF10,8,60,2016,599,10,N,Adventure,Y
585420,Trailmakers,18/09/2019,903,FALSE,528,GTX 1080,Top,GF10,8,60,2016,599,10,N,Simulation,Y
585420,Trailmakers,18/09/2019,903,FALSE,528,GTX 1080,Top,GF10,8,60,2016,599,10,N,RPG,N
585420,Trailmakers,18/09/2019,903,FALSE,528,GTX 1080,Top,GF10,8,60,2016,599,10,N,Strategy,N
585420,Trailmakers,18/09/2019,903,FALSE,528,GTX 1080,Top,GF10,8,60,2016,599,10,N,Free To Play,N
1088790,JoJo's Bizarre Adventure: All-Star Battle R,13/10/2021,358,TRUE,934,RX 560,Lower,R500,4,10,2017,99,10,N,Action,N
1088790,JoJo's Bizarre Adventure: All-Star Battle R,13/10/2021,358,TRUE,934,RX 560,Lower,R500,4,10,2017,99,10,N,Indie,N
1088790,JoJo's Bizarre Adventure: All-Star Battle R,13/10/2021,358,TRUE,934,RX 560,Lower,R500,4,10,2017,99,10,N,Adventure,N
1088790,JoJo's Bizarre Adventure: All-Star Battle R,13/10/2021,358,TRUE,934,RX 560,Lower,R500,4,10,2017,99,10,N,Simulation,Y
1088790,JoJo's Bizarre Adventure: All-Star Battle R,13/10/2021,358,TRUE,934,RX 560,Lower,R500,4,10,2017,99,10,N,RPG,N
1088790,JoJo's Bizarre Adventure: All-Star Battle R,13/10/2021,358,TRUE,934,RX 560,Lower,R500,4,10,2017,99,10,N,Strategy,Y
1088790,JoJo's Bizarre Adventure: All-Star Battle R,13/10/2021,358,TRUE,934,RX 560,Lower,R500,4,10,2017,99,10,N,Free To Play,N
1097430,Dead Frontier 2,29/07/2022,647,FALSE,638,GTX 1050,Lower,GF10,2,15,2016,139,10,N,Action,Y
1097430,Dead Frontier 2,29/07/2022,647,FALSE,638,GTX 1050,Lower,GF10,2,15,2016,139,10,N,Indie,Y
1097430,Dead Frontier 2,29/07/2022,647,FALSE,638,GTX 1050,Lower,GF10,2,15,2016,139,10,N,Adventure,Y
1097430,Dead Frontier 2,29/07/2022,647,FALSE,638,GTX 1050,Lower,GF10,2,15,2016,139,10,N,Simulation,N
1097430,Dead Frontier 2,29/07/2022,647,FALSE,638,GTX 1050,Lower,GF10,2,15,2016,139,10,N,RPG,Y
1097430,Dead Frontier 2,29/07/2022,647,FALSE,638,GTX 1050,Lower,GF10,2,15,2016,139,10,N,Strategy,Y
1097430,Dead Frontier 2,29/07/2022,647,FALSE,638,GTX 1050,Lower,GF10,2,15,2016,139,10,N,Free To Play,Y
1366800,Crosshair X,17/08/2020,41428,FALSE,23,GTX 1050,Lower,GF10,2,15,2016,139,10,N,Action,Y
1366800,Crosshair X,17/08/2020,41428,FALSE,23,GTX 1050,Lower,GF10,2,15,2016,139,10,N,Indie,Y
1366800,Crosshair X,17/08/2020,41428,FALSE,23,GTX 1050,Lower,GF10,2,15,2016,139,10,N,Adventure,Y
1366800,Crosshair X,17/08/2020,41428,FALSE,23,GTX 1050,Lower,GF10,2,15,2016,139,10,N,Simulation,N
1366800,Crosshair X,17/08/2020,41428,FALSE,23,GTX 1050,Lower,GF10,2,15,2016,139,10,N,RPG,N
1366800,Crosshair X,17/08/2020,41428,FALSE,23,GTX 1050,Lower,GF10,2,15,2016,139,10,N,Strategy,N
1366800,Crosshair X,17/08/2020,41428,FALSE,23,GTX 1050,Lower,GF10,2,15,2016,139,10,N,Free To Play,N
445220,Hitman: Absolution,09/03/2020,618,TRUE,661,GTX 1050,Lower,GF10,2,15,2016,139,10,N,Action,Y
445220,Hitman: Absolution,09/03/2020,618,TRUE,661,GTX 1050,Lower,GF10,2,15,2016,139,10,N,Indie,Y
445220,Hitman: Absolution,09/03/2020,618,TRUE,661,GTX 1050,Lower,GF10,2,15,2016,139,10,N,Adventure,N
445220,Hitman: Absolution,09/03/2020,618,TRUE,661,GTX 1050,Lower,GF10,2,15,2016,139,10,N,Simulation,Y
445220,Hitman: Absolution,09/03/2020,618,TRUE,661,GTX 1050,Lower,GF10,2,15,2016,139,10,N,RPG,N
445220,Hitman: Absolution,09/03/2020,618,TRUE,661,GTX 1050,Lower,GF10,2,15,2016,139,10,N,Strategy,N
445220,Hitman: Absolution,09/03/2020,618,TRUE,661,GTX 1050,Lower,GF10,2,15,2016,139,10,N,Free To Play,N
289070,Sid Meier's Civilization VI,20/10/2016,25420,TRUE,38,GTX 1050,Lower,GF10,2,15,2016,139,10,N,Action,N
289070,Sid Meier's Civilization VI,20/10/2016,25420,TRUE,38,GTX 1050,Lower,GF10,2,15,2016,139,10,N,Indie,N
289070,Sid Meier's Civilization VI,20/10/2016,25420,TRUE,38,GTX 1050,Lower,GF10,2,15,2016,139,10,N,Adventure,N
289070,Sid Meier's Civilization VI,20/10/2016,25420,TRUE,38,GTX 1050,Lower,GF10,2,15,2016,139,10,N,Simulation,N
289070,Sid Meier's Civilization VI,20/10/2016,25420,TRUE,38,GTX 1050,Lower,GF10,2,15,2016,139,10,N,RPG,N
289070,Sid Meier's Civilization VI,20/10/2016,25420,TRUE,38,GTX 1050,Lower,GF10,2,15,2016,139,10,N,Strategy,Y
289070,Sid Meier's Civilization VI,20/10/2016,25420,TRUE,38,GTX 1050,Lower,GF10,2,15,2016,139,10,N,Free To Play,N
1030840,Rocksmith 2014 Edition REMASTERED LEARN & PLAY,24/09/2020,686,FALSE,613,GTX 1080,Top,GF10,8,60,2016,599,10,N,Action,Y
1030840,Rocksmith 2014 Edition REMASTERED LEARN & PLAY,24/09/2020,686,FALSE,613,GTX 1080,Top,GF10,8,60,2016,599,10,N,Indie,N
1030840,Rocksmith 2014 Edition REMASTERED LEARN & PLAY,24/09/2020,686,FALSE,613,GTX 1080,Top,GF10,8,60,2016,599,10,N,Adventure,Y
1030840,Rocksmith 2014 Edition REMASTERED LEARN & PLAY,24/09/2020,686,FALSE,613,GTX 1080,Top,GF10,8,60,2016,599,10,N,Simulation,N
1030840,Rocksmith 2014 Edition REMASTERED LEARN & PLAY,24/09/2020,686,FALSE,613,GTX 1080,Top,GF10,8,60,2016,599,10,N,RPG,N
1030840,Rocksmith 2014 Edition REMASTERED LEARN & PLAY,24/09/2020,686,FALSE,613,GTX 1080,Top,GF10,8,60,2016,599,10,N,Strategy,N
1030840,Rocksmith 2014 Edition REMASTERED LEARN & PLAY,24/09/2020,686,FALSE,613,GTX 1080,Top,GF10,8,60,2016,599,10,N,Free To Play,N
729040,GWENT: The Witcher Card Game,31/08/2023,620,FALSE,657,GTX 1050,Lower,GF10,2,15,2016,139,10,N,Action,Y
729040,GWENT: The Witcher Card Game,31/08/2023,620,FALSE,657,GTX 1050,Lower,GF10,2,15,2016,139,10,N,Indie,N
729040,GWENT: The Witcher Card Game,31/08/2023,620,FALSE,657,GTX 1050,Lower,GF10,2,15,2016,139,10,N,Adventure,N
729040,GWENT: The Witcher Card Game,31/08/2023,620,FALSE,657,GTX 1050,Lower,GF10,2,15,2016,139,10,N,Simulation,N
729040,GWENT: The Witcher Card Game,31/08/2023,620,FALSE,657,GTX 1050,Lower,GF10,2,15,2016,139,10,N,RPG,Y
729040,GWENT: The Witcher Card Game,31/08/2023,620,FALSE,657,GTX 1050,Lower,GF10,2,15,2016,139,10,N,Strategy,N
729040,GWENT: The Witcher Card Game,31/08/2023,620,FALSE,657,GTX 1050,Lower,GF10,2,15,2016,139,10,N,Free To Play,N
3146520,Mafia: Definitive Edition,11/10/2024,686,FALSE,613,GTX 1050,Lower,GF10,2,15,2016,139,10,N,Action,N
3146520,Mafia: Definitive Edition,11/10/2024,686,FALSE,613,GTX 1050,Lower,GF10,2,15,2016,139,10,N,Indie,Y
3146520,Mafia: Definitive Edition,11/10/2024,686,FALSE,613,GTX 1050,Lower,GF10,2,15,2016,139,10,N,Adventure,N
3146520,Mafia: Definitive Edition,11/10/2024,686,FALSE,613,GTX 1050,Lower,GF10,2,15,2016,139,10,N,Simulation,N
3146520,Mafia: Definitive Edition,11/10/2024,686,FALSE,613,GTX 1050,Lower,GF10,2,15,2016,139,10,N,RPG,N
3146520,Mafia: Definitive Edition,11/10/2024,686,FALSE,613,GTX 1050,Lower,GF10,2,15,2016,139,10,N,Strategy,N
3146520,Mafia: Definitive Edition,11/10/2024,686,FALSE,613,GTX 1050,Lower,GF10,2,15,2016,139,10,N,Free To Play,N
1272080,Call of Duty: Black Ops Cold War,21/09/2023,644,FALSE,641,GTX 1080,Top,GF10,8,60,2016,599,10,N,Action,Y
1272080,Call of Duty: Black Ops Cold War,21/09/2023,644,FALSE,641,GTX 1080,Top,GF10,8,60,2016,599,10,N,Indie,N
1272080,Call of Duty: Black Ops Cold War,21/09/2023,644,FALSE,641,GTX 1080,Top,GF10,8,60,2016,599,10,N,Adventure,Y
1272080,Call of Duty: Black Ops Cold War,21/09/2023,644,FALSE,641,GTX 1080,Top,GF10,8,60,2016,599,10,N,Simulation,N
1272080,Call of Duty: Black Ops Cold War,21/09/2023,644,FALSE,641,GTX 1080,Top,GF10,8,60,2016,599,10,N,RPG,Y
1272080,Call of Duty: Black Ops Cold War,21/09/2023,644,FALSE,641,GTX 1080,Top,GF10,8,60,2016,599,10,N,Strategy,N
1272080,Call of Duty: Black Ops Cold War,21/09/2023,644,FALSE,641,GTX 1080,Top,GF10,8,60,2016,599,10,N,Free To Play,N
251570,7 Days to Die,25/07/2024,17045,TRUE,57,GTX 1050,Lower,GF10,2,15,2016,139,10,N,Action,Y
251570,7 Days to Die,25/07/2024,17045,TRUE,57,GTX 1050,Lower,GF10,2,15,2016,139,10,N,Indie,Y
251570,7 Days to Die,25/07/2024,17045,TRUE,57,GTX 1050,Lower,GF10,2,15,2016,139,10,N,Adventure,Y
251570,7 Days to Die,25/07/2024,17045,TRUE,57,GTX 1050,Lower,GF10,2,15,2016,139,10,N,Simulation,Y
251570,7 Days to Die,25/07/2024,17045,TRUE,57,GTX 1050,Lower,GF10,2,15,2016,139,10,N,RPG,Y
251570,7 Days to Die,25/07/2024,17045,TRUE,57,GTX 1050,Lower,GF10,2,15,2016,139,10,N,Strategy,Y
251570,7 Days to Die,25/07/2024,17045,TRUE,57,GTX 1050,Lower,GF10,2,15,2016,139,10,N,Free To Play,N
1284410,RetroArch,19/05/2020,619,FALSE,659,RX 560,Lower,R500,4,10,2017,99,10,N,Action,N
1284410,RetroArch,19/05/2020,619,FALSE,659,RX 560,Lower,R500,4,10,2017,99,10,N,Indie,N
1284410,RetroArch,19/05/2020,619,FALSE,659,RX 560,Lower,R500,4,10,2017,99,10,N,Adventure,N
1284410,RetroArch,19/05/2020,619,FALSE,659,RX 560,Lower,R500,4,10,2017,99,10,N,Simulation,N
1284410,RetroArch,19/05/2020,619,FALSE,659,RX 560,Lower,R500,4,10,2017,99,10,N,RPG,Y
1284410,RetroArch,19/05/2020,619,FALSE,659,RX 560,Lower,R500,4,10,2017,99,10,N,Strategy,Y
1284410,RetroArch,19/05/2020,619,FALSE,659,RX 560,Lower,R500,4,10,2017,99,10,N,Free To Play,Y
1476970,IdleOn,06/11/2025,11081,FALSE,90,GTX 1050,Lower,GF10,2,15,2016,139,10,N,Action,N
1476970,IdleOn,06/11/2025,11081,FALSE,90,GTX 1050,Lower,GF10,2,15,2016,139,10,N,Indie,Y
1476970,IdleOn,06/11/2025,11081,FALSE,90,GTX 1050,Lower,GF10,2,15,2016,139,10,N,Adventure,N
1476970,IdleOn,06/11/2025,11081,FALSE,90,GTX 1050,Lower,GF10,2,15,2016,139,10,N,Simulation,Y
1476970,IdleOn,06/11/2025,11081,FALSE,90,GTX 1050,Lower,GF10,2,15,2016,139,10,N,RPG,Y
1476970,IdleOn,06/11/2025,11081,FALSE,90,GTX 1050,Lower,GF10,2,15,2016,139,10,N,Strategy,N
1476970,IdleOn,06/11/2025,11081,FALSE,90,GTX 1050,Lower,GF10,2,15,2016,139,10,N,Free To Play,Y
1948980,Hero's Adventure: Road to Passion,15/11/2023,963,FALSE,504,GTX 1050,Lower,GF10,2,15,2016,139,10,N,Action,N
1948980,Hero's Adventure: Road to Passion,15/11/2023,963,FALSE,504,GTX 1050,Lower,GF10,2,15,2016,139,10,N,Indie,Y
1948980,Hero's Adventure: Road to Passion,15/11/2023,963,FALSE,504,GTX 1050,Lower,GF10,2,15,2016,139,10,N,Adventure,Y
1948980,Hero's Adventure: Road to Passion,15/11/2023,963,FALSE,504,GTX 1050,Lower,GF10,2,15,2016,139,10,N,Simulation,Y
1948980,Hero's Adventure: Road to Passion,15/11/2023,963,FALSE,504,GTX 1050,Lower,GF10,2,15,2016,139,10,N,RPG,Y
1948980,Hero's Adventure: Road to Passion,15/11/2023,963,FALSE,504,GTX 1050,Lower,GF10,2,15,2016,139,10,N,Strategy,N
1948980,Hero's Adventure: Road to Passion,15/11/2023,963,FALSE,504,GTX 1050,Lower,GF10,2,15,2016,139,10,N,Free To Play,N
1501750,Lords of the Fallen,13/10/2023,827,FALSE,553,RTX 2080,Top,GF20,8,75,2018,699,10,N,Action,Y
1501750,Lords of the Fallen,13/10/2023,827,FALSE,553,RTX 2080,Top,GF20,8,75,2018,699,10,N,Indie,N
1501750,Lords of the Fallen,13/10/2023,827,FALSE,553,RTX 2080,Top,GF20,8,75,2018,699,10,N,Adventure,Y
1501750,Lords of the Fallen,13/10/2023,827,FALSE,553,RTX 2080,Top,GF20,8,75,2018,699,10,N,Simulation,N
1501750,Lords of the Fallen,13/10/2023,827,FALSE,553,RTX 2080,Top,GF20,8,75,2018,699,10,N,RPG,Y
1501750,Lords of the Fallen,13/10/2023,827,FALSE,553,RTX 2080,Top,GF20,8,75,2018,699,10,N,Strategy,N
1501750,Lords of the Fallen,13/10/2023,827,FALSE,553,RTX 2080,Top,GF20,8,75,2018,699,10,N,Free To Play,N
1042550,Digimon Story Cyber Sleuth: Complete Edition,17/10/2019,968,FALSE,502,RX 560,Lower,R500,4,10,2017,99,10,N,Action,N
1042550,Digimon Story Cyber Sleuth: Complete Edition,17/10/2019,968,FALSE,502,RX 560,Lower,R500,4,10,2017,99,10,N,Indie,N
1042550,Digimon Story Cyber Sleuth: Complete Edition,17/10/2019,968,FALSE,502,RX 560,Lower,R500,4,10,2017,99,10,N,Adventure,N
1042550,Digimon Story Cyber Sleuth: Complete Edition,17/10/2019,968,FALSE,502,RX 560,Lower,R500,4,10,2017,99,10,N,Simulation,N
1042550,Digimon Story Cyber Sleuth: Complete Edition,17/10/2019,968,FALSE,502,RX 560,Lower,R500,4,10,2017,99,10,N,RPG,Y
1042550,Digimon Story Cyber Sleuth: Complete Edition,17/10/2019,968,FALSE,502,RX 560,Lower,R500,4,10,2017,99,10,N,Strategy,N
1042550,Digimon Story Cyber Sleuth: Complete Edition,17/10/2019,968,FALSE,502,RX 560,Lower,R500,4,10,2017,99,10,N,Free To Play,N
346110,ARK: Survival Evolved,27/08/2017,22170,TRUE,47,GTX 1050,Lower,GF10,2,15,2016,139,10,N,Action,Y
346110,ARK: Survival Evolved,27/08/2017,22170,TRUE,47,GTX 1050,Lower,GF10,2,15,2016,139,10,N,Indie,Y
346110,ARK: Survival Evolved,27/08/2017,22170,TRUE,47,GTX 1050,Lower,GF10,2,15,2016,139,10,N,Adventure,Y
346110,ARK: Survival Evolved,27/08/2017,22170,TRUE,47,GTX 1050,Lower,GF10,2,15,2016,139,10,N,Simulation,N
346110,ARK: Survival Evolved,27/08/2017,22170,TRUE,47,GTX 1050,Lower,GF10,2,15,2016,139,10,N,RPG,Y
346110,ARK: Survival Evolved,27/08/2017,22170,TRUE,47,GTX 1050,Lower,GF10,2,15,2016,139,10,N,Strategy,N
346110,ARK: Survival Evolved,27/08/2017,22170,TRUE,47,GTX 1050,Lower,GF10,2,15,2016,139,10,N,Free To Play,N
2527500,DiRT Rally 2.0,10/12/2024,631,FALSE,651,GTX 1050,Lower,GF10,2,15,2016,139,10,N,Action,N
2527500,DiRT Rally 2.0,10/12/2024,631,FALSE,651,GTX 1050,Lower,GF10,2,15,2016,139,10,N,Indie,Y
2527500,DiRT Rally 2.0,10/12/2024,631,FALSE,651,GTX 1050,Lower,GF10,2,15,2016,139,10,N,Adventure,Y
2527500,DiRT Rally 2.0,10/12/2024,631,FALSE,651,GTX 1050,Lower,GF10,2,15,2016,139,10,N,Simulation,Y
2527500,DiRT Rally 2.0,10/12/2024,631,FALSE,651,GTX 1050,Lower,GF10,2,15,2016,139,10,N,RPG,Y
2527500,DiRT Rally 2.0,10/12/2024,631,FALSE,651,GTX 1050,Lower,GF10,2,15,2016,139,10,N,Strategy,N
2527500,DiRT Rally 2.0,10/12/2024,631,FALSE,651,GTX 1050,Lower,GF10,2,15,2016,139,10,N,Free To Play,N
1068820,OVR Toolkit - Desktop Overlay,28/06/2019,2180,FALSE,290,GTX 1080,Top,GF10,8,60,2016,599,10,N,Action,N
1068820,OVR Toolkit - Desktop Overlay,28/06/2019,2180,FALSE,290,GTX 1080,Top,GF10,8,60,2016,599,10,N,Indie,N
1068820,OVR Toolkit - Desktop Overlay,28/06/2019,2180,FALSE,290,GTX 1080,Top,GF10,8,60,2016,599,10,N,Adventure,N
1068820,OVR Toolkit - Desktop Overlay,28/06/2019,2180,FALSE,290,GTX 1080,Top,GF10,8,60,2016,599,10,N,Simulation,N
1068820,OVR Toolkit - Desktop Overlay,28/06/2019,2180,FALSE,290,GTX 1080,Top,GF10,8,60,2016,599,10,N,RPG,N
1068820,OVR Toolkit - Desktop Overlay,28/06/2019,2180,FALSE,290,GTX 1080,Top,GF10,8,60,2016,599,10,N,Strategy,N
1068820,OVR Toolkit - Desktop Overlay,28/06/2019,2180,FALSE,290,GTX 1080,Top,GF10,8,60,2016,599,10,N,Free To Play,N
444090,Paladins,08/05/2018,1028,FALSE,477,RX 560,Lower,R500,4,10,2017,99,10,N,Action,Y
444090,Paladins,08/05/2018,1028,FALSE,477,RX 560,Lower,R500,4,10,2017,99,10,N,Indie,N
444090,Paladins,08/05/2018,1028,FALSE,477,RX 560,Lower,R500,4,10,2017,99,10,N,Adventure,Y
444090,Paladins,08/05/2018,1028,FALSE,477,RX 560,Lower,R500,4,10,2017,99,10,N,Simulation,N
444090,Paladins,08/05/2018,1028,FALSE,477,RX 560,Lower,R500,4,10,2017,99,10,N,RPG,N
444090,Paladins,08/05/2018,1028,FALSE,477,RX 560,Lower,R500,4,10,2017,99,10,N,Strategy,Y
444090,Paladins,08/05/2018,1028,FALSE,477,RX 560,Lower,R500,4,10,2017,99,10,N,Free To Play,Y
2334730,Stray,14/11/2023,499,TRUE,769,RX 560,Lower,R500,4,10,2017,99,10,N,Action,Y
2334730,Stray,14/11/2023,499,TRUE,769,RX 560,Lower,R500,4,10,2017,99,10,N,Indie,Y
2334730,Stray,14/11/2023,499,TRUE,769,RX 560,Lower,R500,4,10,2017,99,10,N,Adventure,N
2334730,Stray,14/11/2023,499,TRUE,769,RX 560,Lower,R500,4,10,2017,99,10,N,Simulation,N
2334730,Stray,14/11/2023,499,TRUE,769,RX 560,Lower,R500,4,10,2017,99,10,N,RPG,Y
2334730,Stray,14/11/2023,499,TRUE,769,RX 560,Lower,R500,4,10,2017,99,10,N,Strategy,N
2334730,Stray,14/11/2023,499,TRUE,769,RX 560,Lower,R500,4,10,2017,99,10,N,Free To Play,N
582160,Assassin's Creed Origins,26/10/2017,1604,FALSE,350,GTX 1050,Lower,GF10,2,15,2016,139,10,N,Action,Y
582160,Assassin's Creed Origins,26/10/2017,1604,FALSE,350,GTX 1050,Lower,GF10,2,15,2016,139,10,N,Indie,N
582160,Assassin's Creed Origins,26/10/2017,1604,FALSE,350,GTX 1050,Lower,GF10,2,15,2016,139,10,N,Adventure,Y
582160,Assassin's Creed Origins,26/10/2017,1604,FALSE,350,GTX 1050,Lower,GF10,2,15,2016,139,10,N,Simulation,N
582160,Assassin's Creed Origins,26/10/2017,1604,FALSE,350,GTX 1050,Lower,GF10,2,15,2016,139,10,N,RPG,Y
582160,Assassin's Creed Origins,26/10/2017,1604,FALSE,350,GTX 1050,Lower,GF10,2,15,2016,139,10,N,Strategy,N
582160,Assassin's Creed Origins,26/10/2017,1604,FALSE,350,GTX 1050,Lower,GF10,2,15,2016,139,10,N,Free To Play,N
333420,OpenTTD,20/09/2016,446,FALSE,821,GTX 1050,Lower,GF10,2,15,2016,139,10,N,Action,Y
333420,OpenTTD,20/09/2016,446,FALSE,821,GTX 1050,Lower,GF10,2,15,2016,139,10,N,Indie,N
333420,OpenTTD,20/09/2016,446,FALSE,821,GTX 1050,Lower,GF10,2,15,2016,139,10,N,Adventure,Y
333420,OpenTTD,20/09/2016,446,FALSE,821,GTX 1050,Lower,GF10,2,15,2016,139,10,N,Simulation,N
333420,OpenTTD,20/09/2016,446,FALSE,821,GTX 1050,Lower,GF10,2,15,2016,139,10,N,RPG,N
333420,OpenTTD,20/09/2016,446,FALSE,821,GTX 1050,Lower,GF10,2,15,2016,139,10,N,Strategy,Y
333420,OpenTTD,20/09/2016,446,FALSE,821,GTX 1050,Lower,GF10,2,15,2016,139,10,N,Free To Play,N
1313140,Cult of the Lamb,11/08/2022,1535,TRUE,366,GTX 1050,Lower,GF10,2,15,2016,139,10,N,Action,Y
1313140,Cult of the Lamb,11/08/2022,1535,TRUE,366,GTX 1050,Lower,GF10,2,15,2016,139,10,N,Indie,Y
1313140,Cult of the Lamb,11/08/2022,1535,TRUE,366,GTX 1050,Lower,GF10,2,15,2016,139,10,N,Adventure,Y
1313140,Cult of the Lamb,11/08/2022,1535,TRUE,366,GTX 1050,Lower,GF10,2,15,2016,139,10,N,Simulation,N
1313140,Cult of the Lamb,11/08/2022,1535,TRUE,366,GTX 1050,Lower,GF10,2,15,2016,139,10,N,RPG,N
1313140,Cult of the Lamb,11/08/2022,1535,TRUE,366,GTX 1050,Lower,GF10,2,15,2016,139,10,N,Strategy,Y
1313140,Cult of the Lamb,11/08/2022,1535,TRUE,366,GTX 1050,Lower,GF10,2,15,2016,139,10,N,Free To Play,N
3014080,The Hundred Line -Last Defense Academy-,23/04/2025,1518,FALSE,369,GTX 1050,Lower,GF10,2,15,2016,139,10,N,Action,N
3014080,The Hundred Line -Last Defense Academy-,23/04/2025,1518,FALSE,369,GTX 1050,Lower,GF10,2,15,2016,139,10,N,Indie,N
3014080,The Hundred Line -Last Defense Academy-,23/04/2025,1518,FALSE,369,GTX 1050,Lower,GF10,2,15,2016,139,10,N,Adventure,Y
3014080,The Hundred Line -Last Defense Academy-,23/04/2025,1518,FALSE,369,GTX 1050,Lower,GF10,2,15,2016,139,10,N,Simulation,Y
3014080,The Hundred Line -Last Defense Academy-,23/04/2025,1518,FALSE,369,GTX 1050,Lower,GF10,2,15,2016,139,10,N,RPG,N
3014080,The Hundred Line -Last Defense Academy-,23/04/2025,1518,FALSE,369,GTX 1050,Lower,GF10,2,15,2016,139,10,N,Strategy,N
3014080,The Hundred Line -Last Defense Academy-,23/04/2025,1518,FALSE,369,GTX 1050,Lower,GF10,2,15,2016,139,10,N,Free To Play,N
678950,GoreBox,26/01/2018,511,FALSE,754,RX 560,Lower,R500,4,10,2017,99,10,N,Action,Y
678950,GoreBox,26/01/2018,511,FALSE,754,RX 560,Lower,R500,4,10,2017,99,10,N,Indie,N
678950,GoreBox,26/01/2018,511,FALSE,754,RX 560,Lower,R500,4,10,2017,99,10,N,Adventure,N
678950,GoreBox,26/01/2018,511,FALSE,754,RX 560,Lower,R500,4,10,2017,99,10,N,Simulation,N
678950,GoreBox,26/01/2018,511,FALSE,754,RX 560,Lower,R500,4,10,2017,99,10,N,RPG,N
678950,GoreBox,26/01/2018,511,FALSE,754,RX 560,Lower,R500,4,10,2017,99,10,N,Strategy,N
678950,GoreBox,26/01/2018,511,FALSE,754,RX 560,Lower,R500,4,10,2017,99,10,N,Free To Play,N
2904000,The Spell Brigade,16/09/2024,3580,FALSE,202,GTX 1050,Lower,GF10,2,15,2016,139,10,N,Action,Y
2904000,The Spell Brigade,16/09/2024,3580,FALSE,202,GTX 1050,Lower,GF10,2,15,2016,139,10,N,Indie,Y
2904000,The Spell Brigade,16/09/2024,3580,FALSE,202,GTX 1050,Lower,GF10,2,15,2016,139,10,N,Adventure,N
2904000,The Spell Brigade,16/09/2024,3580,FALSE,202,GTX 1050,Lower,GF10,2,15,2016,139,10,N,Simulation,N
2904000,The Spell Brigade,16/09/2024,3580,FALSE,202,GTX 1050,Lower,GF10,2,15,2016,139,10,N,RPG,N
2904000,The Spell Brigade,16/09/2024,3580,FALSE,202,GTX 1050,Lower,GF10,2,15,2016,139,10,N,Strategy,N
2904000,The Spell Brigade,16/09/2024,3580,FALSE,202,GTX 1050,Lower,GF10,2,15,2016,139,10,N,Free To Play,Y
2918150,ONE PIECE Bounty Rush,23/09/2024,1469,FALSE,379,GTX 1050,Lower,GF10,2,15,2016,139,10,N,Action,Y
2918150,ONE PIECE Bounty Rush,23/09/2024,1469,FALSE,379,GTX 1050,Lower,GF10,2,15,2016,139,10,N,Indie,N
2918150,ONE PIECE Bounty Rush,23/09/2024,1469,FALSE,379,GTX 1050,Lower,GF10,2,15,2016,139,10,N,Adventure,N
2918150,ONE PIECE Bounty Rush,23/09/2024,1469,FALSE,379,GTX 1050,Lower,GF10,2,15,2016,139,10,N,Simulation,N
2918150,ONE PIECE Bounty Rush,23/09/2024,1469,FALSE,379,GTX 1050,Lower,GF10,2,15,2016,139,10,N,RPG,N
2918150,ONE PIECE Bounty Rush,23/09/2024,1469,FALSE,379,GTX 1050,Lower,GF10,2,15,2016,139,10,N,Strategy,N
2918150,ONE PIECE Bounty Rush,23/09/2024,1469,FALSE,379,GTX 1050,Lower,GF10,2,15,2016,139,10,N,Free To Play,Y
1296830,Resident Evil 6,18/01/2022,516,FALSE,748,GTX 1050,Lower,GF10,2,15,2016,139,10,N,Action,Y
1296830,Resident Evil 6,18/01/2022,516,FALSE,748,GTX 1050,Lower,GF10,2,15,2016,139,10,N,Indie,Y
1296830,Resident Evil 6,18/01/2022,516,FALSE,748,GTX 1050,Lower,GF10,2,15,2016,139,10,N,Adventure,Y
1296830,Resident Evil 6,18/01/2022,516,FALSE,748,GTX 1050,Lower,GF10,2,15,2016,139,10,N,Simulation,N
1296830,Resident Evil 6,18/01/2022,516,FALSE,748,GTX 1050,Lower,GF10,2,15,2016,139,10,N,RPG,Y
1296830,Resident Evil 6,18/01/2022,516,FALSE,748,GTX 1050,Lower,GF10,2,15,2016,139,10,N,Strategy,N
1296830,Resident Evil 6,18/01/2022,516,FALSE,748,GTX 1050,Lower,GF10,2,15,2016,139,10,N,Free To Play,N
1105670,STAR WARS Knights of the Old Republic,09/03/2023,424,FALSE,853,RX 560,Lower,R500,4,10,2017,99,10,N,Action,Y
1105670,STAR WARS Knights of the Old Republic,09/03/2023,424,FALSE,853,RX 560,Lower,R500,4,10,2017,99,10,N,Indie,Y
1105670,STAR WARS Knights of the Old Republic,09/03/2023,424,FALSE,853,RX 560,Lower,R500,4,10,2017,99,10,N,Adventure,N
1105670,STAR WARS Knights of the Old Republic,09/03/2023,424,FALSE,853,RX 560,Lower,R500,4,10,2017,99,10,N,Simulation,N
1105670,STAR WARS Knights of the Old Republic,09/03/2023,424,FALSE,853,RX 560,Lower,R500,4,10,2017,99,10,N,RPG,Y
1105670,STAR WARS Knights of the Old Republic,09/03/2023,424,FALSE,853,RX 560,Lower,R500,4,10,2017,99,10,N,Strategy,Y
1105670,STAR WARS Knights of the Old Republic,09/03/2023,424,FALSE,853,RX 560,Lower,R500,4,10,2017,99,10,N,Free To Play,N
244850,Space Engineers,28/02/2019,4201,FALSE,182,GTX 1050,Lower,GF10,2,15,2016,139,10,N,Action,Y
244850,Space Engineers,28/02/2019,4201,FALSE,182,GTX 1050,Lower,GF10,2,15,2016,139,10,N,Indie,Y
244850,Space Engineers,28/02/2019,4201,FALSE,182,GTX 1050,Lower,GF10,2,15,2016,139,10,N,Adventure,N
244850,Space Engineers,28/02/2019,4201,FALSE,182,GTX 1050,Lower,GF10,2,15,2016,139,10,N,Simulation,Y
244850,Space Engineers,28/02/2019,4201,FALSE,182,GTX 1050,Lower,GF10,2,15,2016,139,10,N,RPG,N
244850,Space Engineers,28/02/2019,4201,FALSE,182,GTX 1050,Lower,GF10,2,15,2016,139,10,N,Strategy,Y
244850,Space Engineers,28/02/2019,4201,FALSE,182,GTX 1050,Lower,GF10,2,15,2016,139,10,N,Free To Play,N
2780980,Dead Island Definitive Edition,18/11/2025,411,FALSE,867,GTX 1050,Lower,GF10,2,15,2016,139,10,N,Action,Y
2780980,Dead Island Definitive Edition,18/11/2025,411,FALSE,867,GTX 1050,Lower,GF10,2,15,2016,139,10,N,Indie,Y
2780980,Dead Island Definitive Edition,18/11/2025,411,FALSE,867,GTX 1050,Lower,GF10,2,15,2016,139,10,N,Adventure,N
2780980,Dead Island Definitive Edition,18/11/2025,411,FALSE,867,GTX 1050,Lower,GF10,2,15,2016,139,10,N,Simulation,N
2780980,Dead Island Definitive Edition,18/11/2025,411,FALSE,867,GTX 1050,Lower,GF10,2,15,2016,139,10,N,RPG,N
2780980,Dead Island Definitive Edition,18/11/2025,411,FALSE,867,GTX 1050,Lower,GF10,2,15,2016,139,10,N,Strategy,Y
2780980,Dead Island Definitive Edition,18/11/2025,411,FALSE,867,GTX 1050,Lower,GF10,2,15,2016,139,10,N,Free To Play,N
1201240,BLEACH Brave Souls,17/08/2020,1349,FALSE,406,RX 560,Lower,R500,4,10,2017,99,10,N,Action,Y
1201240,BLEACH Brave Souls,17/08/2020,1349,FALSE,406,RX 560,Lower,R500,4,10,2017,99,10,N,Indie,N
1201240,BLEACH Brave Souls,17/08/2020,1349,FALSE,406,RX 560,Lower,R500,4,10,2017,99,10,N,Adventure,N
1201240,BLEACH Brave Souls,17/08/2020,1349,FALSE,406,RX 560,Lower,R500,4,10,2017,99,10,N,Simulation,N
1201240,BLEACH Brave Souls,17/08/2020,1349,FALSE,406,RX 560,Lower,R500,4,10,2017,99,10,N,RPG,Y
1201240,BLEACH Brave Souls,17/08/2020,1349,FALSE,406,RX 560,Lower,R500,4,10,2017,99,10,N,Strategy,N
1201240,BLEACH Brave Souls,17/08/2020,1349,FALSE,406,RX 560,Lower,R500,4,10,2017,99,10,N,Free To Play,Y
648800,Raft,20/06/2022,4701,FALSE,165,GTX 1050,Lower,GF10,2,15,2016,139,10,N,Action,N
648800,Raft,20/06/2022,4701,FALSE,165,GTX 1050,Lower,GF10,2,15,2016,139,10,N,Indie,Y
648800,Raft,20/06/2022,4701,FALSE,165,GTX 1050,Lower,GF10,2,15,2016,139,10,N,Adventure,Y
648800,Raft,20/06/2022,4701,FALSE,165,GTX 1050,Lower,GF10,2,15,2016,139,10,N,Simulation,Y
648800,Raft,20/06/2022,4701,FALSE,165,GTX 1050,Lower,GF10,2,15,2016,139,10,N,RPG,N
648800,Raft,20/06/2022,4701,FALSE,165,GTX 1050,Lower,GF10,2,15,2016,139,10,N,Strategy,N
648800,Raft,20/06/2022,4701,FALSE,165,GTX 1050,Lower,GF10,2,15,2016,139,10,N,Free To Play,N
367520,Hollow Knight,24/02/2017,4912,TRUE,161,GTX 1050,Lower,GF10,2,15,2016,139,10,N,Action,Y
367520,Hollow Knight,24/02/2017,4912,TRUE,161,GTX 1050,Lower,GF10,2,15,2016,139,10,N,Indie,Y
367520,Hollow Knight,24/02/2017,4912,TRUE,161,GTX 1050,Lower,GF10,2,15,2016,139,10,N,Adventure,Y
367520,Hollow Knight,24/02/2017,4912,TRUE,161,GTX 1050,Lower,GF10,2,15,2016,139,10,N,Simulation,N
367520,Hollow Knight,24/02/2017,4912,TRUE,161,GTX 1050,Lower,GF10,2,15,2016,139,10,N,RPG,N
367520,Hollow Knight,24/02/2017,4912,TRUE,161,GTX 1050,Lower,GF10,2,15,2016,139,10,N,Strategy,N
367520,Hollow Knight,24/02/2017,4912,TRUE,161,GTX 1050,Lower,GF10,2,15,2016,139,10,N,Free To Play,N
1687950,Persona 5 Royal,20/10/2022,4994,FALSE,158,GTX 1050,Lower,GF10,2,15,2016,139,10,N,Action,N
1687950,Persona 5 Royal,20/10/2022,4994,FALSE,158,GTX 1050,Lower,GF10,2,15,2016,139,10,N,Indie,N
1687950,Persona 5 Royal,20/10/2022,4994,FALSE,158,GTX 1050,Lower,GF10,2,15,2016,139,10,N,Adventure,N
1687950,Persona 5 Royal,20/10/2022,4994,FALSE,158,GTX 1050,Lower,GF10,2,15,2016,139,10,N,Simulation,N
1687950,Persona 5 Royal,20/10/2022,4994,FALSE,158,GTX 1050,Lower,GF10,2,15,2016,139,10,N,RPG,Y
1687950,Persona 5 Royal,20/10/2022,4994,FALSE,158,GTX 1050,Lower,GF10,2,15,2016,139,10,N,Strategy,N
1687950,Persona 5 Royal,20/10/2022,4994,FALSE,158,GTX 1050,Lower,GF10,2,15,2016,139,10,N,Free To Play,N
1458140,Cry of Fear,21/02/2024,406,FALSE,872,RTX 2080,Top,GF20,8,75,2018,699,10,N,Action,Y
1458140,Cry of Fear,21/02/2024,406,FALSE,872,RTX 2080,Top,GF20,8,75,2018,699,10,N,Indie,Y
1458140,Cry of Fear,21/02/2024,406,FALSE,872,RTX 2080,Top,GF20,8,75,2018,699,10,N,Adventure,Y
1458140,Cry of Fear,21/02/2024,406,FALSE,872,RTX 2080,Top,GF20,8,75,2018,699,10,N,Simulation,Y
1458140,Cry of Fear,21/02/2024,406,FALSE,872,RTX 2080,Top,GF20,8,75,2018,699,10,N,RPG,N
1458140,Cry of Fear,21/02/2024,406,FALSE,872,RTX 2080,Top,GF20,8,75,2018,699,10,N,Strategy,N
1458140,Cry of Fear,21/02/2024,406,FALSE,872,RTX 2080,Top,GF20,8,75,2018,699,10,N,Free To Play,N
570940,DARK SOULS: REMASTERED,23/05/2018,2879,FALSE,235,RX 560,Lower,R500,4,10,2017,99,10,N,Action,Y
570940,DARK SOULS: REMASTERED,23/05/2018,2879,FALSE,235,RX 560,Lower,R500,4,10,2017,99,10,N,Indie,N
570940,DARK SOULS: REMASTERED,23/05/2018,2879,FALSE,235,RX 560,Lower,R500,4,10,2017,99,10,N,Adventure,N
570940,DARK SOULS: REMASTERED,23/05/2018,2879,FALSE,235,RX 560,Lower,R500,4,10,2017,99,10,N,Simulation,N
570940,DARK SOULS: REMASTERED,23/05/2018,2879,FALSE,235,RX 560,Lower,R500,4,10,2017,99,10,N,RPG,N
570940,DARK SOULS: REMASTERED,23/05/2018,2879,FALSE,235,RX 560,Lower,R500,4,10,2017,99,10,N,Strategy,N
570940,DARK SOULS: REMASTERED,23/05/2018,2879,FALSE,235,RX 560,Lower,R500,4,10,2017,99,10,N,Free To Play,N
1092790,Inscryption,19/10/2021,1301,TRUE,417,GTX 1050,Lower,GF10,2,15,2016,139,10,N,Action,N
1092790,Inscryption,19/10/2021,1301,TRUE,417,GTX 1050,Lower,GF10,2,15,2016,139,10,N,Indie,Y
1092790,Inscryption,19/10/2021,1301,TRUE,417,GTX 1050,Lower,GF10,2,15,2016,139,10,N,Adventure,Y
1092790,Inscryption,19/10/2021,1301,TRUE,417,GTX 1050,Lower,GF10,2,15,2016,139,10,N,Simulation,N
1092790,Inscryption,19/10/2021,1301,TRUE,417,GTX 1050,Lower,GF10,2,15,2016,139,10,N,RPG,N
1092790,Inscryption,19/10/2021,1301,TRUE,417,GTX 1050,Lower,GF10,2,15,2016,139,10,N,Strategy,Y
1092790,Inscryption,19/10/2021,1301,TRUE,417,GTX 1050,Lower,GF10,2,15,2016,139,10,N,Free To Play,N
1527950,Wartales,12/04/2023,1632,FALSE,344,GTX 1080,Top,GF10,8,60,2016,599,10,N,Action,N
1527950,Wartales,12/04/2023,1632,FALSE,344,GTX 1080,Top,GF10,8,60,2016,599,10,N,Indie,Y
1527950,Wartales,12/04/2023,1632,FALSE,344,GTX 1080,Top,GF10,8,60,2016,599,10,N,Adventure,Y
1527950,Wartales,12/04/2023,1632,FALSE,344,GTX 1080,Top,GF10,8,60,2016,599,10,N,Simulation,N
1527950,Wartales,12/04/2023,1632,FALSE,344,GTX 1080,Top,GF10,8,60,2016,599,10,N,RPG,Y
1527950,Wartales,12/04/2023,1632,FALSE,344,GTX 1080,Top,GF10,8,60,2016,599,10,N,Strategy,Y
1527950,Wartales,12/04/2023,1632,FALSE,344,GTX 1080,Top,GF10,8,60,2016,599,10,N,Free To Play,N
2124120,Undawn,28/10/2024,451,FALSE,815,GTX 1080,Top,GF10,8,60,2016,599,10,N,Action,Y
2124120,Undawn,28/10/2024,451,FALSE,815,GTX 1080,Top,GF10,8,60,2016,599,10,N,Indie,Y
2124120,Undawn,28/10/2024,451,FALSE,815,GTX 1080,Top,GF10,8,60,2016,599,10,N,Adventure,Y
2124120,Undawn,28/10/2024,451,FALSE,815,GTX 1080,Top,GF10,8,60,2016,599,10,N,Simulation,Y
2124120,Undawn,28/10/2024,451,FALSE,815,GTX 1080,Top,GF10,8,60,2016,599,10,N,RPG,Y
2124120,Undawn,28/10/2024,451,FALSE,815,GTX 1080,Top,GF10,8,60,2016,599,10,N,Strategy,N
2124120,Undawn,28/10/2024,451,FALSE,815,GTX 1080,Top,GF10,8,60,2016,599,10,N,Free To Play,N
518790,theHunter: Call of the Wild,16/02/2017,2207,FALSE,287,GTX 1050,Lower,GF10,2,15,2016,139,10,N,Action,N
518790,theHunter: Call of the Wild,16/02/2017,2207,FALSE,287,GTX 1050,Lower,GF10,2,15,2016,139,10,N,Indie,N
518790,theHunter: Call of the Wild,16/02/2017,2207,FALSE,287,GTX 1050,Lower,GF10,2,15,2016,139,10,N,Adventure,Y
518790,theHunter: Call of the Wild,16/02/2017,2207,FALSE,287,GTX 1050,Lower,GF10,2,15,2016,139,10,N,Simulation,Y
518790,theHunter: Call of the Wild,16/02/2017,2207,FALSE,287,GTX 1050,Lower,GF10,2,15,2016,139,10,N,RPG,N
518790,theHunter: Call of the Wild,16/02/2017,2207,FALSE,287,GTX 1050,Lower,GF10,2,15,2016,139,10,N,Strategy,N
518790,theHunter: Call of the Wild,16/02/2017,2207,FALSE,287,GTX 1050,Lower,GF10,2,15,2016,139,10,N,Free To Play,N
1145360,Hades,17/09/2020,2253,TRUE,283,GTX 1050,Lower,GF10,2,15,2016,139,10,N,Action,Y
1145360,Hades,17/09/2020,2253,TRUE,283,GTX 1050,Lower,GF10,2,15,2016,139,10,N,Indie,Y
1145360,Hades,17/09/2020,2253,TRUE,283,GTX 1050,Lower,GF10,2,15,2016,139,10,N,Adventure,N
1145360,Hades,17/09/2020,2253,TRUE,283,GTX 1050,Lower,GF10,2,15,2016,139,10,N,Simulation,N
1145360,Hades,17/09/2020,2253,TRUE,283,GTX 1050,Lower,GF10,2,15,2016,139,10,N,RPG,Y
1145360,Hades,17/09/2020,2253,TRUE,283,GTX 1050,Lower,GF10,2,15,2016,139,10,N,Strategy,N
1145360,Hades,17/09/2020,2253,TRUE,283,GTX 1050,Lower,GF10,2,15,2016,139,10,N,Free To Play,N
3238670,Old World,30/04/2025,476,FALSE,796,RTX 2080,Top,GF20,8,75,2018,699,10,N,Action,Y
3238670,Old World,30/04/2025,476,FALSE,796,RTX 2080,Top,GF20,8,75,2018,699,10,N,Indie,Y
3238670,Old World,30/04/2025,476,FALSE,796,RTX 2080,Top,GF20,8,75,2018,699,10,N,Adventure,N
3238670,Old World,30/04/2025,476,FALSE,796,RTX 2080,Top,GF20,8,75,2018,699,10,N,Simulation,N
3238670,Old World,30/04/2025,476,FALSE,796,RTX 2080,Top,GF20,8,75,2018,699,10,N,RPG,Y
3238670,Old World,30/04/2025,476,FALSE,796,RTX 2080,Top,GF20,8,75,2018,699,10,N,Strategy,N
3238670,Old World,30/04/2025,476,FALSE,796,RTX 2080,Top,GF20,8,75,2018,699,10,N,Free To Play,N
242920,Conquest Dark,18/02/2014,477,FALSE,795,RTX 2080,Top,GF20,8,75,2018,699,10,N,Action,N
242920,Conquest Dark,18/02/2014,477,FALSE,795,RTX 2080,Top,GF20,8,75,2018,699,10,N,Indie,Y
242920,Conquest Dark,18/02/2014,477,FALSE,795,RTX 2080,Top,GF20,8,75,2018,699,10,N,Adventure,N
242920,Conquest Dark,18/02/2014,477,FALSE,795,RTX 2080,Top,GF20,8,75,2018,699,10,N,Simulation,Y
242920,Conquest Dark,18/02/2014,477,FALSE,795,RTX 2080,Top,GF20,8,75,2018,699,10,N,RPG,N
242920,Conquest Dark,18/02/2014,477,FALSE,795,RTX 2080,Top,GF20,8,75,2018,699,10,N,Strategy,Y
242920,Conquest Dark,18/02/2014,477,FALSE,795,RTX 2080,Top,GF20,8,75,2018,699,10,N,Free To Play,N
2436940,Sephiria,03/04/2025,2268,TRUE,280,GTX 1050,Lower,GF10,2,15,2016,139,10,N,Action,Y
2436940,Sephiria,03/04/2025,2268,TRUE,280,GTX 1050,Lower,GF10,2,15,2016,139,10,N,Indie,N
2436940,Sephiria,03/04/2025,2268,TRUE,280,GTX 1050,Lower,GF10,2,15,2016,139,10,N,Adventure,N
2436940,Sephiria,03/04/2025,2268,TRUE,280,GTX 1050,Lower,GF10,2,15,2016,139,10,N,Simulation,N
2436940,Sephiria,03/04/2025,2268,TRUE,280,GTX 1050,Lower,GF10,2,15,2016,139,10,N,RPG,N
2436940,Sephiria,03/04/2025,2268,TRUE,280,GTX 1050,Lower,GF10,2,15,2016,139,10,N,Strategy,N
2436940,Sephiria,03/04/2025,2268,TRUE,280,GTX 1050,Lower,GF10,2,15,2016,139,10,N,Free To Play,N
1608450,Hellslave,26/05/2022,2313,FALSE,277,GTX 1050,Lower,GF10,2,15,2016,139,10,N,Action,N
1608450,Hellslave,26/05/2022,2313,FALSE,277,GTX 1050,Lower,GF10,2,15,2016,139,10,N,Indie,Y
1608450,Hellslave,26/05/2022,2313,FALSE,277,GTX 1050,Lower,GF10,2,15,2016,139,10,N,Adventure,Y
1608450,Hellslave,26/05/2022,2313,FALSE,277,GTX 1050,Lower,GF10,2,15,2016,139,10,N,Simulation,N
1608450,Hellslave,26/05/2022,2313,FALSE,277,GTX 1050,Lower,GF10,2,15,2016,139,10,N,RPG,Y
1608450,Hellslave,26/05/2022,2313,FALSE,277,GTX 1050,Lower,GF10,2,15,2016,139,10,N,Strategy,Y
1608450,Hellslave,26/05/2022,2313,FALSE,277,GTX 1050,Lower,GF10,2,15,2016,139,10,N,Free To Play,N
1167630,Teardown,21/04/2022,1984,FALSE,306,GTX 1080,Top,GF10,8,60,2016,599,10,N,Action,Y
1167630,Teardown,21/04/2022,1984,FALSE,306,GTX 1080,Top,GF10,8,60,2016,599,10,N,Indie,Y
1167630,Teardown,21/04/2022,1984,FALSE,306,GTX 1080,Top,GF10,8,60,2016,599,10,N,Adventure,N
1167630,Teardown,21/04/2022,1984,FALSE,306,GTX 1080,Top,GF10,8,60,2016,599,10,N,Simulation,Y
1167630,Teardown,21/04/2022,1984,FALSE,306,GTX 1080,Top,GF10,8,60,2016,599,10,N,RPG,N
1167630,Teardown,21/04/2022,1984,FALSE,306,GTX 1080,Top,GF10,8,60,2016,599,10,N,Strategy,Y
1167630,Teardown,21/04/2022,1984,FALSE,306,GTX 1080,Top,GF10,8,60,2016,599,10,N,Free To Play,N
602960,Barotrauma,13/03/2023,2371,TRUE,273,GTX 1050,Lower,GF10,2,15,2016,139,10,N,Action,Y
602960,Barotrauma,13/03/2023,2371,TRUE,273,GTX 1050,Lower,GF10,2,15,2016,139,10,N,Indie,Y
602960,Barotrauma,13/03/2023,2371,TRUE,273,GTX 1050,Lower,GF10,2,15,2016,139,10,N,Adventure,N
602960,Barotrauma,13/03/2023,2371,TRUE,273,GTX 1050,Lower,GF10,2,15,2016,139,10,N,Simulation,Y
602960,Barotrauma,13/03/2023,2371,TRUE,273,GTX 1050,Lower,GF10,2,15,2016,139,10,N,RPG,N
602960,Barotrauma,13/03/2023,2371,TRUE,273,GTX 1050,Lower,GF10,2,15,2016,139,10,N,Strategy,Y
602960,Barotrauma,13/03/2023,2371,TRUE,273,GTX 1050,Lower,GF10,2,15,2016,139,10,N,Free To Play,N
2292800,Victoria II,15/05/2025,490,TRUE,780,GTX 1050,Lower,GF10,2,15,2016,139,10,N,Action,N
2292800,Victoria II,15/05/2025,490,TRUE,780,GTX 1050,Lower,GF10,2,15,2016,139,10,N,Indie,N
2292800,Victoria II,15/05/2025,490,TRUE,780,GTX 1050,Lower,GF10,2,15,2016,139,10,N,Adventure,N
2292800,Victoria II,15/05/2025,490,TRUE,780,GTX 1050,Lower,GF10,2,15,2016,139,10,N,Simulation,Y
2292800,Victoria II,15/05/2025,490,TRUE,780,GTX 1050,Lower,GF10,2,15,2016,139,10,N,RPG,N
2292800,Victoria II,15/05/2025,490,TRUE,780,GTX 1050,Lower,GF10,2,15,2016,139,10,N,Strategy,Y
2292800,Victoria II,15/05/2025,490,TRUE,780,GTX 1050,Lower,GF10,2,15,2016,139,10,N,Free To Play,N
3218710,Everlusting Life,08/05/2025,1838,TRUE,316,GTX 1050,Lower,GF10,2,15,2016,139,10,N,Action,Y
3218710,Everlusting Life,08/05/2025,1838,TRUE,316,GTX 1050,Lower,GF10,2,15,2016,139,10,N,Indie,N
3218710,Everlusting Life,08/05/2025,1838,TRUE,316,GTX 1050,Lower,GF10,2,15,2016,139,10,N,Adventure,Y
3218710,Everlusting Life,08/05/2025,1838,TRUE,316,GTX 1050,Lower,GF10,2,15,2016,139,10,N,Simulation,N
3218710,Everlusting Life,08/05/2025,1838,TRUE,316,GTX 1050,Lower,GF10,2,15,2016,139,10,N,RPG,Y
3218710,Everlusting Life,08/05/2025,1838,TRUE,316,GTX 1050,Lower,GF10,2,15,2016,139,10,N,Strategy,Y
3218710,Everlusting Life,08/05/2025,1838,TRUE,316,GTX 1050,Lower,GF10,2,15,2016,139,10,N,Free To Play,Y
1384160,GUILTY GEAR -STRIVE-,11/06/2021,2463,FALSE,265,RX 560,Lower,R500,4,10,2017,99,10,N,Action,Y
1384160,GUILTY GEAR -STRIVE-,11/06/2021,2463,FALSE,265,RX 560,Lower,R500,4,10,2017,99,10,N,Indie,N
1384160,GUILTY GEAR -STRIVE-,11/06/2021,2463,FALSE,265,RX 560,Lower,R500,4,10,2017,99,10,N,Adventure,N
1384160,GUILTY GEAR -STRIVE-,11/06/2021,2463,FALSE,265,RX 560,Lower,R500,4,10,2017,99,10,N,Simulation,N
1384160,GUILTY GEAR -STRIVE-,11/06/2021,2463,FALSE,265,RX 560,Lower,R500,4,10,2017,99,10,N,RPG,N
1384160,GUILTY GEAR -STRIVE-,11/06/2021,2463,FALSE,265,RX 560,Lower,R500,4,10,2017,99,10,N,Strategy,N
1384160,GUILTY GEAR -STRIVE-,11/06/2021,2463,FALSE,265,RX 560,Lower,R500,4,10,2017,99,10,N,Free To Play,N
1290000,PowerWash Simulator,14/07/2022,2547,FALSE,257,GTX 1050,Lower,GF10,2,15,2016,139,10,N,Action,N
1290000,PowerWash Simulator,14/07/2022,2547,FALSE,257,GTX 1050,Lower,GF10,2,15,2016,139,10,N,Indie,Y
1290000,PowerWash Simulator,14/07/2022,2547,FALSE,257,GTX 1050,Lower,GF10,2,15,2016,139,10,N,Adventure,N
1290000,PowerWash Simulator,14/07/2022,2547,FALSE,257,GTX 1050,Lower,GF10,2,15,2016,139,10,N,Simulation,Y
1290000,PowerWash Simulator,14/07/2022,2547,FALSE,257,GTX 1050,Lower,GF10,2,15,2016,139,10,N,RPG,N
1290000,PowerWash Simulator,14/07/2022,2547,FALSE,257,GTX 1050,Lower,GF10,2,15,2016,139,10,N,Strategy,N
1290000,PowerWash Simulator,14/07/2022,2547,FALSE,257,GTX 1050,Lower,GF10,2,15,2016,139,10,N,Free To Play,N
2051620,Enlisted,16/07/2024,2569,FALSE,255,GTX 1080,Top,GF10,8,60,2016,599,10,N,Action,Y
2051620,Enlisted,16/07/2024,2569,FALSE,255,GTX 1080,Top,GF10,8,60,2016,599,10,N,Indie,N
2051620,Enlisted,16/07/2024,2569,FALSE,255,GTX 1080,Top,GF10,8,60,2016,599,10,N,Adventure,N
2051620,Enlisted,16/07/2024,2569,FALSE,255,GTX 1080,Top,GF10,8,60,2016,599,10,N,Simulation,N
2051620,Enlisted,16/07/2024,2569,FALSE,255,GTX 1080,Top,GF10,8,60,2016,599,10,N,RPG,N
2051620,Enlisted,16/07/2024,2569,FALSE,255,GTX 1080,Top,GF10,8,60,2016,599,10,N,Strategy,N
2051620,Enlisted,16/07/2024,2569,FALSE,255,GTX 1080,Top,GF10,8,60,2016,599,10,N,Free To Play,Y
669330,Mechabellum,26/09/2024,1748,FALSE,329,RTX 2080,Top,GF20,8,75,2018,699,10,N,Action,Y
669330,Mechabellum,26/09/2024,1748,FALSE,329,RTX 2080,Top,GF20,8,75,2018,699,10,N,Indie,Y
669330,Mechabellum,26/09/2024,1748,FALSE,329,RTX 2080,Top,GF20,8,75,2018,699,10,N,Adventure,N
669330,Mechabellum,26/09/2024,1748,FALSE,329,RTX 2080,Top,GF20,8,75,2018,699,10,N,Simulation,Y
669330,Mechabellum,26/09/2024,1748,FALSE,329,RTX 2080,Top,GF20,8,75,2018,699,10,N,RPG,N
669330,Mechabellum,26/09/2024,1748,FALSE,329,RTX 2080,Top,GF20,8,75,2018,699,10,N,Strategy,Y
669330,Mechabellum,26/09/2024,1748,FALSE,329,RTX 2080,Top,GF20,8,75,2018,699,10,N,Free To Play,N
784150,Workers & Resources: Soviet Republic,20/06/2024,2590,FALSE,252,GTX 1050,Lower,GF10,2,15,2016,139,10,N,Action,N
784150,Workers & Resources: Soviet Republic,20/06/2024,2590,FALSE,252,GTX 1050,Lower,GF10,2,15,2016,139,10,N,Indie,N
784150,Workers & Resources: Soviet Republic,20/06/2024,2590,FALSE,252,GTX 1050,Lower,GF10,2,15,2016,139,10,N,Adventure,N
784150,Workers & Resources: Soviet Republic,20/06/2024,2590,FALSE,252,GTX 1050,Lower,GF10,2,15,2016,139,10,N,Simulation,Y
784150,Workers & Resources: Soviet Republic,20/06/2024,2590,FALSE,252,GTX 1050,Lower,GF10,2,15,2016,139,10,N,RPG,N
784150,Workers & Resources: Soviet Republic,20/06/2024,2590,FALSE,252,GTX 1050,Lower,GF10,2,15,2016,139,10,N,Strategy,Y
784150,Workers & Resources: Soviet Republic,20/06/2024,2590,FALSE,252,GTX 1050,Lower,GF10,2,15,2016,139,10,N,Free To Play,N
824270,KovaaK's,03/04/2018,1719,FALSE,333,RX 560,Lower,R500,4,10,2017,99,10,N,Action,Y
824270,KovaaK's,03/04/2018,1719,FALSE,333,RX 560,Lower,R500,4,10,2017,99,10,N,Indie,Y
824270,KovaaK's,03/04/2018,1719,FALSE,333,RX 560,Lower,R500,4,10,2017,99,10,N,Adventure,N
824270,KovaaK's,03/04/2018,1719,FALSE,333,RX 560,Lower,R500,4,10,2017,99,10,N,Simulation,Y
824270,KovaaK's,03/04/2018,1719,FALSE,333,RX 560,Lower,R500,4,10,2017,99,10,N,RPG,N
824270,KovaaK's,03/04/2018,1719,FALSE,333,RX 560,Lower,R500,4,10,2017,99,10,N,Strategy,N
824270,KovaaK's,03/04/2018,1719,FALSE,333,RX 560,Lower,R500,4,10,2017,99,10,N,Free To Play,N
1222690,SULFUR,04/06/2020,454,FALSE,814,RX 560,Lower,R500,4,10,2017,99,10,N,Action,Y
1222690,SULFUR,04/06/2020,454,FALSE,814,RX 560,Lower,R500,4,10,2017,99,10,N,Indie,N
1222690,SULFUR,04/06/2020,454,FALSE,814,RX 560,Lower,R500,4,10,2017,99,10,N,Adventure,Y
1222690,SULFUR,04/06/2020,454,FALSE,814,RX 560,Lower,R500,4,10,2017,99,10,N,Simulation,N
1222690,SULFUR,04/06/2020,454,FALSE,814,RX 560,Lower,R500,4,10,2017,99,10,N,RPG,Y
1222690,SULFUR,04/06/2020,454,FALSE,814,RX 560,Lower,R500,4,10,2017,99,10,N,Strategy,Y
1222690,SULFUR,04/06/2020,454,FALSE,814,RX 560,Lower,R500,4,10,2017,99,10,N,Free To Play,N
418460,WRC 9 FIA World Rally Championship,30/05/2017,449,FALSE,818,GTX 1050,Lower,GF10,2,15,2016,139,10,N,Action,Y
418460,WRC 9 FIA World Rally Championship,30/05/2017,449,FALSE,818,GTX 1050,Lower,GF10,2,15,2016,139,10,N,Indie,N
418460,WRC 9 FIA World Rally Championship,30/05/2017,449,FALSE,818,GTX 1050,Lower,GF10,2,15,2016,139,10,N,Adventure,N
418460,WRC 9 FIA World Rally Championship,30/05/2017,449,FALSE,818,GTX 1050,Lower,GF10,2,15,2016,139,10,N,Simulation,Y
418460,WRC 9 FIA World Rally Championship,30/05/2017,449,FALSE,818,GTX 1050,Lower,GF10,2,15,2016,139,10,N,RPG,N
418460,WRC 9 FIA World Rally Championship,30/05/2017,449,FALSE,818,GTX 1050,Lower,GF10,2,15,2016,139,10,N,Strategy,Y
418460,WRC 9 FIA World Rally Championship,30/05/2017,449,FALSE,818,GTX 1050,Lower,GF10,2,15,2016,139,10,N,Free To Play,N
2321470,Deep Rock Galactic: Survivor,17/09/2025,1300,FALSE,418,GTX 1050,Lower,GF10,2,15,2016,139,10,N,Action,Y
2321470,Deep Rock Galactic: Survivor,17/09/2025,1300,FALSE,418,GTX 1050,Lower,GF10,2,15,2016,139,10,N,Indie,N
2321470,Deep Rock Galactic: Survivor,17/09/2025,1300,FALSE,418,GTX 1050,Lower,GF10,2,15,2016,139,10,N,Adventure,N
2321470,Deep Rock Galactic: Survivor,17/09/2025,1300,FALSE,418,GTX 1050,Lower,GF10,2,15,2016,139,10,N,Simulation,N
2321470,Deep Rock Galactic: Survivor,17/09/2025,1300,FALSE,418,GTX 1050,Lower,GF10,2,15,2016,139,10,N,RPG,N
2321470,Deep Rock Galactic: Survivor,17/09/2025,1300,FALSE,418,GTX 1050,Lower,GF10,2,15,2016,139,10,N,Strategy,N
2321470,Deep Rock Galactic: Survivor,17/09/2025,1300,FALSE,418,GTX 1050,Lower,GF10,2,15,2016,139,10,N,Free To Play,N
2739590,Battle Teams 2,23/05/2024,416,FALSE,862,GTX 1050,Lower,GF10,2,15,2016,139,10,N,Action,Y
2739590,Battle Teams 2,23/05/2024,416,FALSE,862,GTX 1050,Lower,GF10,2,15,2016,139,10,N,Indie,Y
2739590,Battle Teams 2,23/05/2024,416,FALSE,862,GTX 1050,Lower,GF10,2,15,2016,139,10,N,Adventure,N
2739590,Battle Teams 2,23/05/2024,416,FALSE,862,GTX 1050,Lower,GF10,2,15,2016,139,10,N,Simulation,Y
2739590,Battle Teams 2,23/05/2024,416,FALSE,862,GTX 1050,Lower,GF10,2,15,2016,139,10,N,RPG,Y
2739590,Battle Teams 2,23/05/2024,416,FALSE,862,GTX 1050,Lower,GF10,2,15,2016,139,10,N,Strategy,N
2739590,Battle Teams 2,23/05/2024,416,FALSE,862,GTX 1050,Lower,GF10,2,15,2016,139,10,N,Free To Play,N
1072040,Far Cry 4,19/03/2020,559,FALSE,709,GTX 1050,Lower,GF10,2,15,2016,139,10,N,Action,N
1072040,Far Cry 4,19/03/2020,559,FALSE,709,GTX 1050,Lower,GF10,2,15,2016,139,10,N,Indie,N
1072040,Far Cry 4,19/03/2020,559,FALSE,709,GTX 1050,Lower,GF10,2,15,2016,139,10,N,Adventure,N
1072040,Far Cry 4,19/03/2020,559,FALSE,709,GTX 1050,Lower,GF10,2,15,2016,139,10,N,Simulation,N
1072040,Far Cry 4,19/03/2020,559,FALSE,709,GTX 1050,Lower,GF10,2,15,2016,139,10,N,RPG,N
1072040,Far Cry 4,19/03/2020,559,FALSE,709,GTX 1050,Lower,GF10,2,15,2016,139,10,N,Strategy,Y
1072040,Far Cry 4,19/03/2020,559,FALSE,709,GTX 1050,Lower,GF10,2,15,2016,139,10,N,Free To Play,N
1102190,Realm Grinder,21/05/2020,595,FALSE,683,GTX 1050,Lower,GF10,2,15,2016,139,10,N,Action,N
1102190,Realm Grinder,21/05/2020,595,FALSE,683,GTX 1050,Lower,GF10,2,15,2016,139,10,N,Indie,N
1102190,Realm Grinder,21/05/2020,595,FALSE,683,GTX 1050,Lower,GF10,2,15,2016,139,10,N,Adventure,N
1102190,Realm Grinder,21/05/2020,595,FALSE,683,GTX 1050,Lower,GF10,2,15,2016,139,10,N,Simulation,N
1102190,Realm Grinder,21/05/2020,595,FALSE,683,GTX 1050,Lower,GF10,2,15,2016,139,10,N,RPG,N
1102190,Realm Grinder,21/05/2020,595,FALSE,683,GTX 1050,Lower,GF10,2,15,2016,139,10,N,Strategy,Y
1102190,Realm Grinder,21/05/2020,595,FALSE,683,GTX 1050,Lower,GF10,2,15,2016,139,10,N,Free To Play,N
1940340,Darkest Dungeon II,08/05/2023,1054,TRUE,471,GTX 1050,Lower,GF10,2,15,2016,139,10,N,Action,N
1940340,Darkest Dungeon II,08/05/2023,1054,TRUE,471,GTX 1050,Lower,GF10,2,15,2016,139,10,N,Indie,Y
1940340,Darkest Dungeon II,08/05/2023,1054,TRUE,471,GTX 1050,Lower,GF10,2,15,2016,139,10,N,Adventure,N
1940340,Darkest Dungeon II,08/05/2023,1054,TRUE,471,GTX 1050,Lower,GF10,2,15,2016,139,10,N,Simulation,N
1940340,Darkest Dungeon II,08/05/2023,1054,TRUE,471,GTX 1050,Lower,GF10,2,15,2016,139,10,N,RPG,Y
1940340,Darkest Dungeon II,08/05/2023,1054,TRUE,471,GTX 1050,Lower,GF10,2,15,2016,139,10,N,Strategy,Y
1940340,Darkest Dungeon II,08/05/2023,1054,TRUE,471,GTX 1050,Lower,GF10,2,15,2016,139,10,N,Free To Play,N
466560,Northgard: Definitive Edition,07/03/2018,1164,TRUE,447,RX 560,Lower,R500,4,10,2017,99,10,N,Action,N
466560,Northgard: Definitive Edition,07/03/2018,1164,TRUE,447,RX 560,Lower,R500,4,10,2017,99,10,N,Indie,Y
466560,Northgard: Definitive Edition,07/03/2018,1164,TRUE,447,RX 560,Lower,R500,4,10,2017,99,10,N,Adventure,Y
466560,Northgard: Definitive Edition,07/03/2018,1164,TRUE,447,RX 560,Lower,R500,4,10,2017,99,10,N,Simulation,Y
466560,Northgard: Definitive Edition,07/03/2018,1164,TRUE,447,RX 560,Lower,R500,4,10,2017,99,10,N,RPG,N
466560,Northgard: Definitive Edition,07/03/2018,1164,TRUE,447,RX 560,Lower,R500,4,10,2017,99,10,N,Strategy,Y
466560,Northgard: Definitive Edition,07/03/2018,1164,TRUE,447,RX 560,Lower,R500,4,10,2017,99,10,N,Free To Play,N
1669980,The Precinct,20/04/2023,553,FALSE,716,RX 560,Lower,R500,4,10,2017,99,10,N,Action,N
1669980,The Precinct,20/04/2023,553,FALSE,716,RX 560,Lower,R500,4,10,2017,99,10,N,Indie,Y
1669980,The Precinct,20/04/2023,553,FALSE,716,RX 560,Lower,R500,4,10,2017,99,10,N,Adventure,N
1669980,The Precinct,20/04/2023,553,FALSE,716,RX 560,Lower,R500,4,10,2017,99,10,N,Simulation,Y
1669980,The Precinct,20/04/2023,553,FALSE,716,RX 560,Lower,R500,4,10,2017,99,10,N,RPG,Y
1669980,The Precinct,20/04/2023,553,FALSE,716,RX 560,Lower,R500,4,10,2017,99,10,N,Strategy,Y
1669980,The Precinct,20/04/2023,553,FALSE,716,RX 560,Lower,R500,4,10,2017,99,10,N,Free To Play,N
2767520,Town of Salem 2,21/02/2024,383,FALSE,899,RTX 2080,Top,GF20,8,75,2018,699,10,N,Action,N
2767520,Town of Salem 2,21/02/2024,383,FALSE,899,RTX 2080,Top,GF20,8,75,2018,699,10,N,Indie,Y
2767520,Town of Salem 2,21/02/2024,383,FALSE,899,RTX 2080,Top,GF20,8,75,2018,699,10,N,Adventure,N
2767520,Town of Salem 2,21/02/2024,383,FALSE,899,RTX 2080,Top,GF20,8,75,2018,699,10,N,Simulation,Y
2767520,Town of Salem 2,21/02/2024,383,FALSE,899,RTX 2080,Top,GF20,8,75,2018,699,10,N,RPG,N
2767520,Town of Salem 2,21/02/2024,383,FALSE,899,RTX 2080,Top,GF20,8,75,2018,699,10,N,Strategy,N
2767520,Town of Salem 2,21/02/2024,383,FALSE,899,RTX 2080,Top,GF20,8,75,2018,699,10,N,Free To Play,N
1966720,Lethal Company,23/10/2023,6199,FALSE,134,GTX 1050,Lower,GF10,2,15,2016,139,10,N,Action,Y
1966720,Lethal Company,23/10/2023,6199,FALSE,134,GTX 1050,Lower,GF10,2,15,2016,139,10,N,Indie,Y
1966720,Lethal Company,23/10/2023,6199,FALSE,134,GTX 1050,Lower,GF10,2,15,2016,139,10,N,Adventure,Y
1966720,Lethal Company,23/10/2023,6199,FALSE,134,GTX 1050,Lower,GF10,2,15,2016,139,10,N,Simulation,N
1966720,Lethal Company,23/10/2023,6199,FALSE,134,GTX 1050,Lower,GF10,2,15,2016,139,10,N,RPG,N
1966720,Lethal Company,23/10/2023,6199,FALSE,134,GTX 1050,Lower,GF10,2,15,2016,139,10,N,Strategy,N
1966720,Lethal Company,23/10/2023,6199,FALSE,134,GTX 1050,Lower,GF10,2,15,2016,139,10,N,Free To Play,N
2370570,Watch_Dogs,08/05/2023,389,FALSE,888,GTX 1050,Lower,GF10,2,15,2016,139,10,N,Action,N
2370570,Watch_Dogs,08/05/2023,389,FALSE,888,GTX 1050,Lower,GF10,2,15,2016,139,10,N,Indie,Y
2370570,Watch_Dogs,08/05/2023,389,FALSE,888,GTX 1050,Lower,GF10,2,15,2016,139,10,N,Adventure,N
2370570,Watch_Dogs,08/05/2023,389,FALSE,888,GTX 1050,Lower,GF10,2,15,2016,139,10,N,Simulation,N
2370570,Watch_Dogs,08/05/2023,389,FALSE,888,GTX 1050,Lower,GF10,2,15,2016,139,10,N,RPG,N
2370570,Watch_Dogs,08/05/2023,389,FALSE,888,GTX 1050,Lower,GF10,2,15,2016,139,10,N,Strategy,N
2370570,Watch_Dogs,08/05/2023,389,FALSE,888,GTX 1050,Lower,GF10,2,15,2016,139,10,N,Free To Play,N
1213210,Mad Max,05/06/2020,564,FALSE,707,RX 560,Lower,R500,4,10,2017,99,10,N,Action,N
1213210,Mad Max,05/06/2020,564,FALSE,707,RX 560,Lower,R500,4,10,2017,99,10,N,Indie,N
1213210,Mad Max,05/06/2020,564,FALSE,707,RX 560,Lower,R500,4,10,2017,99,10,N,Adventure,N
1213210,Mad Max,05/06/2020,564,FALSE,707,RX 560,Lower,R500,4,10,2017,99,10,N,Simulation,N
1213210,Mad Max,05/06/2020,564,FALSE,707,RX 560,Lower,R500,4,10,2017,99,10,N,RPG,N
1213210,Mad Max,05/06/2020,564,FALSE,707,RX 560,Lower,R500,4,10,2017,99,10,N,Strategy,Y
1213210,Mad Max,05/06/2020,564,FALSE,707,RX 560,Lower,R500,4,10,2017,99,10,N,Free To Play,N
1295500,Baldur's Gate: Enhanced Edition,22/07/2021,378,FALSE,904,GTX 1050,Lower,GF10,2,15,2016,139,10,N,Action,N
1295500,Baldur's Gate: Enhanced Edition,22/07/2021,378,FALSE,904,GTX 1050,Lower,GF10,2,15,2016,139,10,N,Indie,N
1295500,Baldur's Gate: Enhanced Edition,22/07/2021,378,FALSE,904,GTX 1050,Lower,GF10,2,15,2016,139,10,N,Adventure,N
1295500,Baldur's Gate: Enhanced Edition,22/07/2021,378,FALSE,904,GTX 1050,Lower,GF10,2,15,2016,139,10,N,Simulation,N
1295500,Baldur's Gate: Enhanced Edition,22/07/2021,378,FALSE,904,GTX 1050,Lower,GF10,2,15,2016,139,10,N,RPG,N
1295500,Baldur's Gate: Enhanced Edition,22/07/2021,378,FALSE,904,GTX 1050,Lower,GF10,2,15,2016,139,10,N,Strategy,Y
1295500,Baldur's Gate: Enhanced Edition,22/07/2021,378,FALSE,904,GTX 1050,Lower,GF10,2,15,2016,139,10,N,Free To Play,N
859580,DC Universe Online,25/04/2019,547,TRUE,724,RX 560,Lower,R500,4,10,2017,99,10,N,Action,N
859580,DC Universe Online,25/04/2019,547,TRUE,724,RX 560,Lower,R500,4,10,2017,99,10,N,Indie,N
859580,DC Universe Online,25/04/2019,547,TRUE,724,RX 560,Lower,R500,4,10,2017,99,10,N,Adventure,N
859580,DC Universe Online,25/04/2019,547,TRUE,724,RX 560,Lower,R500,4,10,2017,99,10,N,Simulation,Y
859580,DC Universe Online,25/04/2019,547,TRUE,724,RX 560,Lower,R500,4,10,2017,99,10,N,RPG,N
859580,DC Universe Online,25/04/2019,547,TRUE,724,RX 560,Lower,R500,4,10,2017,99,10,N,Strategy,Y
859580,DC Universe Online,25/04/2019,547,TRUE,724,RX 560,Lower,R500,4,10,2017,99,10,N,Free To Play,N
2742830,Monster Train 2,21/05/2025,6617,TRUE,129,GTX 1080,Top,GF10,8,60,2016,599,10,N,Action,N
2742830,Monster Train 2,21/05/2025,6617,TRUE,129,GTX 1080,Top,GF10,8,60,2016,599,10,N,Indie,Y
2742830,Monster Train 2,21/05/2025,6617,TRUE,129,GTX 1080,Top,GF10,8,60,2016,599,10,N,Adventure,N
2742830,Monster Train 2,21/05/2025,6617,TRUE,129,GTX 1080,Top,GF10,8,60,2016,599,10,N,Simulation,N
2742830,Monster Train 2,21/05/2025,6617,TRUE,129,GTX 1080,Top,GF10,8,60,2016,599,10,N,RPG,N
2742830,Monster Train 2,21/05/2025,6617,TRUE,129,GTX 1080,Top,GF10,8,60,2016,599,10,N,Strategy,Y
2742830,Monster Train 2,21/05/2025,6617,TRUE,129,GTX 1080,Top,GF10,8,60,2016,599,10,N,Free To Play,N
1700870,Kingdom Rush 5: Alliance TD,14/07/2022,386,FALSE,893,GTX 1050,Lower,GF10,2,15,2016,139,10,N,Action,N
1700870,Kingdom Rush 5: Alliance TD,14/07/2022,386,FALSE,893,GTX 1050,Lower,GF10,2,15,2016,139,10,N,Indie,N
1700870,Kingdom Rush 5: Alliance TD,14/07/2022,386,FALSE,893,GTX 1050,Lower,GF10,2,15,2016,139,10,N,Adventure,N
1700870,Kingdom Rush 5: Alliance TD,14/07/2022,386,FALSE,893,GTX 1050,Lower,GF10,2,15,2016,139,10,N,Simulation,Y
1700870,Kingdom Rush 5: Alliance TD,14/07/2022,386,FALSE,893,GTX 1050,Lower,GF10,2,15,2016,139,10,N,RPG,Y
1700870,Kingdom Rush 5: Alliance TD,14/07/2022,386,FALSE,893,GTX 1050,Lower,GF10,2,15,2016,139,10,N,Strategy,Y
1700870,Kingdom Rush 5: Alliance TD,14/07/2022,386,FALSE,893,GTX 1050,Lower,GF10,2,15,2016,139,10,N,Free To Play,N
868360,Divinity: Original Sin - Enhanced Edition,30/10/2018,387,TRUE,890,GTX 1050,Lower,GF10,2,15,2016,139,10,N,Action,N
868360,Divinity: Original Sin - Enhanced Edition,30/10/2018,387,TRUE,890,GTX 1050,Lower,GF10,2,15,2016,139,10,N,Indie,Y
868360,Divinity: Original Sin - Enhanced Edition,30/10/2018,387,TRUE,890,GTX 1050,Lower,GF10,2,15,2016,139,10,N,Adventure,N
868360,Divinity: Original Sin - Enhanced Edition,30/10/2018,387,TRUE,890,GTX 1050,Lower,GF10,2,15,2016,139,10,N,Simulation,Y
868360,Divinity: Original Sin - Enhanced Edition,30/10/2018,387,TRUE,890,GTX 1050,Lower,GF10,2,15,2016,139,10,N,RPG,N
868360,Divinity: Original Sin - Enhanced Edition,30/10/2018,387,TRUE,890,GTX 1050,Lower,GF10,2,15,2016,139,10,N,Strategy,Y
868360,Divinity: Original Sin - Enhanced Edition,30/10/2018,387,TRUE,890,GTX 1050,Lower,GF10,2,15,2016,139,10,N,Free To Play,N
1172620,Sea of Thieves: 2025 Edition,03/06/2020,5437,FALSE,145,GTX 1080 Ti,Top+,GF10,11,70,2017,699,10,N,Action,Y
1172620,Sea of Thieves: 2025 Edition,03/06/2020,5437,FALSE,145,GTX 1080 Ti,Top+,GF10,11,70,2017,699,10,N,Indie,N
1172620,Sea of Thieves: 2025 Edition,03/06/2020,5437,FALSE,145,GTX 1080 Ti,Top+,GF10,11,70,2017,699,10,N,Adventure,Y
1172620,Sea of Thieves: 2025 Edition,03/06/2020,5437,FALSE,145,GTX 1080 Ti,Top+,GF10,11,70,2017,699,10,N,Simulation,N
1172620,Sea of Thieves: 2025 Edition,03/06/2020,5437,FALSE,145,GTX 1080 Ti,Top+,GF10,11,70,2017,699,10,N,RPG,N
1172620,Sea of Thieves: 2025 Edition,03/06/2020,5437,FALSE,145,GTX 1080 Ti,Top+,GF10,11,70,2017,699,10,N,Strategy,N
1172620,Sea of Thieves: 2025 Edition,03/06/2020,5437,FALSE,145,GTX 1080 Ti,Top+,GF10,11,70,2017,699,10,N,Free To Play,N
963330,Nya Nya Nya Girls (ﾊｻﾊｻﾊｻ)_(=^ｽ･ﾏｽ･^=)_(ﾊｻﾊｻﾊｻ),08/12/2018,1281,FALSE,426,GTX 1050,Lower,GF10,2,15,2016,139,10,N,Action,N
963330,Nya Nya Nya Girls (ﾊｻﾊｻﾊｻ)_(=^ｽ･ﾏｽ･^=)_(ﾊｻﾊｻﾊｻ),08/12/2018,1281,FALSE,426,GTX 1050,Lower,GF10,2,15,2016,139,10,N,Indie,Y
963330,Nya Nya Nya Girls (ﾊｻﾊｻﾊｻ)_(=^ｽ･ﾏｽ･^=)_(ﾊｻﾊｻﾊｻ),08/12/2018,1281,FALSE,426,GTX 1050,Lower,GF10,2,15,2016,139,10,N,Adventure,N
963330,Nya Nya Nya Girls (ﾊｻﾊｻﾊｻ)_(=^ｽ･ﾏｽ･^=)_(ﾊｻﾊｻﾊｻ),08/12/2018,1281,FALSE,426,GTX 1050,Lower,GF10,2,15,2016,139,10,N,Simulation,N
963330,Nya Nya Nya Girls (ﾊｻﾊｻﾊｻ)_(=^ｽ･ﾏｽ･^=)_(ﾊｻﾊｻﾊｻ),08/12/2018,1281,FALSE,426,GTX 1050,Lower,GF10,2,15,2016,139,10,N,RPG,N
963330,Nya Nya Nya Girls (ﾊｻﾊｻﾊｻ)_(=^ｽ･ﾏｽ･^=)_(ﾊｻﾊｻﾊｻ),08/12/2018,1281,FALSE,426,GTX 1050,Lower,GF10,2,15,2016,139,10,N,Strategy,N
963330,Nya Nya Nya Girls (ﾊｻﾊｻﾊｻ)_(=^ｽ･ﾏｽ･^=)_(ﾊｻﾊｻﾊｻ),08/12/2018,1281,FALSE,426,GTX 1050,Lower,GF10,2,15,2016,139,10,N,Free To Play,N
285900,Hydroneer,12/12/2017,376,TRUE,909,RX 560,Lower,R500,4,10,2017,99,10,N,Action,Y
285900,Hydroneer,12/12/2017,376,TRUE,909,RX 560,Lower,R500,4,10,2017,99,10,N,Indie,Y
285900,Hydroneer,12/12/2017,376,TRUE,909,RX 560,Lower,R500,4,10,2017,99,10,N,Adventure,Y
285900,Hydroneer,12/12/2017,376,TRUE,909,RX 560,Lower,R500,4,10,2017,99,10,N,Simulation,Y
285900,Hydroneer,12/12/2017,376,TRUE,909,RX 560,Lower,R500,4,10,2017,99,10,N,RPG,N
285900,Hydroneer,12/12/2017,376,TRUE,909,RX 560,Lower,R500,4,10,2017,99,10,N,Strategy,N
285900,Hydroneer,12/12/2017,376,TRUE,909,RX 560,Lower,R500,4,10,2017,99,10,N,Free To Play,N
1340990,NARUTO SHIPPUDEN: Ultimate Ninja STORM 4,10/03/2025,385,FALSE,896,RTX 2080 SUPER,Top,GF20,8,75,2019,699,10,N,Action,Y
1340990,NARUTO SHIPPUDEN: Ultimate Ninja STORM 4,10/03/2025,385,FALSE,896,RTX 2080 SUPER,Top,GF20,8,75,2019,699,10,N,Indie,N
1340990,NARUTO SHIPPUDEN: Ultimate Ninja STORM 4,10/03/2025,385,FALSE,896,RTX 2080 SUPER,Top,GF20,8,75,2019,699,10,N,Adventure,Y
1340990,NARUTO SHIPPUDEN: Ultimate Ninja STORM 4,10/03/2025,385,FALSE,896,RTX 2080 SUPER,Top,GF20,8,75,2019,699,10,N,Simulation,N
1340990,NARUTO SHIPPUDEN: Ultimate Ninja STORM 4,10/03/2025,385,FALSE,896,RTX 2080 SUPER,Top,GF20,8,75,2019,699,10,N,RPG,Y
1340990,NARUTO SHIPPUDEN: Ultimate Ninja STORM 4,10/03/2025,385,FALSE,896,RTX 2080 SUPER,Top,GF20,8,75,2019,699,10,N,Strategy,N
1340990,NARUTO SHIPPUDEN: Ultimate Ninja STORM 4,10/03/2025,385,FALSE,896,RTX 2080 SUPER,Top,GF20,8,75,2019,699,10,N,Free To Play,N
311310,Yakuza 0,13/06/2019,550,FALSE,722,RX 560,Lower,R500,4,10,2017,99,10,N,Action,N
311310,Yakuza 0,13/06/2019,550,FALSE,722,RX 560,Lower,R500,4,10,2017,99,10,N,Indie,Y
311310,Yakuza 0,13/06/2019,550,FALSE,722,RX 560,Lower,R500,4,10,2017,99,10,N,Adventure,N
311310,Yakuza 0,13/06/2019,550,FALSE,722,RX 560,Lower,R500,4,10,2017,99,10,N,Simulation,Y
311310,Yakuza 0,13/06/2019,550,FALSE,722,RX 560,Lower,R500,4,10,2017,99,10,N,RPG,N
311310,Yakuza 0,13/06/2019,550,FALSE,722,RX 560,Lower,R500,4,10,2017,99,10,N,Strategy,N
311310,Yakuza 0,13/06/2019,550,FALSE,722,RX 560,Lower,R500,4,10,2017,99,10,N,Free To Play,N
2849080,Rise of the Ronin,25/07/2024,386,TRUE,893,RTX 2080 SUPER,Top,GF20,8,75,2019,699,10,N,Action,N
2849080,Rise of the Ronin,25/07/2024,386,TRUE,893,RTX 2080 SUPER,Top,GF20,8,75,2019,699,10,N,Indie,Y
2849080,Rise of the Ronin,25/07/2024,386,TRUE,893,RTX 2080 SUPER,Top,GF20,8,75,2019,699,10,N,Adventure,N
2849080,Rise of the Ronin,25/07/2024,386,TRUE,893,RTX 2080 SUPER,Top,GF20,8,75,2019,699,10,N,Simulation,N
2849080,Rise of the Ronin,25/07/2024,386,TRUE,893,RTX 2080 SUPER,Top,GF20,8,75,2019,699,10,N,RPG,N
2849080,Rise of the Ronin,25/07/2024,386,TRUE,893,RTX 2080 SUPER,Top,GF20,8,75,2019,699,10,N,Strategy,Y
2849080,Rise of the Ronin,25/07/2024,386,TRUE,893,RTX 2080 SUPER,Top,GF20,8,75,2019,699,10,N,Free To Play,N
1238860,Battlefield 4,11/06/2020,1153,FALSE,453,RX 560,Lower,R500,4,10,2017,99,10,N,Action,Y
1238860,Battlefield 4,11/06/2020,1153,FALSE,453,RX 560,Lower,R500,4,10,2017,99,10,N,Indie,N
1238860,Battlefield 4,11/06/2020,1153,FALSE,453,RX 560,Lower,R500,4,10,2017,99,10,N,Adventure,N
1238860,Battlefield 4,11/06/2020,1153,FALSE,453,RX 560,Lower,R500,4,10,2017,99,10,N,Simulation,N
1238860,Battlefield 4,11/06/2020,1153,FALSE,453,RX 560,Lower,R500,4,10,2017,99,10,N,RPG,N
1238860,Battlefield 4,11/06/2020,1153,FALSE,453,RX 560,Lower,R500,4,10,2017,99,10,N,Strategy,N
1238860,Battlefield 4,11/06/2020,1153,FALSE,453,RX 560,Lower,R500,4,10,2017,99,10,N,Free To Play,N
2591280,F1 Manager 2024,23/07/2024,1262,FALSE,432,GTX 1080,Top,GF10,8,60,2016,599,10,N,Action,N
2591280,F1 Manager 2024,23/07/2024,1262,FALSE,432,GTX 1080,Top,GF10,8,60,2016,599,10,N,Indie,N
2591280,F1 Manager 2024,23/07/2024,1262,FALSE,432,GTX 1080,Top,GF10,8,60,2016,599,10,N,Adventure,N
2591280,F1 Manager 2024,23/07/2024,1262,FALSE,432,GTX 1080,Top,GF10,8,60,2016,599,10,N,Simulation,Y
2591280,F1 Manager 2024,23/07/2024,1262,FALSE,432,GTX 1080,Top,GF10,8,60,2016,599,10,N,RPG,N
2591280,F1 Manager 2024,23/07/2024,1262,FALSE,432,GTX 1080,Top,GF10,8,60,2016,599,10,N,Strategy,Y
2591280,F1 Manager 2024,23/07/2024,1262,FALSE,432,GTX 1080,Top,GF10,8,60,2016,599,10,N,Free To Play,N
3228590,Deadzone: Rogue,11/08/2025,1261,FALSE,433,RTX 2080,Top,GF20,8,75,2018,699,10,N,Action,Y
3228590,Deadzone: Rogue,11/08/2025,1261,FALSE,433,RTX 2080,Top,GF20,8,75,2018,699,10,N,Indie,N
3228590,Deadzone: Rogue,11/08/2025,1261,FALSE,433,RTX 2080,Top,GF20,8,75,2018,699,10,N,Adventure,N
3228590,Deadzone: Rogue,11/08/2025,1261,FALSE,433,RTX 2080,Top,GF20,8,75,2018,699,10,N,Simulation,N
3228590,Deadzone: Rogue,11/08/2025,1261,FALSE,433,RTX 2080,Top,GF20,8,75,2018,699,10,N,RPG,N
3228590,Deadzone: Rogue,11/08/2025,1261,FALSE,433,RTX 2080,Top,GF20,8,75,2018,699,10,N,Strategy,N
3228590,Deadzone: Rogue,11/08/2025,1261,FALSE,433,RTX 2080,Top,GF20,8,75,2018,699,10,N,Free To Play,N
2393160,My Time at Portia,29/05/2025,594,FALSE,685,GTX 1050,Lower,GF10,2,15,2016,139,10,N,Action,N
2393160,My Time at Portia,29/05/2025,594,FALSE,685,GTX 1050,Lower,GF10,2,15,2016,139,10,N,Indie,N
2393160,My Time at Portia,29/05/2025,594,FALSE,685,GTX 1050,Lower,GF10,2,15,2016,139,10,N,Adventure,Y
2393160,My Time at Portia,29/05/2025,594,FALSE,685,GTX 1050,Lower,GF10,2,15,2016,139,10,N,Simulation,N
2393160,My Time at Portia,29/05/2025,594,FALSE,685,GTX 1050,Lower,GF10,2,15,2016,139,10,N,RPG,Y
2393160,My Time at Portia,29/05/2025,594,FALSE,685,GTX 1050,Lower,GF10,2,15,2016,139,10,N,Strategy,N
2393160,My Time at Portia,29/05/2025,594,FALSE,685,GTX 1050,Lower,GF10,2,15,2016,139,10,N,Free To Play,N
371970,Standable: Full Body Estimation,23/06/2015,390,TRUE,887,GTX 950,Lower,GF9,2,15,2015,159,9,N,Action,Y
371970,Standable: Full Body Estimation,23/06/2015,390,TRUE,887,GTX 950,Lower,GF9,2,15,2015,159,9,N,Indie,Y
371970,Standable: Full Body Estimation,23/06/2015,390,TRUE,887,GTX 950,Lower,GF9,2,15,2015,159,9,N,Adventure,Y
371970,Standable: Full Body Estimation,23/06/2015,390,TRUE,887,GTX 950,Lower,GF9,2,15,2015,159,9,N,Simulation,N
371970,Standable: Full Body Estimation,23/06/2015,390,TRUE,887,GTX 950,Lower,GF9,2,15,2015,159,9,N,RPG,Y
371970,Standable: Full Body Estimation,23/06/2015,390,TRUE,887,GTX 950,Lower,GF9,2,15,2015,159,9,N,Strategy,N
371970,Standable: Full Body Estimation,23/06/2015,390,TRUE,887,GTX 950,Lower,GF9,2,15,2015,159,9,N,Free To Play,N
364690,SUPER DISTRO,22/07/2015,2861,FALSE,236,GTX 950,Lower,GF9,2,15,2015,159,9,N,Action,Y
364690,SUPER DISTRO,22/07/2015,2861,FALSE,236,GTX 950,Lower,GF9,2,15,2015,159,9,N,Indie,Y
364690,SUPER DISTRO,22/07/2015,2861,FALSE,236,GTX 950,Lower,GF9,2,15,2015,159,9,N,Adventure,Y
364690,SUPER DISTRO,22/07/2015,2861,FALSE,236,GTX 950,Lower,GF9,2,15,2015,159,9,N,Simulation,N
364690,SUPER DISTRO,22/07/2015,2861,FALSE,236,GTX 950,Lower,GF9,2,15,2015,159,9,N,RPG,N
364690,SUPER DISTRO,22/07/2015,2861,FALSE,236,GTX 950,Lower,GF9,2,15,2015,159,9,N,Strategy,N
364690,SUPER DISTRO,22/07/2015,2861,FALSE,236,GTX 950,Lower,GF9,2,15,2015,159,9,N,Free To Play,N
287700,METAL GEAR SOLID V: THE PHANTOM PAIN,01/09/2015,1333,FALSE,409,GTX 950,Lower,GF9,2,15,2015,159,9,N,Action,Y
287700,METAL GEAR SOLID V: THE PHANTOM PAIN,01/09/2015,1333,FALSE,409,GTX 950,Lower,GF9,2,15,2015,159,9,N,Indie,N
287700,METAL GEAR SOLID V: THE PHANTOM PAIN,01/09/2015,1333,FALSE,409,GTX 950,Lower,GF9,2,15,2015,159,9,N,Adventure,Y
287700,METAL GEAR SOLID V: THE PHANTOM PAIN,01/09/2015,1333,FALSE,409,GTX 950,Lower,GF9,2,15,2015,159,9,N,Simulation,N
287700,METAL GEAR SOLID V: THE PHANTOM PAIN,01/09/2015,1333,FALSE,409,GTX 950,Lower,GF9,2,15,2015,159,9,N,RPG,N
287700,METAL GEAR SOLID V: THE PHANTOM PAIN,01/09/2015,1333,FALSE,409,GTX 950,Lower,GF9,2,15,2015,159,9,N,Strategy,N
287700,METAL GEAR SOLID V: THE PHANTOM PAIN,01/09/2015,1333,FALSE,409,GTX 950,Lower,GF9,2,15,2015,159,9,N,Free To Play,N
404790,Godot Engine,23/02/2016,1024,TRUE,479,GTX 950,Lower,GF9,2,15,2015,159,9,N,Action,N
404790,Godot Engine,23/02/2016,1024,TRUE,479,GTX 950,Lower,GF9,2,15,2015,159,9,N,Indie,N
404790,Godot Engine,23/02/2016,1024,TRUE,479,GTX 950,Lower,GF9,2,15,2015,159,9,N,Adventure,N
404790,Godot Engine,23/02/2016,1024,TRUE,479,GTX 950,Lower,GF9,2,15,2015,159,9,N,Simulation,N
404790,Godot Engine,23/02/2016,1024,TRUE,479,GTX 950,Lower,GF9,2,15,2015,159,9,N,RPG,N
404790,Godot Engine,23/02/2016,1024,TRUE,479,GTX 950,Lower,GF9,2,15,2015,159,9,N,Strategy,N
404790,Godot Engine,23/02/2016,1024,TRUE,479,GTX 950,Lower,GF9,2,15,2015,159,9,N,Free To Play,N
311210,Call of Duty: Black Ops III,05/11/2015,5414,TRUE,147,GTX 950,Lower,GF9,2,15,2015,159,9,N,Action,Y
311210,Call of Duty: Black Ops III,05/11/2015,5414,TRUE,147,GTX 950,Lower,GF9,2,15,2015,159,9,N,Indie,N
311210,Call of Duty: Black Ops III,05/11/2015,5414,TRUE,147,GTX 950,Lower,GF9,2,15,2015,159,9,N,Adventure,Y
311210,Call of Duty: Black Ops III,05/11/2015,5414,TRUE,147,GTX 950,Lower,GF9,2,15,2015,159,9,N,Simulation,N
311210,Call of Duty: Black Ops III,05/11/2015,5414,TRUE,147,GTX 950,Lower,GF9,2,15,2015,159,9,N,RPG,N
311210,Call of Duty: Black Ops III,05/11/2015,5414,TRUE,147,GTX 950,Lower,GF9,2,15,2015,159,9,N,Strategy,N
311210,Call of Duty: Black Ops III,05/11/2015,5414,TRUE,147,GTX 950,Lower,GF9,2,15,2015,159,9,N,Free To Play,N
255710,Cities: Skylines,10/03/2015,8842,TRUE,102,GTX 950,Lower,GF9,2,15,2015,159,9,N,Action,N
255710,Cities: Skylines,10/03/2015,8842,TRUE,102,GTX 950,Lower,GF9,2,15,2015,159,9,N,Indie,N
255710,Cities: Skylines,10/03/2015,8842,TRUE,102,GTX 950,Lower,GF9,2,15,2015,159,9,N,Adventure,N
255710,Cities: Skylines,10/03/2015,8842,TRUE,102,GTX 950,Lower,GF9,2,15,2015,159,9,N,Simulation,Y
255710,Cities: Skylines,10/03/2015,8842,TRUE,102,GTX 950,Lower,GF9,2,15,2015,159,9,N,RPG,N
255710,Cities: Skylines,10/03/2015,8842,TRUE,102,GTX 950,Lower,GF9,2,15,2015,159,9,N,Strategy,Y
255710,Cities: Skylines,10/03/2015,8842,TRUE,102,GTX 950,Lower,GF9,2,15,2015,159,9,N,Free To Play,N
208650,Batman: Arkham Knight,23/06/2015,1587,FALSE,356,GTX 950,Lower,GF9,2,15,2015,159,9,N,Action,Y
208650,Batman: Arkham Knight,23/06/2015,1587,FALSE,356,GTX 950,Lower,GF9,2,15,2015,159,9,N,Indie,N
208650,Batman: Arkham Knight,23/06/2015,1587,FALSE,356,GTX 950,Lower,GF9,2,15,2015,159,9,N,Adventure,Y
208650,Batman: Arkham Knight,23/06/2015,1587,FALSE,356,GTX 950,Lower,GF9,2,15,2015,159,9,N,Simulation,N
208650,Batman: Arkham Knight,23/06/2015,1587,FALSE,356,GTX 950,Lower,GF9,2,15,2015,159,9,N,RPG,N
208650,Batman: Arkham Knight,23/06/2015,1587,FALSE,356,GTX 950,Lower,GF9,2,15,2015,159,9,N,Strategy,N
208650,Batman: Arkham Knight,23/06/2015,1587,FALSE,356,GTX 950,Lower,GF9,2,15,2015,159,9,N,Free To Play,N
234140,Mabinogi,01/09/2015,563,FALSE,708,GTX 950,Lower,GF9,2,15,2015,159,9,N,Action,Y
234140,Mabinogi,01/09/2015,563,FALSE,708,GTX 950,Lower,GF9,2,15,2015,159,9,N,Indie,N
234140,Mabinogi,01/09/2015,563,FALSE,708,GTX 950,Lower,GF9,2,15,2015,159,9,N,Adventure,Y
234140,Mabinogi,01/09/2015,563,FALSE,708,GTX 950,Lower,GF9,2,15,2015,159,9,N,Simulation,N
234140,Mabinogi,01/09/2015,563,FALSE,708,GTX 950,Lower,GF9,2,15,2015,159,9,N,RPG,N
234140,Mabinogi,01/09/2015,563,FALSE,708,GTX 950,Lower,GF9,2,15,2015,159,9,N,Strategy,N
234140,Mabinogi,01/09/2015,563,FALSE,708,GTX 950,Lower,GF9,2,15,2015,159,9,N,Free To Play,N
367500,Mini Motorways,15/01/2016,329,FALSE,969,GTX 950,Lower,GF9,2,15,2015,159,9,N,Action,Y
367500,Mini Motorways,15/01/2016,329,FALSE,969,GTX 950,Lower,GF9,2,15,2015,159,9,N,Indie,N
367500,Mini Motorways,15/01/2016,329,FALSE,969,GTX 950,Lower,GF9,2,15,2015,159,9,N,Adventure,Y
367500,Mini Motorways,15/01/2016,329,FALSE,969,GTX 950,Lower,GF9,2,15,2015,159,9,N,Simulation,N
367500,Mini Motorways,15/01/2016,329,FALSE,969,GTX 950,Lower,GF9,2,15,2015,159,9,N,RPG,Y
367500,Mini Motorways,15/01/2016,329,FALSE,969,GTX 950,Lower,GF9,2,15,2015,159,9,N,Strategy,N
367500,Mini Motorways,15/01/2016,329,FALSE,969,GTX 950,Lower,GF9,2,15,2015,159,9,N,Free To Play,N
335300,DARK SOULS II: Scholar of the First Sin,01/04/2015,1612,FALSE,348,R9 380,Mid,R9,4,20,2015,225,8,N,Action,Y
335300,DARK SOULS II: Scholar of the First Sin,01/04/2015,1612,FALSE,348,R9 380,Mid,R9,4,20,2015,225,8,N,Indie,N
335300,DARK SOULS II: Scholar of the First Sin,01/04/2015,1612,FALSE,348,R9 380,Mid,R9,4,20,2015,225,8,N,Adventure,N
335300,DARK SOULS II: Scholar of the First Sin,01/04/2015,1612,FALSE,348,R9 380,Mid,R9,4,20,2015,225,8,N,Simulation,N
335300,DARK SOULS II: Scholar of the First Sin,01/04/2015,1612,FALSE,348,R9 380,Mid,R9,4,20,2015,225,8,N,RPG,Y
335300,DARK SOULS II: Scholar of the First Sin,01/04/2015,1612,FALSE,348,R9 380,Mid,R9,4,20,2015,225,8,N,Strategy,N
335300,DARK SOULS II: Scholar of the First Sin,01/04/2015,1612,FALSE,348,R9 380,Mid,R9,4,20,2015,225,8,N,Free To Play,N
1971870,Mortal Kombat 1,19/09/2023,1149,FALSE,454,RTX 2080 Ti,Top+,GF20,11,80,2018,999,8,N,Action,Y
1971870,Mortal Kombat 1,19/09/2023,1149,FALSE,454,RTX 2080 Ti,Top+,GF20,11,80,2018,999,8,N,Indie,N
1971870,Mortal Kombat 1,19/09/2023,1149,FALSE,454,RTX 2080 Ti,Top+,GF20,11,80,2018,999,8,N,Adventure,N
1971870,Mortal Kombat 1,19/09/2023,1149,FALSE,454,RTX 2080 Ti,Top+,GF20,11,80,2018,999,8,N,Simulation,N
1971870,Mortal Kombat 1,19/09/2023,1149,FALSE,454,RTX 2080 Ti,Top+,GF20,11,80,2018,999,8,N,RPG,N
1971870,Mortal Kombat 1,19/09/2023,1149,FALSE,454,RTX 2080 Ti,Top+,GF20,11,80,2018,999,8,N,Strategy,N
1971870,Mortal Kombat 1,19/09/2023,1149,FALSE,454,RTX 2080 Ti,Top+,GF20,11,80,2018,999,8,N,Free To Play,N
386360,SMITE,08/09/2015,1853,FALSE,313,R9 380,Mid,R9,4,20,2015,225,8,N,Action,Y
386360,SMITE,08/09/2015,1853,FALSE,313,R9 380,Mid,R9,4,20,2015,225,8,N,Indie,Y
386360,SMITE,08/09/2015,1853,FALSE,313,R9 380,Mid,R9,4,20,2015,225,8,N,Adventure,Y
386360,SMITE,08/09/2015,1853,FALSE,313,R9 380,Mid,R9,4,20,2015,225,8,N,Simulation,Y
386360,SMITE,08/09/2015,1853,FALSE,313,R9 380,Mid,R9,4,20,2015,225,8,N,RPG,Y
386360,SMITE,08/09/2015,1853,FALSE,313,R9 380,Mid,R9,4,20,2015,225,8,N,Strategy,Y
386360,SMITE,08/09/2015,1853,FALSE,313,R9 380,Mid,R9,4,20,2015,225,8,N,Free To Play,Y
1150690,Forza Motorsport,25/12/2020,506,TRUE,761,RTX 2080 Ti,Top+,GF20,11,80,2018,999,8,N,Action,N
1150690,Forza Motorsport,25/12/2020,506,TRUE,761,RTX 2080 Ti,Top+,GF20,11,80,2018,999,8,N,Indie,Y
1150690,Forza Motorsport,25/12/2020,506,TRUE,761,RTX 2080 Ti,Top+,GF20,11,80,2018,999,8,N,Adventure,Y
1150690,Forza Motorsport,25/12/2020,506,TRUE,761,RTX 2080 Ti,Top+,GF20,11,80,2018,999,8,N,Simulation,N
1150690,Forza Motorsport,25/12/2020,506,TRUE,761,RTX 2080 Ti,Top+,GF20,11,80,2018,999,8,N,RPG,Y
1150690,Forza Motorsport,25/12/2020,506,TRUE,761,RTX 2080 Ti,Top+,GF20,11,80,2018,999,8,N,Strategy,N
1150690,Forza Motorsport,25/12/2020,506,TRUE,761,RTX 2080 Ti,Top+,GF20,11,80,2018,999,8,N,Free To Play,N
2440510,Coloring Pixels,09/10/2023,506,FALSE,761,RTX 2080 Ti,Top+,GF20,11,80,2018,999,8,N,Action,N
2440510,Coloring Pixels,09/10/2023,506,FALSE,761,RTX 2080 Ti,Top+,GF20,11,80,2018,999,8,N,Indie,N
2440510,Coloring Pixels,09/10/2023,506,FALSE,761,RTX 2080 Ti,Top+,GF20,11,80,2018,999,8,N,Adventure,N
2440510,Coloring Pixels,09/10/2023,506,FALSE,761,RTX 2080 Ti,Top+,GF20,11,80,2018,999,8,N,Simulation,N
2440510,Coloring Pixels,09/10/2023,506,FALSE,761,RTX 2080 Ti,Top+,GF20,11,80,2018,999,8,N,RPG,N
2440510,Coloring Pixels,09/10/2023,506,FALSE,761,RTX 2080 Ti,Top+,GF20,11,80,2018,999,8,N,Strategy,N
2440510,Coloring Pixels,09/10/2023,506,FALSE,761,RTX 2080 Ti,Top+,GF20,11,80,2018,999,8,N,Free To Play,N
271590,Grand Theft Auto V Legacy,13/04/2015,67851,FALSE,11,R9 380,Mid,R9,4,20,2015,225,8,N,Action,Y
271590,Grand Theft Auto V Legacy,13/04/2015,67851,FALSE,11,R9 380,Mid,R9,4,20,2015,225,8,N,Indie,N
271590,Grand Theft Auto V Legacy,13/04/2015,67851,FALSE,11,R9 380,Mid,R9,4,20,2015,225,8,N,Adventure,Y
271590,Grand Theft Auto V Legacy,13/04/2015,67851,FALSE,11,R9 380,Mid,R9,4,20,2015,225,8,N,Simulation,N
271590,Grand Theft Auto V Legacy,13/04/2015,67851,FALSE,11,R9 380,Mid,R9,4,20,2015,225,8,N,RPG,N
271590,Grand Theft Auto V Legacy,13/04/2015,67851,FALSE,11,R9 380,Mid,R9,4,20,2015,225,8,N,Strategy,N
271590,Grand Theft Auto V Legacy,13/04/2015,67851,FALSE,11,R9 380,Mid,R9,4,20,2015,225,8,N,Free To Play,N
377160,Fallout 4,09/11/2015,11179,FALSE,89,R9 380,Mid,R9,4,20,2015,225,8,N,Action,N
377160,Fallout 4,09/11/2015,11179,FALSE,89,R9 380,Mid,R9,4,20,2015,225,8,N,Indie,N
377160,Fallout 4,09/11/2015,11179,FALSE,89,R9 380,Mid,R9,4,20,2015,225,8,N,Adventure,N
377160,Fallout 4,09/11/2015,11179,FALSE,89,R9 380,Mid,R9,4,20,2015,225,8,N,Simulation,N
377160,Fallout 4,09/11/2015,11179,FALSE,89,R9 380,Mid,R9,4,20,2015,225,8,N,RPG,Y
377160,Fallout 4,09/11/2015,11179,FALSE,89,R9 380,Mid,R9,4,20,2015,225,8,N,Strategy,N
377160,Fallout 4,09/11/2015,11179,FALSE,89,R9 380,Mid,R9,4,20,2015,225,8,N,Free To Play,N
307780,Caves of Qud,13/04/2015,426,FALSE,848,R9 380,Mid,R9,4,20,2015,225,8,N,Action,Y
307780,Caves of Qud,13/04/2015,426,FALSE,848,R9 380,Mid,R9,4,20,2015,225,8,N,Indie,N
307780,Caves of Qud,13/04/2015,426,FALSE,848,R9 380,Mid,R9,4,20,2015,225,8,N,Adventure,N
307780,Caves of Qud,13/04/2015,426,FALSE,848,R9 380,Mid,R9,4,20,2015,225,8,N,Simulation,N
307780,Caves of Qud,13/04/2015,426,FALSE,848,R9 380,Mid,R9,4,20,2015,225,8,N,RPG,N
307780,Caves of Qud,13/04/2015,426,FALSE,848,R9 380,Mid,R9,4,20,2015,225,8,N,Strategy,N
307780,Caves of Qud,13/04/2015,426,FALSE,848,R9 380,Mid,R9,4,20,2015,225,8,N,Free To Play,N
325610,Total War: ATTILA,17/02/2015,1422,FALSE,389,R9 380,Mid,R9,4,20,2015,225,8,N,Action,N
325610,Total War: ATTILA,17/02/2015,1422,FALSE,389,R9 380,Mid,R9,4,20,2015,225,8,N,Indie,N
325610,Total War: ATTILA,17/02/2015,1422,FALSE,389,R9 380,Mid,R9,4,20,2015,225,8,N,Adventure,N
325610,Total War: ATTILA,17/02/2015,1422,FALSE,389,R9 380,Mid,R9,4,20,2015,225,8,N,Simulation,N
325610,Total War: ATTILA,17/02/2015,1422,FALSE,389,R9 380,Mid,R9,4,20,2015,225,8,N,RPG,N
325610,Total War: ATTILA,17/02/2015,1422,FALSE,389,R9 380,Mid,R9,4,20,2015,225,8,N,Strategy,Y
325610,Total War: ATTILA,17/02/2015,1422,FALSE,389,R9 380,Mid,R9,4,20,2015,225,8,N,Free To Play,N
342200,Barony,10/12/2015,392,FALSE,886,R9 380,Mid,R9,4,20,2015,225,8,N,Action,Y
342200,Barony,10/12/2015,392,FALSE,886,R9 380,Mid,R9,4,20,2015,225,8,N,Indie,N
342200,Barony,10/12/2015,392,FALSE,886,R9 380,Mid,R9,4,20,2015,225,8,N,Adventure,N
342200,Barony,10/12/2015,392,FALSE,886,R9 380,Mid,R9,4,20,2015,225,8,N,Simulation,Y
342200,Barony,10/12/2015,392,FALSE,886,R9 380,Mid,R9,4,20,2015,225,8,N,RPG,N
342200,Barony,10/12/2015,392,FALSE,886,R9 380,Mid,R9,4,20,2015,225,8,N,Strategy,Y
342200,Barony,10/12/2015,392,FALSE,886,R9 380,Mid,R9,4,20,2015,225,8,N,Free To Play,Y
359320,Elite Dangerous,02/04/2015,4845,FALSE,162,R9 380,Mid,R9,4,20,2015,225,8,N,Action,Y
359320,Elite Dangerous,02/04/2015,4845,FALSE,162,R9 380,Mid,R9,4,20,2015,225,8,N,Indie,N
359320,Elite Dangerous,02/04/2015,4845,FALSE,162,R9 380,Mid,R9,4,20,2015,225,8,N,Adventure,Y
359320,Elite Dangerous,02/04/2015,4845,FALSE,162,R9 380,Mid,R9,4,20,2015,225,8,N,Simulation,Y
359320,Elite Dangerous,02/04/2015,4845,FALSE,162,R9 380,Mid,R9,4,20,2015,225,8,N,RPG,Y
359320,Elite Dangerous,02/04/2015,4845,FALSE,162,R9 380,Mid,R9,4,20,2015,225,8,N,Strategy,Y
359320,Elite Dangerous,02/04/2015,4845,FALSE,162,R9 380,Mid,R9,4,20,2015,225,8,N,Free To Play,N
239140,Dying Light,26/01/2015,4953,TRUE,160,R9 380,Mid,R9,4,20,2015,225,8,N,Action,Y
239140,Dying Light,26/01/2015,4953,TRUE,160,R9 380,Mid,R9,4,20,2015,225,8,N,Indie,N
239140,Dying Light,26/01/2015,4953,TRUE,160,R9 380,Mid,R9,4,20,2015,225,8,N,Adventure,N
239140,Dying Light,26/01/2015,4953,TRUE,160,R9 380,Mid,R9,4,20,2015,225,8,N,Simulation,N
239140,Dying Light,26/01/2015,4953,TRUE,160,R9 380,Mid,R9,4,20,2015,225,8,N,RPG,Y
239140,Dying Light,26/01/2015,4953,TRUE,160,R9 380,Mid,R9,4,20,2015,225,8,N,Strategy,N
239140,Dying Light,26/01/2015,4953,TRUE,160,R9 380,Mid,R9,4,20,2015,225,8,N,Free To Play,N
225540,Portal,30/11/2015,639,FALSE,643,R9 380,Mid,R9,4,20,2015,225,8,N,Action,Y
225540,Portal,30/11/2015,639,FALSE,643,R9 380,Mid,R9,4,20,2015,225,8,N,Indie,N
225540,Portal,30/11/2015,639,FALSE,643,R9 380,Mid,R9,4,20,2015,225,8,N,Adventure,Y
225540,Portal,30/11/2015,639,FALSE,643,R9 380,Mid,R9,4,20,2015,225,8,N,Simulation,N
225540,Portal,30/11/2015,639,FALSE,643,R9 380,Mid,R9,4,20,2015,225,8,N,RPG,N
225540,Portal,30/11/2015,639,FALSE,643,R9 380,Mid,R9,4,20,2015,225,8,N,Strategy,N
225540,Portal,30/11/2015,639,FALSE,643,R9 380,Mid,R9,4,20,2015,225,8,N,Free To Play,N
2479810,Gray Zone Warfare,30/04/2024,7543,FALSE,116,RTX 2080 Ti,Top+,GF20,11,80,2018,999,8,N,Action,Y
2479810,Gray Zone Warfare,30/04/2024,7543,FALSE,116,RTX 2080 Ti,Top+,GF20,11,80,2018,999,8,N,Indie,N
2479810,Gray Zone Warfare,30/04/2024,7543,FALSE,116,RTX 2080 Ti,Top+,GF20,11,80,2018,999,8,N,Adventure,N
2479810,Gray Zone Warfare,30/04/2024,7543,FALSE,116,RTX 2080 Ti,Top+,GF20,11,80,2018,999,8,N,Simulation,Y
2479810,Gray Zone Warfare,30/04/2024,7543,FALSE,116,RTX 2080 Ti,Top+,GF20,11,80,2018,999,8,N,RPG,N
2479810,Gray Zone Warfare,30/04/2024,7543,FALSE,116,RTX 2080 Ti,Top+,GF20,11,80,2018,999,8,N,Strategy,N
2479810,Gray Zone Warfare,30/04/2024,7543,FALSE,116,RTX 2080 Ti,Top+,GF20,11,80,2018,999,8,N,Free To Play,N
2828860,"Warhammer 40,000: Battlesector",24/09/2024,379,FALSE,902,RTX 3080 Ti,Top+,GF30,12,85,2021,1199,7,N,Action,Y
2828860,"Warhammer 40,000: Battlesector",24/09/2024,379,FALSE,902,RTX 3080 Ti,Top+,GF30,12,85,2021,1199,7,N,Indie,N
2828860,"Warhammer 40,000: Battlesector",24/09/2024,379,FALSE,902,RTX 3080 Ti,Top+,GF30,12,85,2021,1199,7,N,Adventure,N
2828860,"Warhammer 40,000: Battlesector",24/09/2024,379,FALSE,902,RTX 3080 Ti,Top+,GF30,12,85,2021,1199,7,N,Simulation,N
2828860,"Warhammer 40,000: Battlesector",24/09/2024,379,FALSE,902,RTX 3080 Ti,Top+,GF30,12,85,2021,1199,7,N,RPG,N
2828860,"Warhammer 40,000: Battlesector",24/09/2024,379,FALSE,902,RTX 3080 Ti,Top+,GF30,12,85,2021,1199,7,N,Strategy,N
2828860,"Warhammer 40,000: Battlesector",24/09/2024,379,FALSE,902,RTX 3080 Ti,Top+,GF30,12,85,2021,1199,7,N,Free To Play,N
1057090,Terra Invicta,10/03/2020,697,FALSE,604,GTX 970,Mid+,GF9,4,25,2014,329,7,N,Action,Y
1057090,Terra Invicta,10/03/2020,697,FALSE,604,GTX 970,Mid+,GF9,4,25,2014,329,7,N,Indie,N
1057090,Terra Invicta,10/03/2020,697,FALSE,604,GTX 970,Mid+,GF9,4,25,2014,329,7,N,Adventure,N
1057090,Terra Invicta,10/03/2020,697,FALSE,604,GTX 970,Mid+,GF9,4,25,2014,329,7,N,Simulation,N
1057090,Terra Invicta,10/03/2020,697,FALSE,604,GTX 970,Mid+,GF9,4,25,2014,329,7,N,RPG,N
1057090,Terra Invicta,10/03/2020,697,FALSE,604,GTX 970,Mid+,GF9,4,25,2014,329,7,N,Strategy,N
1057090,Terra Invicta,10/03/2020,697,FALSE,604,GTX 970,Mid+,GF9,4,25,2014,329,7,N,Free To Play,N
24780,Grand Theft Auto: San Andreas ' The Definitive Edition,20/07/2010,331,TRUE,965,GTX 970,Mid+,GF9,4,25,2014,329,7,N,Action,N
24780,Grand Theft Auto: San Andreas ' The Definitive Edition,20/07/2010,331,TRUE,965,GTX 970,Mid+,GF9,4,25,2014,329,7,N,Indie,N
24780,Grand Theft Auto: San Andreas ' The Definitive Edition,20/07/2010,331,TRUE,965,GTX 970,Mid+,GF9,4,25,2014,329,7,N,Adventure,N
24780,Grand Theft Auto: San Andreas ' The Definitive Edition,20/07/2010,331,TRUE,965,GTX 970,Mid+,GF9,4,25,2014,329,7,N,Simulation,Y
24780,Grand Theft Auto: San Andreas ' The Definitive Edition,20/07/2010,331,TRUE,965,GTX 970,Mid+,GF9,4,25,2014,329,7,N,RPG,N
24780,Grand Theft Auto: San Andreas ' The Definitive Edition,20/07/2010,331,TRUE,965,GTX 970,Mid+,GF9,4,25,2014,329,7,N,Strategy,Y
24780,Grand Theft Auto: San Andreas ' The Definitive Edition,20/07/2010,331,TRUE,965,GTX 970,Mid+,GF9,4,25,2014,329,7,N,Free To Play,N
410900,The Forever Winter,19/04/2017,379,FALSE,902,RTX 3080 Ti,Top+,GF30,12,85,2021,1199,7,N,Action,Y
410900,The Forever Winter,19/04/2017,379,FALSE,902,RTX 3080 Ti,Top+,GF30,12,85,2021,1199,7,N,Indie,Y
410900,The Forever Winter,19/04/2017,379,FALSE,902,RTX 3080 Ti,Top+,GF30,12,85,2021,1199,7,N,Adventure,N
410900,The Forever Winter,19/04/2017,379,FALSE,902,RTX 3080 Ti,Top+,GF30,12,85,2021,1199,7,N,Simulation,N
410900,The Forever Winter,19/04/2017,379,FALSE,902,RTX 3080 Ti,Top+,GF30,12,85,2021,1199,7,N,RPG,N
410900,The Forever Winter,19/04/2017,379,FALSE,902,RTX 3080 Ti,Top+,GF30,12,85,2021,1199,7,N,Strategy,Y
410900,The Forever Winter,19/04/2017,379,FALSE,902,RTX 3080 Ti,Top+,GF30,12,85,2021,1199,7,N,Free To Play,N
1547000,Galactic Civilizations IV,19/01/2023,330,FALSE,967,GTX 970,Mid+,GF9,4,25,2014,329,7,N,Action,Y
1547000,Galactic Civilizations IV,19/01/2023,330,FALSE,967,GTX 970,Mid+,GF9,4,25,2014,329,7,N,Indie,N
1547000,Galactic Civilizations IV,19/01/2023,330,FALSE,967,GTX 970,Mid+,GF9,4,25,2014,329,7,N,Adventure,Y
1547000,Galactic Civilizations IV,19/01/2023,330,FALSE,967,GTX 970,Mid+,GF9,4,25,2014,329,7,N,Simulation,N
1547000,Galactic Civilizations IV,19/01/2023,330,FALSE,967,GTX 970,Mid+,GF9,4,25,2014,329,7,N,RPG,N
1547000,Galactic Civilizations IV,19/01/2023,330,FALSE,967,GTX 970,Mid+,GF9,4,25,2014,329,7,N,Strategy,N
1547000,Galactic Civilizations IV,19/01/2023,330,FALSE,967,GTX 970,Mid+,GF9,4,25,2014,329,7,N,Free To Play,N
2239150,Assassin's Creed Unity,11/10/2024,373,TRUE,912,GTX 970,Mid+,GF9,4,25,2014,329,7,N,Action,Y
2239150,Assassin's Creed Unity,11/10/2024,373,TRUE,912,GTX 970,Mid+,GF9,4,25,2014,329,7,N,Indie,Y
2239150,Assassin's Creed Unity,11/10/2024,373,TRUE,912,GTX 970,Mid+,GF9,4,25,2014,329,7,N,Adventure,N
2239150,Assassin's Creed Unity,11/10/2024,373,TRUE,912,GTX 970,Mid+,GF9,4,25,2014,329,7,N,Simulation,N
2239150,Assassin's Creed Unity,11/10/2024,373,TRUE,912,GTX 970,Mid+,GF9,4,25,2014,329,7,N,RPG,N
2239150,Assassin's Creed Unity,11/10/2024,373,TRUE,912,GTX 970,Mid+,GF9,4,25,2014,329,7,N,Strategy,Y
2239150,Assassin's Creed Unity,11/10/2024,373,TRUE,912,GTX 970,Mid+,GF9,4,25,2014,329,7,N,Free To Play,N
312660,Mafia II: Definitive Edition,13/02/2017,541,FALSE,731,GTX 970,Mid+,GF9,4,25,2014,329,7,N,Action,Y
312660,Mafia II: Definitive Edition,13/02/2017,541,FALSE,731,GTX 970,Mid+,GF9,4,25,2014,329,7,N,Indie,N
312660,Mafia II: Definitive Edition,13/02/2017,541,FALSE,731,GTX 970,Mid+,GF9,4,25,2014,329,7,N,Adventure,Y
312660,Mafia II: Definitive Edition,13/02/2017,541,FALSE,731,GTX 970,Mid+,GF9,4,25,2014,329,7,N,Simulation,N
312660,Mafia II: Definitive Edition,13/02/2017,541,FALSE,731,GTX 970,Mid+,GF9,4,25,2014,329,7,N,RPG,N
312660,Mafia II: Definitive Edition,13/02/2017,541,FALSE,731,GTX 970,Mid+,GF9,4,25,2014,329,7,N,Strategy,N
312660,Mafia II: Definitive Edition,13/02/2017,541,FALSE,731,GTX 970,Mid+,GF9,4,25,2014,329,7,N,Free To Play,N
2289450,The Walking Dead: The Telltale Definitive Series,07/12/2023,683,TRUE,615,GTX 970,Mid+,GF9,4,25,2014,329,7,N,Action,N
2289450,The Walking Dead: The Telltale Definitive Series,07/12/2023,683,TRUE,615,GTX 970,Mid+,GF9,4,25,2014,329,7,N,Indie,Y
2289450,The Walking Dead: The Telltale Definitive Series,07/12/2023,683,TRUE,615,GTX 970,Mid+,GF9,4,25,2014,329,7,N,Adventure,N
2289450,The Walking Dead: The Telltale Definitive Series,07/12/2023,683,TRUE,615,GTX 970,Mid+,GF9,4,25,2014,329,7,N,Simulation,Y
2289450,The Walking Dead: The Telltale Definitive Series,07/12/2023,683,TRUE,615,GTX 970,Mid+,GF9,4,25,2014,329,7,N,RPG,N
2289450,The Walking Dead: The Telltale Definitive Series,07/12/2023,683,TRUE,615,GTX 970,Mid+,GF9,4,25,2014,329,7,N,Strategy,N
2289450,The Walking Dead: The Telltale Definitive Series,07/12/2023,683,TRUE,615,GTX 970,Mid+,GF9,4,25,2014,329,7,N,Free To Play,Y
3330250,Halls of Torment,07/05/2025,361,TRUE,930,GTX 970,Mid+,GF9,4,25,2014,329,7,N,Action,N
3330250,Halls of Torment,07/05/2025,361,TRUE,930,GTX 970,Mid+,GF9,4,25,2014,329,7,N,Indie,N
3330250,Halls of Torment,07/05/2025,361,TRUE,930,GTX 970,Mid+,GF9,4,25,2014,329,7,N,Adventure,N
3330250,Halls of Torment,07/05/2025,361,TRUE,930,GTX 970,Mid+,GF9,4,25,2014,329,7,N,Simulation,N
3330250,Halls of Torment,07/05/2025,361,TRUE,930,GTX 970,Mid+,GF9,4,25,2014,329,7,N,RPG,N
3330250,Halls of Torment,07/05/2025,361,TRUE,930,GTX 970,Mid+,GF9,4,25,2014,329,7,N,Strategy,N
3330250,Halls of Torment,07/05/2025,361,TRUE,930,GTX 970,Mid+,GF9,4,25,2014,329,7,N,Free To Play,N
1274570,Cossacks 3,28/01/2021,447,TRUE,820,GTX 970,Mid+,GF9,4,25,2014,329,7,N,Action,N
1274570,Cossacks 3,28/01/2021,447,TRUE,820,GTX 970,Mid+,GF9,4,25,2014,329,7,N,Indie,Y
1274570,Cossacks 3,28/01/2021,447,TRUE,820,GTX 970,Mid+,GF9,4,25,2014,329,7,N,Adventure,N
1274570,Cossacks 3,28/01/2021,447,TRUE,820,GTX 970,Mid+,GF9,4,25,2014,329,7,N,Simulation,N
1274570,Cossacks 3,28/01/2021,447,TRUE,820,GTX 970,Mid+,GF9,4,25,2014,329,7,N,RPG,N
1274570,Cossacks 3,28/01/2021,447,TRUE,820,GTX 970,Mid+,GF9,4,25,2014,329,7,N,Strategy,N
1274570,Cossacks 3,28/01/2021,447,TRUE,820,GTX 970,Mid+,GF9,4,25,2014,329,7,N,Free To Play,N
204360,CODE VEIN,26/09/2012,443,TRUE,824,GTX 970,Mid+,GF9,4,25,2014,329,7,N,Action,Y
204360,CODE VEIN,26/09/2012,443,TRUE,824,GTX 970,Mid+,GF9,4,25,2014,329,7,N,Indie,Y
204360,CODE VEIN,26/09/2012,443,TRUE,824,GTX 970,Mid+,GF9,4,25,2014,329,7,N,Adventure,Y
204360,CODE VEIN,26/09/2012,443,TRUE,824,GTX 970,Mid+,GF9,4,25,2014,329,7,N,Simulation,N
204360,CODE VEIN,26/09/2012,443,TRUE,824,GTX 970,Mid+,GF9,4,25,2014,329,7,N,RPG,Y
204360,CODE VEIN,26/09/2012,443,TRUE,824,GTX 970,Mid+,GF9,4,25,2014,329,7,N,Strategy,N
204360,CODE VEIN,26/09/2012,443,TRUE,824,GTX 970,Mid+,GF9,4,25,2014,329,7,N,Free To Play,N
24010,Romance of the Three Kingdoms XIII,17/09/2015,503,FALSE,766,GTX 970,Mid+,GF9,4,25,2014,329,7,N,Action,N
24010,Romance of the Three Kingdoms XIII,17/09/2015,503,FALSE,766,GTX 970,Mid+,GF9,4,25,2014,329,7,N,Indie,N
24010,Romance of the Three Kingdoms XIII,17/09/2015,503,FALSE,766,GTX 970,Mid+,GF9,4,25,2014,329,7,N,Adventure,N
24010,Romance of the Three Kingdoms XIII,17/09/2015,503,FALSE,766,GTX 970,Mid+,GF9,4,25,2014,329,7,N,Simulation,Y
24010,Romance of the Three Kingdoms XIII,17/09/2015,503,FALSE,766,GTX 970,Mid+,GF9,4,25,2014,329,7,N,RPG,N
24010,Romance of the Three Kingdoms XIII,17/09/2015,503,FALSE,766,GTX 970,Mid+,GF9,4,25,2014,329,7,N,Strategy,N
24010,Romance of the Three Kingdoms XIII,17/09/2015,503,FALSE,766,GTX 970,Mid+,GF9,4,25,2014,329,7,N,Free To Play,N
211500,DYSMANTLE,12/02/2013,431,FALSE,837,GTX 970,Mid+,GF9,4,25,2014,329,7,N,Action,N
211500,DYSMANTLE,12/02/2013,431,FALSE,837,GTX 970,Mid+,GF9,4,25,2014,329,7,N,Indie,N
211500,DYSMANTLE,12/02/2013,431,FALSE,837,GTX 970,Mid+,GF9,4,25,2014,329,7,N,Adventure,N
211500,DYSMANTLE,12/02/2013,431,FALSE,837,GTX 970,Mid+,GF9,4,25,2014,329,7,N,Simulation,Y
211500,DYSMANTLE,12/02/2013,431,FALSE,837,GTX 970,Mid+,GF9,4,25,2014,329,7,N,RPG,N
211500,DYSMANTLE,12/02/2013,431,FALSE,837,GTX 970,Mid+,GF9,4,25,2014,329,7,N,Strategy,N
211500,DYSMANTLE,12/02/2013,431,FALSE,837,GTX 970,Mid+,GF9,4,25,2014,329,7,N,Free To Play,Y
897330,Door Kickers 2: Task Force North,17/08/2018,505,TRUE,763,GTX 970,Mid+,GF9,4,25,2014,329,7,N,Action,N
897330,Door Kickers 2: Task Force North,17/08/2018,505,TRUE,763,GTX 970,Mid+,GF9,4,25,2014,329,7,N,Indie,Y
897330,Door Kickers 2: Task Force North,17/08/2018,505,TRUE,763,GTX 970,Mid+,GF9,4,25,2014,329,7,N,Adventure,N
897330,Door Kickers 2: Task Force North,17/08/2018,505,TRUE,763,GTX 970,Mid+,GF9,4,25,2014,329,7,N,Simulation,N
897330,Door Kickers 2: Task Force North,17/08/2018,505,TRUE,763,GTX 970,Mid+,GF9,4,25,2014,329,7,N,RPG,N
897330,Door Kickers 2: Task Force North,17/08/2018,505,TRUE,763,GTX 970,Mid+,GF9,4,25,2014,329,7,N,Strategy,N
897330,Door Kickers 2: Task Force North,17/08/2018,505,TRUE,763,GTX 970,Mid+,GF9,4,25,2014,329,7,N,Free To Play,Y
1898830,Naval Action,10/04/2022,551,FALSE,720,GTX 970,Mid+,GF9,4,25,2014,329,7,N,Action,N
1898830,Naval Action,10/04/2022,551,FALSE,720,GTX 970,Mid+,GF9,4,25,2014,329,7,N,Indie,N
1898830,Naval Action,10/04/2022,551,FALSE,720,GTX 970,Mid+,GF9,4,25,2014,329,7,N,Adventure,N
1898830,Naval Action,10/04/2022,551,FALSE,720,GTX 970,Mid+,GF9,4,25,2014,329,7,N,Simulation,N
1898830,Naval Action,10/04/2022,551,FALSE,720,GTX 970,Mid+,GF9,4,25,2014,329,7,N,RPG,N
1898830,Naval Action,10/04/2022,551,FALSE,720,GTX 970,Mid+,GF9,4,25,2014,329,7,N,Strategy,N
1898830,Naval Action,10/04/2022,551,FALSE,720,GTX 970,Mid+,GF9,4,25,2014,329,7,N,Free To Play,N
617290,For The King,19/08/2019,429,FALSE,842,GTX 970,Mid+,GF9,4,25,2014,329,7,N,Action,Y
617290,For The King,19/08/2019,429,FALSE,842,GTX 970,Mid+,GF9,4,25,2014,329,7,N,Indie,N
617290,For The King,19/08/2019,429,FALSE,842,GTX 970,Mid+,GF9,4,25,2014,329,7,N,Adventure,Y
617290,For The King,19/08/2019,429,FALSE,842,GTX 970,Mid+,GF9,4,25,2014,329,7,N,Simulation,N
617290,For The King,19/08/2019,429,FALSE,842,GTX 970,Mid+,GF9,4,25,2014,329,7,N,RPG,Y
617290,For The King,19/08/2019,429,FALSE,842,GTX 970,Mid+,GF9,4,25,2014,329,7,N,Strategy,N
617290,For The King,19/08/2019,429,FALSE,842,GTX 970,Mid+,GF9,4,25,2014,329,7,N,Free To Play,N
1796470,Rebel Inc: Escalation,01/04/2025,358,TRUE,934,GTX 970,Mid+,GF9,4,25,2014,329,7,N,Action,Y
1796470,Rebel Inc: Escalation,01/04/2025,358,TRUE,934,GTX 970,Mid+,GF9,4,25,2014,329,7,N,Indie,Y
1796470,Rebel Inc: Escalation,01/04/2025,358,TRUE,934,GTX 970,Mid+,GF9,4,25,2014,329,7,N,Adventure,Y
1796470,Rebel Inc: Escalation,01/04/2025,358,TRUE,934,GTX 970,Mid+,GF9,4,25,2014,329,7,N,Simulation,N
1796470,Rebel Inc: Escalation,01/04/2025,358,TRUE,934,GTX 970,Mid+,GF9,4,25,2014,329,7,N,RPG,N
1796470,Rebel Inc: Escalation,01/04/2025,358,TRUE,934,GTX 970,Mid+,GF9,4,25,2014,329,7,N,Strategy,N
1796470,Rebel Inc: Escalation,01/04/2025,358,TRUE,934,GTX 970,Mid+,GF9,4,25,2014,329,7,N,Free To Play,N
1809540,Wobbly Life,28/05/2024,625,TRUE,655,GTX 970,Mid+,GF9,4,25,2014,329,7,N,Action,Y
1809540,Wobbly Life,28/05/2024,625,TRUE,655,GTX 970,Mid+,GF9,4,25,2014,329,7,N,Indie,Y
1809540,Wobbly Life,28/05/2024,625,TRUE,655,GTX 970,Mid+,GF9,4,25,2014,329,7,N,Adventure,Y
1809540,Wobbly Life,28/05/2024,625,TRUE,655,GTX 970,Mid+,GF9,4,25,2014,329,7,N,Simulation,N
1809540,Wobbly Life,28/05/2024,625,TRUE,655,GTX 970,Mid+,GF9,4,25,2014,329,7,N,RPG,N
1809540,Wobbly Life,28/05/2024,625,TRUE,655,GTX 970,Mid+,GF9,4,25,2014,329,7,N,Strategy,N
1809540,Wobbly Life,28/05/2024,625,TRUE,655,GTX 970,Mid+,GF9,4,25,2014,329,7,N,Free To Play,N
1985810,Just Cause 3,08/03/2023,644,FALSE,641,GTX 970,Mid+,GF9,4,25,2014,329,7,N,Action,Y
1985810,Just Cause 3,08/03/2023,644,FALSE,641,GTX 970,Mid+,GF9,4,25,2014,329,7,N,Indie,N
1985810,Just Cause 3,08/03/2023,644,FALSE,641,GTX 970,Mid+,GF9,4,25,2014,329,7,N,Adventure,N
1985810,Just Cause 3,08/03/2023,644,FALSE,641,GTX 970,Mid+,GF9,4,25,2014,329,7,N,Simulation,N
1985810,Just Cause 3,08/03/2023,644,FALSE,641,GTX 970,Mid+,GF9,4,25,2014,329,7,N,RPG,N
1985810,Just Cause 3,08/03/2023,644,FALSE,641,GTX 970,Mid+,GF9,4,25,2014,329,7,N,Strategy,N
1985810,Just Cause 3,08/03/2023,644,FALSE,641,GTX 970,Mid+,GF9,4,25,2014,329,7,N,Free To Play,N
2138710,MechWarrior Online Legends,28/03/2023,394,FALSE,884,GTX 970,Mid+,GF9,4,25,2014,329,7,N,Action,Y
2138710,MechWarrior Online Legends,28/03/2023,394,FALSE,884,GTX 970,Mid+,GF9,4,25,2014,329,7,N,Indie,Y
2138710,MechWarrior Online Legends,28/03/2023,394,FALSE,884,GTX 970,Mid+,GF9,4,25,2014,329,7,N,Adventure,N
2138710,MechWarrior Online Legends,28/03/2023,394,FALSE,884,GTX 970,Mid+,GF9,4,25,2014,329,7,N,Simulation,N
2138710,MechWarrior Online Legends,28/03/2023,394,FALSE,884,GTX 970,Mid+,GF9,4,25,2014,329,7,N,RPG,N
2138710,MechWarrior Online Legends,28/03/2023,394,FALSE,884,GTX 970,Mid+,GF9,4,25,2014,329,7,N,Strategy,N
2138710,MechWarrior Online Legends,28/03/2023,394,FALSE,884,GTX 970,Mid+,GF9,4,25,2014,329,7,N,Free To Play,N
2660460,PlanetSide 2,11/04/2025,498,FALSE,771,GTX 970,Mid+,GF9,4,25,2014,329,7,N,Action,N
2660460,PlanetSide 2,11/04/2025,498,FALSE,771,GTX 970,Mid+,GF9,4,25,2014,329,7,N,Indie,N
2660460,PlanetSide 2,11/04/2025,498,FALSE,771,GTX 970,Mid+,GF9,4,25,2014,329,7,N,Adventure,N
2660460,PlanetSide 2,11/04/2025,498,FALSE,771,GTX 970,Mid+,GF9,4,25,2014,329,7,N,Simulation,Y
2660460,PlanetSide 2,11/04/2025,498,FALSE,771,GTX 970,Mid+,GF9,4,25,2014,329,7,N,RPG,N
2660460,PlanetSide 2,11/04/2025,498,FALSE,771,GTX 970,Mid+,GF9,4,25,2014,329,7,N,Strategy,N
2660460,PlanetSide 2,11/04/2025,498,FALSE,771,GTX 970,Mid+,GF9,4,25,2014,329,7,N,Free To Play,N
1557740,Automation - The Car Company Tycoon Game,01/04/2021,555,TRUE,714,GTX 970,Mid+,GF9,4,25,2014,329,7,N,Action,Y
1557740,Automation - The Car Company Tycoon Game,01/04/2021,555,TRUE,714,GTX 970,Mid+,GF9,4,25,2014,329,7,N,Indie,Y
1557740,Automation - The Car Company Tycoon Game,01/04/2021,555,TRUE,714,GTX 970,Mid+,GF9,4,25,2014,329,7,N,Adventure,N
1557740,Automation - The Car Company Tycoon Game,01/04/2021,555,TRUE,714,GTX 970,Mid+,GF9,4,25,2014,329,7,N,Simulation,N
1557740,Automation - The Car Company Tycoon Game,01/04/2021,555,TRUE,714,GTX 970,Mid+,GF9,4,25,2014,329,7,N,RPG,N
1557740,Automation - The Car Company Tycoon Game,01/04/2021,555,TRUE,714,GTX 970,Mid+,GF9,4,25,2014,329,7,N,Strategy,N
1557740,Automation - The Car Company Tycoon Game,01/04/2021,555,TRUE,714,GTX 970,Mid+,GF9,4,25,2014,329,7,N,Free To Play,N
730,Counter-Strike 2,21/08/2012,1013936,FALSE,1,GTX 970,Mid+,GF9,4,25,2014,329,7,N,Action,Y
730,Counter-Strike 2,21/08/2012,1013936,FALSE,1,GTX 970,Mid+,GF9,4,25,2014,329,7,N,Indie,N
730,Counter-Strike 2,21/08/2012,1013936,FALSE,1,GTX 970,Mid+,GF9,4,25,2014,329,7,N,Adventure,N
730,Counter-Strike 2,21/08/2012,1013936,FALSE,1,GTX 970,Mid+,GF9,4,25,2014,329,7,N,Simulation,N
730,Counter-Strike 2,21/08/2012,1013936,FALSE,1,GTX 970,Mid+,GF9,4,25,2014,329,7,N,RPG,N
730,Counter-Strike 2,21/08/2012,1013936,FALSE,1,GTX 970,Mid+,GF9,4,25,2014,329,7,N,Strategy,N
730,Counter-Strike 2,21/08/2012,1013936,FALSE,1,GTX 970,Mid+,GF9,4,25,2014,329,7,N,Free To Play,Y
1127500,Derail Valley,20/07/2021,328,TRUE,971,GTX 970,Mid+,GF9,4,25,2014,329,7,N,Action,N
1127500,Derail Valley,20/07/2021,328,TRUE,971,GTX 970,Mid+,GF9,4,25,2014,329,7,N,Indie,N
1127500,Derail Valley,20/07/2021,328,TRUE,971,GTX 970,Mid+,GF9,4,25,2014,329,7,N,Adventure,N
1127500,Derail Valley,20/07/2021,328,TRUE,971,GTX 970,Mid+,GF9,4,25,2014,329,7,N,Simulation,Y
1127500,Derail Valley,20/07/2021,328,TRUE,971,GTX 970,Mid+,GF9,4,25,2014,329,7,N,RPG,N
1127500,Derail Valley,20/07/2021,328,TRUE,971,GTX 970,Mid+,GF9,4,25,2014,329,7,N,Strategy,Y
1127500,Derail Valley,20/07/2021,328,TRUE,971,GTX 970,Mid+,GF9,4,25,2014,329,7,N,Free To Play,N
814380,Sekiro: Shadows Die Twice - GOTY Edition,21/03/2019,6767,FALSE,126,GTX 970,Mid+,GF9,4,25,2014,329,7,N,Action,Y
814380,Sekiro: Shadows Die Twice - GOTY Edition,21/03/2019,6767,FALSE,126,GTX 970,Mid+,GF9,4,25,2014,329,7,N,Indie,N
814380,Sekiro: Shadows Die Twice - GOTY Edition,21/03/2019,6767,FALSE,126,GTX 970,Mid+,GF9,4,25,2014,329,7,N,Adventure,Y
814380,Sekiro: Shadows Die Twice - GOTY Edition,21/03/2019,6767,FALSE,126,GTX 970,Mid+,GF9,4,25,2014,329,7,N,Simulation,N
814380,Sekiro: Shadows Die Twice - GOTY Edition,21/03/2019,6767,FALSE,126,GTX 970,Mid+,GF9,4,25,2014,329,7,N,RPG,N
814380,Sekiro: Shadows Die Twice - GOTY Edition,21/03/2019,6767,FALSE,126,GTX 970,Mid+,GF9,4,25,2014,329,7,N,Strategy,N
814380,Sekiro: Shadows Die Twice - GOTY Edition,21/03/2019,6767,FALSE,126,GTX 970,Mid+,GF9,4,25,2014,329,7,N,Free To Play,N
362890,Black Mesa,06/03/2020,907,FALSE,527,GTX 970,Mid+,GF9,4,25,2014,329,7,N,Action,Y
362890,Black Mesa,06/03/2020,907,FALSE,527,GTX 970,Mid+,GF9,4,25,2014,329,7,N,Indie,Y
362890,Black Mesa,06/03/2020,907,FALSE,527,GTX 970,Mid+,GF9,4,25,2014,329,7,N,Adventure,Y
362890,Black Mesa,06/03/2020,907,FALSE,527,GTX 970,Mid+,GF9,4,25,2014,329,7,N,Simulation,N
362890,Black Mesa,06/03/2020,907,FALSE,527,GTX 970,Mid+,GF9,4,25,2014,329,7,N,RPG,N
362890,Black Mesa,06/03/2020,907,FALSE,527,GTX 970,Mid+,GF9,4,25,2014,329,7,N,Strategy,N
362890,Black Mesa,06/03/2020,907,FALSE,527,GTX 970,Mid+,GF9,4,25,2014,329,7,N,Free To Play,N
233860,Kenshi,06/12/2018,5412,FALSE,148,GTX 970,Mid+,GF9,4,25,2014,329,7,N,Action,Y
233860,Kenshi,06/12/2018,5412,FALSE,148,GTX 970,Mid+,GF9,4,25,2014,329,7,N,Indie,Y
233860,Kenshi,06/12/2018,5412,FALSE,148,GTX 970,Mid+,GF9,4,25,2014,329,7,N,Adventure,N
233860,Kenshi,06/12/2018,5412,FALSE,148,GTX 970,Mid+,GF9,4,25,2014,329,7,N,Simulation,Y
233860,Kenshi,06/12/2018,5412,FALSE,148,GTX 970,Mid+,GF9,4,25,2014,329,7,N,RPG,Y
233860,Kenshi,06/12/2018,5412,FALSE,148,GTX 970,Mid+,GF9,4,25,2014,329,7,N,Strategy,Y
233860,Kenshi,06/12/2018,5412,FALSE,148,GTX 970,Mid+,GF9,4,25,2014,329,7,N,Free To Play,N
983870,FOUNDRY,02/05/2024,925,FALSE,518,GTX 970,Mid+,GF9,4,25,2014,329,7,N,Action,N
983870,FOUNDRY,02/05/2024,925,FALSE,518,GTX 970,Mid+,GF9,4,25,2014,329,7,N,Indie,Y
983870,FOUNDRY,02/05/2024,925,FALSE,518,GTX 970,Mid+,GF9,4,25,2014,329,7,N,Adventure,N
983870,FOUNDRY,02/05/2024,925,FALSE,518,GTX 970,Mid+,GF9,4,25,2014,329,7,N,Simulation,Y
983870,FOUNDRY,02/05/2024,925,FALSE,518,GTX 970,Mid+,GF9,4,25,2014,329,7,N,RPG,N
983870,FOUNDRY,02/05/2024,925,FALSE,518,GTX 970,Mid+,GF9,4,25,2014,329,7,N,Strategy,Y
983870,FOUNDRY,02/05/2024,925,FALSE,518,GTX 970,Mid+,GF9,4,25,2014,329,7,N,Free To Play,N
1336490,Against the Storm,08/12/2023,958,FALSE,506,GTX 970,Mid+,GF9,4,25,2014,329,7,N,Action,N
1336490,Against the Storm,08/12/2023,958,FALSE,506,GTX 970,Mid+,GF9,4,25,2014,329,7,N,Indie,N
1336490,Against the Storm,08/12/2023,958,FALSE,506,GTX 970,Mid+,GF9,4,25,2014,329,7,N,Adventure,N
1336490,Against the Storm,08/12/2023,958,FALSE,506,GTX 970,Mid+,GF9,4,25,2014,329,7,N,Simulation,Y
1336490,Against the Storm,08/12/2023,958,FALSE,506,GTX 970,Mid+,GF9,4,25,2014,329,7,N,RPG,N
1336490,Against the Storm,08/12/2023,958,FALSE,506,GTX 970,Mid+,GF9,4,25,2014,329,7,N,Strategy,Y
1336490,Against the Storm,08/12/2023,958,FALSE,506,GTX 970,Mid+,GF9,4,25,2014,329,7,N,Free To Play,N
1173510,XSOverlay,03/03/2020,975,FALSE,501,GTX 970,Mid+,GF9,4,25,2014,329,7,N,Action,N
1173510,XSOverlay,03/03/2020,975,FALSE,501,GTX 970,Mid+,GF9,4,25,2014,329,7,N,Indie,N
1173510,XSOverlay,03/03/2020,975,FALSE,501,GTX 970,Mid+,GF9,4,25,2014,329,7,N,Adventure,N
1173510,XSOverlay,03/03/2020,975,FALSE,501,GTX 970,Mid+,GF9,4,25,2014,329,7,N,Simulation,N
1173510,XSOverlay,03/03/2020,975,FALSE,501,GTX 970,Mid+,GF9,4,25,2014,329,7,N,RPG,N
1173510,XSOverlay,03/03/2020,975,FALSE,501,GTX 970,Mid+,GF9,4,25,2014,329,7,N,Strategy,N
1173510,XSOverlay,03/03/2020,975,FALSE,501,GTX 970,Mid+,GF9,4,25,2014,329,7,N,Free To Play,N
779340,Total War: THREE KINGDOMS,23/05/2019,4507,TRUE,171,GTX 970,Mid+,GF9,4,25,2014,329,7,N,Action,Y
779340,Total War: THREE KINGDOMS,23/05/2019,4507,TRUE,171,GTX 970,Mid+,GF9,4,25,2014,329,7,N,Indie,N
779340,Total War: THREE KINGDOMS,23/05/2019,4507,TRUE,171,GTX 970,Mid+,GF9,4,25,2014,329,7,N,Adventure,N
779340,Total War: THREE KINGDOMS,23/05/2019,4507,TRUE,171,GTX 970,Mid+,GF9,4,25,2014,329,7,N,Simulation,N
779340,Total War: THREE KINGDOMS,23/05/2019,4507,TRUE,171,GTX 970,Mid+,GF9,4,25,2014,329,7,N,RPG,N
779340,Total War: THREE KINGDOMS,23/05/2019,4507,TRUE,171,GTX 970,Mid+,GF9,4,25,2014,329,7,N,Strategy,Y
779340,Total War: THREE KINGDOMS,23/05/2019,4507,TRUE,171,GTX 970,Mid+,GF9,4,25,2014,329,7,N,Free To Play,N
361420,ASTRONEER,05/02/2019,988,FALSE,495,GTX 970,Mid+,GF9,4,25,2014,329,7,N,Action,N
361420,ASTRONEER,05/02/2019,988,FALSE,495,GTX 970,Mid+,GF9,4,25,2014,329,7,N,Indie,Y
361420,ASTRONEER,05/02/2019,988,FALSE,495,GTX 970,Mid+,GF9,4,25,2014,329,7,N,Adventure,Y
361420,ASTRONEER,05/02/2019,988,FALSE,495,GTX 970,Mid+,GF9,4,25,2014,329,7,N,Simulation,N
361420,ASTRONEER,05/02/2019,988,FALSE,495,GTX 970,Mid+,GF9,4,25,2014,329,7,N,RPG,N
361420,ASTRONEER,05/02/2019,988,FALSE,495,GTX 970,Mid+,GF9,4,25,2014,329,7,N,Strategy,N
361420,ASTRONEER,05/02/2019,988,FALSE,495,GTX 970,Mid+,GF9,4,25,2014,329,7,N,Free To Play,N
262060,Darkest Dungeon,19/01/2016,3848,TRUE,190,GTX 970,Mid+,GF9,4,25,2014,329,7,N,Action,N
262060,Darkest Dungeon,19/01/2016,3848,TRUE,190,GTX 970,Mid+,GF9,4,25,2014,329,7,N,Indie,Y
262060,Darkest Dungeon,19/01/2016,3848,TRUE,190,GTX 970,Mid+,GF9,4,25,2014,329,7,N,Adventure,N
262060,Darkest Dungeon,19/01/2016,3848,TRUE,190,GTX 970,Mid+,GF9,4,25,2014,329,7,N,Simulation,N
262060,Darkest Dungeon,19/01/2016,3848,TRUE,190,GTX 970,Mid+,GF9,4,25,2014,329,7,N,RPG,Y
262060,Darkest Dungeon,19/01/2016,3848,TRUE,190,GTX 970,Mid+,GF9,4,25,2014,329,7,N,Strategy,Y
262060,Darkest Dungeon,19/01/2016,3848,TRUE,190,GTX 970,Mid+,GF9,4,25,2014,329,7,N,Free To Play,N
655500,MX Bikes,07/10/2019,3605,FALSE,198,GTX 970,Mid+,GF9,4,25,2014,329,7,N,Action,N
655500,MX Bikes,07/10/2019,3605,FALSE,198,GTX 970,Mid+,GF9,4,25,2014,329,7,N,Indie,N
655500,MX Bikes,07/10/2019,3605,FALSE,198,GTX 970,Mid+,GF9,4,25,2014,329,7,N,Adventure,N
655500,MX Bikes,07/10/2019,3605,FALSE,198,GTX 970,Mid+,GF9,4,25,2014,329,7,N,Simulation,Y
655500,MX Bikes,07/10/2019,3605,FALSE,198,GTX 970,Mid+,GF9,4,25,2014,329,7,N,RPG,N
655500,MX Bikes,07/10/2019,3605,FALSE,198,GTX 970,Mid+,GF9,4,25,2014,329,7,N,Strategy,N
655500,MX Bikes,07/10/2019,3605,FALSE,198,GTX 970,Mid+,GF9,4,25,2014,329,7,N,Free To Play,N
976730,Halo: The Master Chief Collection,03/12/2019,3362,FALSE,211,GTX 970,Mid+,GF9,4,25,2014,329,7,N,Action,Y
976730,Halo: The Master Chief Collection,03/12/2019,3362,FALSE,211,GTX 970,Mid+,GF9,4,25,2014,329,7,N,Indie,N
976730,Halo: The Master Chief Collection,03/12/2019,3362,FALSE,211,GTX 970,Mid+,GF9,4,25,2014,329,7,N,Adventure,N
976730,Halo: The Master Chief Collection,03/12/2019,3362,FALSE,211,GTX 970,Mid+,GF9,4,25,2014,329,7,N,Simulation,N
976730,Halo: The Master Chief Collection,03/12/2019,3362,FALSE,211,GTX 970,Mid+,GF9,4,25,2014,329,7,N,RPG,N
976730,Halo: The Master Chief Collection,03/12/2019,3362,FALSE,211,GTX 970,Mid+,GF9,4,25,2014,329,7,N,Strategy,N
976730,Halo: The Master Chief Collection,03/12/2019,3362,FALSE,211,GTX 970,Mid+,GF9,4,25,2014,329,7,N,Free To Play,N
1009850,OVR Advanced Settings,14/04/2020,3358,FALSE,212,GTX 970,Mid+,GF9,4,25,2014,329,7,N,Action,N
1009850,OVR Advanced Settings,14/04/2020,3358,FALSE,212,GTX 970,Mid+,GF9,4,25,2014,329,7,N,Indie,N
1009850,OVR Advanced Settings,14/04/2020,3358,FALSE,212,GTX 970,Mid+,GF9,4,25,2014,329,7,N,Adventure,N
1009850,OVR Advanced Settings,14/04/2020,3358,FALSE,212,GTX 970,Mid+,GF9,4,25,2014,329,7,N,Simulation,N
1009850,OVR Advanced Settings,14/04/2020,3358,FALSE,212,GTX 970,Mid+,GF9,4,25,2014,329,7,N,RPG,N
1009850,OVR Advanced Settings,14/04/2020,3358,FALSE,212,GTX 970,Mid+,GF9,4,25,2014,329,7,N,Strategy,N
1009850,OVR Advanced Settings,14/04/2020,3358,FALSE,212,GTX 970,Mid+,GF9,4,25,2014,329,7,N,Free To Play,N
529760,TAIKU MANSION,13/02/2017,3278,FALSE,217,GTX 970,Mid+,GF9,4,25,2014,329,7,N,Action,Y
529760,TAIKU MANSION,13/02/2017,3278,FALSE,217,GTX 970,Mid+,GF9,4,25,2014,329,7,N,Indie,N
529760,TAIKU MANSION,13/02/2017,3278,FALSE,217,GTX 970,Mid+,GF9,4,25,2014,329,7,N,Adventure,Y
529760,TAIKU MANSION,13/02/2017,3278,FALSE,217,GTX 970,Mid+,GF9,4,25,2014,329,7,N,Simulation,N
529760,TAIKU MANSION,13/02/2017,3278,FALSE,217,GTX 970,Mid+,GF9,4,25,2014,329,7,N,RPG,N
529760,TAIKU MANSION,13/02/2017,3278,FALSE,217,GTX 970,Mid+,GF9,4,25,2014,329,7,N,Strategy,N
529760,TAIKU MANSION,13/02/2017,3278,FALSE,217,GTX 970,Mid+,GF9,4,25,2014,329,7,N,Free To Play,N
1533390,Gorilla Tag,01/01/2023,852,FALSE,543,GTX 970,Mid+,GF9,4,25,2014,329,7,N,Action,Y
1533390,Gorilla Tag,01/01/2023,852,FALSE,543,GTX 970,Mid+,GF9,4,25,2014,329,7,N,Indie,N
1533390,Gorilla Tag,01/01/2023,852,FALSE,543,GTX 970,Mid+,GF9,4,25,2014,329,7,N,Adventure,N
1533390,Gorilla Tag,01/01/2023,852,FALSE,543,GTX 970,Mid+,GF9,4,25,2014,329,7,N,Simulation,N
1533390,Gorilla Tag,01/01/2023,852,FALSE,543,GTX 970,Mid+,GF9,4,25,2014,329,7,N,RPG,N
1533390,Gorilla Tag,01/01/2023,852,FALSE,543,GTX 970,Mid+,GF9,4,25,2014,329,7,N,Strategy,N
1533390,Gorilla Tag,01/01/2023,852,FALSE,543,GTX 970,Mid+,GF9,4,25,2014,329,7,N,Free To Play,N
1250410,Microsoft Flight Simulator (2020) 40th Anniversary Edition,17/08/2020,3245,FALSE,219,GTX 970,Mid+,GF9,4,25,2014,329,7,N,Action,N
1250410,Microsoft Flight Simulator (2020) 40th Anniversary Edition,17/08/2020,3245,FALSE,219,GTX 970,Mid+,GF9,4,25,2014,329,7,N,Indie,N
1250410,Microsoft Flight Simulator (2020) 40th Anniversary Edition,17/08/2020,3245,FALSE,219,GTX 970,Mid+,GF9,4,25,2014,329,7,N,Adventure,N
1250410,Microsoft Flight Simulator (2020) 40th Anniversary Edition,17/08/2020,3245,FALSE,219,GTX 970,Mid+,GF9,4,25,2014,329,7,N,Simulation,Y
1250410,Microsoft Flight Simulator (2020) 40th Anniversary Edition,17/08/2020,3245,FALSE,219,GTX 970,Mid+,GF9,4,25,2014,329,7,N,RPG,N
1250410,Microsoft Flight Simulator (2020) 40th Anniversary Edition,17/08/2020,3245,FALSE,219,GTX 970,Mid+,GF9,4,25,2014,329,7,N,Strategy,N
1250410,Microsoft Flight Simulator (2020) 40th Anniversary Edition,17/08/2020,3245,FALSE,219,GTX 970,Mid+,GF9,4,25,2014,329,7,N,Free To Play,N
1229490,ULTRAKILL,03/09/2020,3122,FALSE,224,GTX 970,Mid+,GF9,4,25,2014,329,7,N,Action,Y
1229490,ULTRAKILL,03/09/2020,3122,FALSE,224,GTX 970,Mid+,GF9,4,25,2014,329,7,N,Indie,Y
1229490,ULTRAKILL,03/09/2020,3122,FALSE,224,GTX 970,Mid+,GF9,4,25,2014,329,7,N,Adventure,N
1229490,ULTRAKILL,03/09/2020,3122,FALSE,224,GTX 970,Mid+,GF9,4,25,2014,329,7,N,Simulation,N
1229490,ULTRAKILL,03/09/2020,3122,FALSE,224,GTX 970,Mid+,GF9,4,25,2014,329,7,N,RPG,N
1229490,ULTRAKILL,03/09/2020,3122,FALSE,224,GTX 970,Mid+,GF9,4,25,2014,329,7,N,Strategy,N
1229490,ULTRAKILL,03/09/2020,3122,FALSE,224,GTX 970,Mid+,GF9,4,25,2014,329,7,N,Free To Play,N
2071280,Ravenswatch,26/09/2024,2578,FALSE,253,GTX 970,Mid+,GF9,4,25,2014,329,7,N,Action,Y
2071280,Ravenswatch,26/09/2024,2578,FALSE,253,GTX 970,Mid+,GF9,4,25,2014,329,7,N,Indie,N
2071280,Ravenswatch,26/09/2024,2578,FALSE,253,GTX 970,Mid+,GF9,4,25,2014,329,7,N,Adventure,Y
2071280,Ravenswatch,26/09/2024,2578,FALSE,253,GTX 970,Mid+,GF9,4,25,2014,329,7,N,Simulation,N
2071280,Ravenswatch,26/09/2024,2578,FALSE,253,GTX 970,Mid+,GF9,4,25,2014,329,7,N,RPG,N
2071280,Ravenswatch,26/09/2024,2578,FALSE,253,GTX 970,Mid+,GF9,4,25,2014,329,7,N,Strategy,N
2071280,Ravenswatch,26/09/2024,2578,FALSE,253,GTX 970,Mid+,GF9,4,25,2014,329,7,N,Free To Play,N
386180,Crossout,26/07/2017,2231,FALSE,285,GTX 970,Mid+,GF9,4,25,2014,329,7,N,Action,Y
386180,Crossout,26/07/2017,2231,FALSE,285,GTX 970,Mid+,GF9,4,25,2014,329,7,N,Indie,N
386180,Crossout,26/07/2017,2231,FALSE,285,GTX 970,Mid+,GF9,4,25,2014,329,7,N,Adventure,Y
386180,Crossout,26/07/2017,2231,FALSE,285,GTX 970,Mid+,GF9,4,25,2014,329,7,N,Simulation,N
386180,Crossout,26/07/2017,2231,FALSE,285,GTX 970,Mid+,GF9,4,25,2014,329,7,N,RPG,N
386180,Crossout,26/07/2017,2231,FALSE,285,GTX 970,Mid+,GF9,4,25,2014,329,7,N,Strategy,N
386180,Crossout,26/07/2017,2231,FALSE,285,GTX 970,Mid+,GF9,4,25,2014,329,7,N,Free To Play,Y
552500,Warhammer: Vermintide 2,08/03/2018,2124,FALSE,294,GTX 970,Mid+,GF9,4,25,2014,329,7,N,Action,Y
552500,Warhammer: Vermintide 2,08/03/2018,2124,FALSE,294,GTX 970,Mid+,GF9,4,25,2014,329,7,N,Indie,Y
552500,Warhammer: Vermintide 2,08/03/2018,2124,FALSE,294,GTX 970,Mid+,GF9,4,25,2014,329,7,N,Adventure,N
552500,Warhammer: Vermintide 2,08/03/2018,2124,FALSE,294,GTX 970,Mid+,GF9,4,25,2014,329,7,N,Simulation,N
552500,Warhammer: Vermintide 2,08/03/2018,2124,FALSE,294,GTX 970,Mid+,GF9,4,25,2014,329,7,N,RPG,Y
552500,Warhammer: Vermintide 2,08/03/2018,2124,FALSE,294,GTX 970,Mid+,GF9,4,25,2014,329,7,N,Strategy,N
552500,Warhammer: Vermintide 2,08/03/2018,2124,FALSE,294,GTX 970,Mid+,GF9,4,25,2014,329,7,N,Free To Play,N
2679460,Metaphor: ReFantazio,10/10/2024,1753,FALSE,328,GTX 970,Mid+,GF9,4,25,2014,329,7,N,Action,Y
2679460,Metaphor: ReFantazio,10/10/2024,1753,FALSE,328,GTX 970,Mid+,GF9,4,25,2014,329,7,N,Indie,N
2679460,Metaphor: ReFantazio,10/10/2024,1753,FALSE,328,GTX 970,Mid+,GF9,4,25,2014,329,7,N,Adventure,Y
2679460,Metaphor: ReFantazio,10/10/2024,1753,FALSE,328,GTX 970,Mid+,GF9,4,25,2014,329,7,N,Simulation,N
2679460,Metaphor: ReFantazio,10/10/2024,1753,FALSE,328,GTX 970,Mid+,GF9,4,25,2014,329,7,N,RPG,Y
2679460,Metaphor: ReFantazio,10/10/2024,1753,FALSE,328,GTX 970,Mid+,GF9,4,25,2014,329,7,N,Strategy,N
2679460,Metaphor: ReFantazio,10/10/2024,1753,FALSE,328,GTX 970,Mid+,GF9,4,25,2014,329,7,N,Free To Play,N
379720,DOOM,12/05/2016,1590,FALSE,354,GTX 970,Mid+,GF9,4,25,2014,329,7,N,Action,Y
379720,DOOM,12/05/2016,1590,FALSE,354,GTX 970,Mid+,GF9,4,25,2014,329,7,N,Indie,N
379720,DOOM,12/05/2016,1590,FALSE,354,GTX 970,Mid+,GF9,4,25,2014,329,7,N,Adventure,N
379720,DOOM,12/05/2016,1590,FALSE,354,GTX 970,Mid+,GF9,4,25,2014,329,7,N,Simulation,N
379720,DOOM,12/05/2016,1590,FALSE,354,GTX 970,Mid+,GF9,4,25,2014,329,7,N,RPG,N
379720,DOOM,12/05/2016,1590,FALSE,354,GTX 970,Mid+,GF9,4,25,2014,329,7,N,Strategy,N
379720,DOOM,12/05/2016,1590,FALSE,354,GTX 970,Mid+,GF9,4,25,2014,329,7,N,Free To Play,N
924970,Back 4 Blood,12/10/2021,1288,FALSE,423,GTX 970,Mid+,GF9,4,25,2014,329,7,N,Action,Y
924970,Back 4 Blood,12/10/2021,1288,FALSE,423,GTX 970,Mid+,GF9,4,25,2014,329,7,N,Indie,N
924970,Back 4 Blood,12/10/2021,1288,FALSE,423,GTX 970,Mid+,GF9,4,25,2014,329,7,N,Adventure,N
924970,Back 4 Blood,12/10/2021,1288,FALSE,423,GTX 970,Mid+,GF9,4,25,2014,329,7,N,Simulation,N
924970,Back 4 Blood,12/10/2021,1288,FALSE,423,GTX 970,Mid+,GF9,4,25,2014,329,7,N,RPG,N
924970,Back 4 Blood,12/10/2021,1288,FALSE,423,GTX 970,Mid+,GF9,4,25,2014,329,7,N,Strategy,N
924970,Back 4 Blood,12/10/2021,1288,FALSE,423,GTX 970,Mid+,GF9,4,25,2014,329,7,N,Free To Play,N
552520,Far Cry 5,26/03/2018,1297,FALSE,422,GTX 970,Mid+,GF9,4,25,2014,329,7,N,Action,Y
552520,Far Cry 5,26/03/2018,1297,FALSE,422,GTX 970,Mid+,GF9,4,25,2014,329,7,N,Indie,N
552520,Far Cry 5,26/03/2018,1297,FALSE,422,GTX 970,Mid+,GF9,4,25,2014,329,7,N,Adventure,Y
552520,Far Cry 5,26/03/2018,1297,FALSE,422,GTX 970,Mid+,GF9,4,25,2014,329,7,N,Simulation,N
552520,Far Cry 5,26/03/2018,1297,FALSE,422,GTX 970,Mid+,GF9,4,25,2014,329,7,N,RPG,N
552520,Far Cry 5,26/03/2018,1297,FALSE,422,GTX 970,Mid+,GF9,4,25,2014,329,7,N,Strategy,N
552520,Far Cry 5,26/03/2018,1297,FALSE,422,GTX 970,Mid+,GF9,4,25,2014,329,7,N,Free To Play,N
1934680,Age of Mythology: Retold,04/09/2024,1559,FALSE,362,GTX 970,Mid+,GF9,4,25,2014,329,7,N,Action,N
1934680,Age of Mythology: Retold,04/09/2024,1559,FALSE,362,GTX 970,Mid+,GF9,4,25,2014,329,7,N,Indie,N
1934680,Age of Mythology: Retold,04/09/2024,1559,FALSE,362,GTX 970,Mid+,GF9,4,25,2014,329,7,N,Adventure,N
1934680,Age of Mythology: Retold,04/09/2024,1559,FALSE,362,GTX 970,Mid+,GF9,4,25,2014,329,7,N,Simulation,N
1934680,Age of Mythology: Retold,04/09/2024,1559,FALSE,362,GTX 970,Mid+,GF9,4,25,2014,329,7,N,RPG,N
1934680,Age of Mythology: Retold,04/09/2024,1559,FALSE,362,GTX 970,Mid+,GF9,4,25,2014,329,7,N,Strategy,Y
1934680,Age of Mythology: Retold,04/09/2024,1559,FALSE,362,GTX 970,Mid+,GF9,4,25,2014,329,7,N,Free To Play,N
508440,Totally Accurate Battle Simulator,01/04/2021,1299,TRUE,420,GTX 970,Mid+,GF9,4,25,2014,329,7,N,Action,N
508440,Totally Accurate Battle Simulator,01/04/2021,1299,TRUE,420,GTX 970,Mid+,GF9,4,25,2014,329,7,N,Indie,Y
508440,Totally Accurate Battle Simulator,01/04/2021,1299,TRUE,420,GTX 970,Mid+,GF9,4,25,2014,329,7,N,Adventure,N
508440,Totally Accurate Battle Simulator,01/04/2021,1299,TRUE,420,GTX 970,Mid+,GF9,4,25,2014,329,7,N,Simulation,Y
508440,Totally Accurate Battle Simulator,01/04/2021,1299,TRUE,420,GTX 970,Mid+,GF9,4,25,2014,329,7,N,RPG,N
508440,Totally Accurate Battle Simulator,01/04/2021,1299,TRUE,420,GTX 970,Mid+,GF9,4,25,2014,329,7,N,Strategy,Y
508440,Totally Accurate Battle Simulator,01/04/2021,1299,TRUE,420,GTX 970,Mid+,GF9,4,25,2014,329,7,N,Free To Play,N
2617700,Tinkerlands,23/05/2025,1543,FALSE,364,GTX 970,Mid+,GF9,4,25,2014,329,7,N,Action,Y
2617700,Tinkerlands,23/05/2025,1543,FALSE,364,GTX 970,Mid+,GF9,4,25,2014,329,7,N,Indie,Y
2617700,Tinkerlands,23/05/2025,1543,FALSE,364,GTX 970,Mid+,GF9,4,25,2014,329,7,N,Adventure,Y
2617700,Tinkerlands,23/05/2025,1543,FALSE,364,GTX 970,Mid+,GF9,4,25,2014,329,7,N,Simulation,Y
2617700,Tinkerlands,23/05/2025,1543,FALSE,364,GTX 970,Mid+,GF9,4,25,2014,329,7,N,RPG,Y
2617700,Tinkerlands,23/05/2025,1543,FALSE,364,GTX 970,Mid+,GF9,4,25,2014,329,7,N,Strategy,Y
2617700,Tinkerlands,23/05/2025,1543,FALSE,364,GTX 970,Mid+,GF9,4,25,2014,329,7,N,Free To Play,N
613100,House Flipper,17/05/2018,1311,TRUE,415,GTX 970,Mid+,GF9,4,25,2014,329,7,N,Action,N
613100,House Flipper,17/05/2018,1311,TRUE,415,GTX 970,Mid+,GF9,4,25,2014,329,7,N,Indie,Y
613100,House Flipper,17/05/2018,1311,TRUE,415,GTX 970,Mid+,GF9,4,25,2014,329,7,N,Adventure,N
613100,House Flipper,17/05/2018,1311,TRUE,415,GTX 970,Mid+,GF9,4,25,2014,329,7,N,Simulation,Y
613100,House Flipper,17/05/2018,1311,TRUE,415,GTX 970,Mid+,GF9,4,25,2014,329,7,N,RPG,N
613100,House Flipper,17/05/2018,1311,TRUE,415,GTX 970,Mid+,GF9,4,25,2014,329,7,N,Strategy,N
613100,House Flipper,17/05/2018,1311,TRUE,415,GTX 970,Mid+,GF9,4,25,2014,329,7,N,Free To Play,N
460930,Tom Clancy's Ghost Recon Wildlands,06/03/2017,1441,FALSE,384,GTX 970,Mid+,GF9,4,25,2014,329,7,N,Action,Y
460930,Tom Clancy's Ghost Recon Wildlands,06/03/2017,1441,FALSE,384,GTX 970,Mid+,GF9,4,25,2014,329,7,N,Indie,N
460930,Tom Clancy's Ghost Recon Wildlands,06/03/2017,1441,FALSE,384,GTX 970,Mid+,GF9,4,25,2014,329,7,N,Adventure,Y
460930,Tom Clancy's Ghost Recon Wildlands,06/03/2017,1441,FALSE,384,GTX 970,Mid+,GF9,4,25,2014,329,7,N,Simulation,N
460930,Tom Clancy's Ghost Recon Wildlands,06/03/2017,1441,FALSE,384,GTX 970,Mid+,GF9,4,25,2014,329,7,N,RPG,N
460930,Tom Clancy's Ghost Recon Wildlands,06/03/2017,1441,FALSE,384,GTX 970,Mid+,GF9,4,25,2014,329,7,N,Strategy,N
460930,Tom Clancy's Ghost Recon Wildlands,06/03/2017,1441,FALSE,384,GTX 970,Mid+,GF9,4,25,2014,329,7,N,Free To Play,N
1465360,SnowRunner,17/05/2021,3132,TRUE,222,GTX 970,Mid+,GF9,4,25,2014,329,7,N,Action,N
1465360,SnowRunner,17/05/2021,3132,TRUE,222,GTX 970,Mid+,GF9,4,25,2014,329,7,N,Indie,N
1465360,SnowRunner,17/05/2021,3132,TRUE,222,GTX 970,Mid+,GF9,4,25,2014,329,7,N,Adventure,Y
1465360,SnowRunner,17/05/2021,3132,TRUE,222,GTX 970,Mid+,GF9,4,25,2014,329,7,N,Simulation,Y
1465360,SnowRunner,17/05/2021,3132,TRUE,222,GTX 970,Mid+,GF9,4,25,2014,329,7,N,RPG,N
1465360,SnowRunner,17/05/2021,3132,TRUE,222,GTX 970,Mid+,GF9,4,25,2014,329,7,N,Strategy,N
1465360,SnowRunner,17/05/2021,3132,TRUE,222,GTX 970,Mid+,GF9,4,25,2014,329,7,N,Free To Play,N
2000950,Call of Duty: Modern Warfare,08/03/2023,847,FALSE,547,GTX 970,Mid+,GF9,4,25,2014,329,7,N,Action,Y
2000950,Call of Duty: Modern Warfare,08/03/2023,847,FALSE,547,GTX 970,Mid+,GF9,4,25,2014,329,7,N,Indie,N
2000950,Call of Duty: Modern Warfare,08/03/2023,847,FALSE,547,GTX 970,Mid+,GF9,4,25,2014,329,7,N,Adventure,N
2000950,Call of Duty: Modern Warfare,08/03/2023,847,FALSE,547,GTX 970,Mid+,GF9,4,25,2014,329,7,N,Simulation,N
2000950,Call of Duty: Modern Warfare,08/03/2023,847,FALSE,547,GTX 970,Mid+,GF9,4,25,2014,329,7,N,RPG,N
2000950,Call of Duty: Modern Warfare,08/03/2023,847,FALSE,547,GTX 970,Mid+,GF9,4,25,2014,329,7,N,Strategy,N
2000950,Call of Duty: Modern Warfare,08/03/2023,847,FALSE,547,GTX 970,Mid+,GF9,4,25,2014,329,7,N,Free To Play,N
374320,DARK SOULS III,11/04/2016,4381,FALSE,178,GTX 970,Mid+,GF9,4,25,2014,329,7,N,Action,Y
374320,DARK SOULS III,11/04/2016,4381,FALSE,178,GTX 970,Mid+,GF9,4,25,2014,329,7,N,Indie,N
374320,DARK SOULS III,11/04/2016,4381,FALSE,178,GTX 970,Mid+,GF9,4,25,2014,329,7,N,Adventure,N
374320,DARK SOULS III,11/04/2016,4381,FALSE,178,GTX 970,Mid+,GF9,4,25,2014,329,7,N,Simulation,N
374320,DARK SOULS III,11/04/2016,4381,FALSE,178,GTX 970,Mid+,GF9,4,25,2014,329,7,N,RPG,N
374320,DARK SOULS III,11/04/2016,4381,FALSE,178,GTX 970,Mid+,GF9,4,25,2014,329,7,N,Strategy,N
374320,DARK SOULS III,11/04/2016,4381,FALSE,178,GTX 970,Mid+,GF9,4,25,2014,329,7,N,Free To Play,N
1151340,Fallout 76,14/04/2020,8796,FALSE,104,GTX 970,Mid+,GF9,4,25,2014,329,7,N,Action,N
1151340,Fallout 76,14/04/2020,8796,FALSE,104,GTX 970,Mid+,GF9,4,25,2014,329,7,N,Indie,N
1151340,Fallout 76,14/04/2020,8796,FALSE,104,GTX 970,Mid+,GF9,4,25,2014,329,7,N,Adventure,N
1151340,Fallout 76,14/04/2020,8796,FALSE,104,GTX 970,Mid+,GF9,4,25,2014,329,7,N,Simulation,N
1151340,Fallout 76,14/04/2020,8796,FALSE,104,GTX 970,Mid+,GF9,4,25,2014,329,7,N,RPG,Y
1151340,Fallout 76,14/04/2020,8796,FALSE,104,GTX 970,Mid+,GF9,4,25,2014,329,7,N,Strategy,N
1151340,Fallout 76,14/04/2020,8796,FALSE,104,GTX 970,Mid+,GF9,4,25,2014,329,7,N,Free To Play,N
2344520,Diablo IV,17/10/2023,8835,FALSE,103,GTX 970,Mid+,GF9,4,25,2014,329,7,N,Action,Y
2344520,Diablo IV,17/10/2023,8835,FALSE,103,GTX 970,Mid+,GF9,4,25,2014,329,7,N,Indie,N
2344520,Diablo IV,17/10/2023,8835,FALSE,103,GTX 970,Mid+,GF9,4,25,2014,329,7,N,Adventure,N
2344520,Diablo IV,17/10/2023,8835,FALSE,103,GTX 970,Mid+,GF9,4,25,2014,329,7,N,Simulation,N
2344520,Diablo IV,17/10/2023,8835,FALSE,103,GTX 970,Mid+,GF9,4,25,2014,329,7,N,RPG,Y
2344520,Diablo IV,17/10/2023,8835,FALSE,103,GTX 970,Mid+,GF9,4,25,2014,329,7,N,Strategy,N
2344520,Diablo IV,17/10/2023,8835,FALSE,103,GTX 970,Mid+,GF9,4,25,2014,329,7,N,Free To Play,N
266840,Age of Mythology: Extended Edition,08/05/2014,804,FALSE,560,GTX 970,Mid+,GF9,4,25,2014,329,7,N,Action,N
266840,Age of Mythology: Extended Edition,08/05/2014,804,FALSE,560,GTX 970,Mid+,GF9,4,25,2014,329,7,N,Indie,N
266840,Age of Mythology: Extended Edition,08/05/2014,804,FALSE,560,GTX 970,Mid+,GF9,4,25,2014,329,7,N,Adventure,N
266840,Age of Mythology: Extended Edition,08/05/2014,804,FALSE,560,GTX 970,Mid+,GF9,4,25,2014,329,7,N,Simulation,Y
266840,Age of Mythology: Extended Edition,08/05/2014,804,FALSE,560,GTX 970,Mid+,GF9,4,25,2014,329,7,N,RPG,N
266840,Age of Mythology: Extended Edition,08/05/2014,804,FALSE,560,GTX 970,Mid+,GF9,4,25,2014,329,7,N,Strategy,Y
266840,Age of Mythology: Extended Edition,08/05/2014,804,FALSE,560,GTX 970,Mid+,GF9,4,25,2014,329,7,N,Free To Play,N
304050,Trove,09/07/2015,758,FALSE,581,GTX 970,Mid+,GF9,4,25,2014,329,7,N,Action,Y
304050,Trove,09/07/2015,758,FALSE,581,GTX 970,Mid+,GF9,4,25,2014,329,7,N,Indie,N
304050,Trove,09/07/2015,758,FALSE,581,GTX 970,Mid+,GF9,4,25,2014,329,7,N,Adventure,Y
304050,Trove,09/07/2015,758,FALSE,581,GTX 970,Mid+,GF9,4,25,2014,329,7,N,Simulation,N
304050,Trove,09/07/2015,758,FALSE,581,GTX 970,Mid+,GF9,4,25,2014,329,7,N,RPG,Y
304050,Trove,09/07/2015,758,FALSE,581,GTX 970,Mid+,GF9,4,25,2014,329,7,N,Strategy,N
304050,Trove,09/07/2015,758,FALSE,581,GTX 970,Mid+,GF9,4,25,2014,329,7,N,Free To Play,Y
1158310,Crusader Kings III,01/09/2020,14302,TRUE,74,GTX 970,Mid+,GF9,4,25,2014,329,7,N,Action,N
1158310,Crusader Kings III,01/09/2020,14302,TRUE,74,GTX 970,Mid+,GF9,4,25,2014,329,7,N,Indie,N
1158310,Crusader Kings III,01/09/2020,14302,TRUE,74,GTX 970,Mid+,GF9,4,25,2014,329,7,N,Adventure,N
1158310,Crusader Kings III,01/09/2020,14302,TRUE,74,GTX 970,Mid+,GF9,4,25,2014,329,7,N,Simulation,Y
1158310,Crusader Kings III,01/09/2020,14302,TRUE,74,GTX 970,Mid+,GF9,4,25,2014,329,7,N,RPG,Y
1158310,Crusader Kings III,01/09/2020,14302,TRUE,74,GTX 970,Mid+,GF9,4,25,2014,329,7,N,Strategy,Y
1158310,Crusader Kings III,01/09/2020,14302,TRUE,74,GTX 970,Mid+,GF9,4,25,2014,329,7,N,Free To Play,N
306130,The Elder Scrolls Online,22/05/2017,15987,TRUE,61,GTX 970,Mid+,GF9,4,25,2014,329,7,N,Action,Y
306130,The Elder Scrolls Online,22/05/2017,15987,TRUE,61,GTX 970,Mid+,GF9,4,25,2014,329,7,N,Indie,N
306130,The Elder Scrolls Online,22/05/2017,15987,TRUE,61,GTX 970,Mid+,GF9,4,25,2014,329,7,N,Adventure,Y
306130,The Elder Scrolls Online,22/05/2017,15987,TRUE,61,GTX 970,Mid+,GF9,4,25,2014,329,7,N,Simulation,N
306130,The Elder Scrolls Online,22/05/2017,15987,TRUE,61,GTX 970,Mid+,GF9,4,25,2014,329,7,N,RPG,Y
306130,The Elder Scrolls Online,22/05/2017,15987,TRUE,61,GTX 970,Mid+,GF9,4,25,2014,329,7,N,Strategy,N
306130,The Elder Scrolls Online,22/05/2017,15987,TRUE,61,GTX 970,Mid+,GF9,4,25,2014,329,7,N,Free To Play,N
1085660,Destiny 2,01/10/2019,24619,FALSE,42,GTX 970,Mid+,GF9,4,25,2014,329,7,N,Action,Y
1085660,Destiny 2,01/10/2019,24619,FALSE,42,GTX 970,Mid+,GF9,4,25,2014,329,7,N,Indie,N
1085660,Destiny 2,01/10/2019,24619,FALSE,42,GTX 970,Mid+,GF9,4,25,2014,329,7,N,Adventure,Y
1085660,Destiny 2,01/10/2019,24619,FALSE,42,GTX 970,Mid+,GF9,4,25,2014,329,7,N,Simulation,N
1085660,Destiny 2,01/10/2019,24619,FALSE,42,GTX 970,Mid+,GF9,4,25,2014,329,7,N,RPG,N
1085660,Destiny 2,01/10/2019,24619,FALSE,42,GTX 970,Mid+,GF9,4,25,2014,329,7,N,Strategy,N
1085660,Destiny 2,01/10/2019,24619,FALSE,42,GTX 970,Mid+,GF9,4,25,2014,329,7,N,Free To Play,Y
365590,Tom Clancy's The Division,07/03/2016,774,FALSE,572,GTX 970,Mid+,GF9,4,25,2014,329,7,N,Action,Y
365590,Tom Clancy's The Division,07/03/2016,774,FALSE,572,GTX 970,Mid+,GF9,4,25,2014,329,7,N,Indie,N
365590,Tom Clancy's The Division,07/03/2016,774,FALSE,572,GTX 970,Mid+,GF9,4,25,2014,329,7,N,Adventure,Y
365590,Tom Clancy's The Division,07/03/2016,774,FALSE,572,GTX 970,Mid+,GF9,4,25,2014,329,7,N,Simulation,N
365590,Tom Clancy's The Division,07/03/2016,774,FALSE,572,GTX 970,Mid+,GF9,4,25,2014,329,7,N,RPG,Y
365590,Tom Clancy's The Division,07/03/2016,774,FALSE,572,GTX 970,Mid+,GF9,4,25,2014,329,7,N,Strategy,N
365590,Tom Clancy's The Division,07/03/2016,774,FALSE,572,GTX 970,Mid+,GF9,4,25,2014,329,7,N,Free To Play,N
381210,Dead by Daylight,14/06/2016,44886,FALSE,20,GTX 970,Mid+,GF9,4,25,2014,329,7,N,Action,Y
381210,Dead by Daylight,14/06/2016,44886,FALSE,20,GTX 970,Mid+,GF9,4,25,2014,329,7,N,Indie,N
381210,Dead by Daylight,14/06/2016,44886,FALSE,20,GTX 970,Mid+,GF9,4,25,2014,329,7,N,Adventure,N
381210,Dead by Daylight,14/06/2016,44886,FALSE,20,GTX 970,Mid+,GF9,4,25,2014,329,7,N,Simulation,N
381210,Dead by Daylight,14/06/2016,44886,FALSE,20,GTX 970,Mid+,GF9,4,25,2014,329,7,N,RPG,N
381210,Dead by Daylight,14/06/2016,44886,FALSE,20,GTX 970,Mid+,GF9,4,25,2014,329,7,N,Strategy,N
381210,Dead by Daylight,14/06/2016,44886,FALSE,20,GTX 970,Mid+,GF9,4,25,2014,329,7,N,Free To Play,N
1172470,Apex Legends,04/11/2020,124262,FALSE,7,GTX 970,Mid+,GF9,4,25,2014,329,7,N,Action,Y
1172470,Apex Legends,04/11/2020,124262,FALSE,7,GTX 970,Mid+,GF9,4,25,2014,329,7,N,Indie,N
1172470,Apex Legends,04/11/2020,124262,FALSE,7,GTX 970,Mid+,GF9,4,25,2014,329,7,N,Adventure,Y
1172470,Apex Legends,04/11/2020,124262,FALSE,7,GTX 970,Mid+,GF9,4,25,2014,329,7,N,Simulation,N
1172470,Apex Legends,04/11/2020,124262,FALSE,7,GTX 970,Mid+,GF9,4,25,2014,329,7,N,RPG,N
1172470,Apex Legends,04/11/2020,124262,FALSE,7,GTX 970,Mid+,GF9,4,25,2014,329,7,N,Strategy,N
1172470,Apex Legends,04/11/2020,124262,FALSE,7,GTX 970,Mid+,GF9,4,25,2014,329,7,N,Free To Play,Y
438100,VRChat,01/02/2017,34699,FALSE,27,GTX 970,Mid+,GF9,4,25,2014,329,7,N,Action,N
438100,VRChat,01/02/2017,34699,FALSE,27,GTX 970,Mid+,GF9,4,25,2014,329,7,N,Indie,N
438100,VRChat,01/02/2017,34699,FALSE,27,GTX 970,Mid+,GF9,4,25,2014,329,7,N,Adventure,Y
438100,VRChat,01/02/2017,34699,FALSE,27,GTX 970,Mid+,GF9,4,25,2014,329,7,N,Simulation,Y
438100,VRChat,01/02/2017,34699,FALSE,27,GTX 970,Mid+,GF9,4,25,2014,329,7,N,RPG,N
438100,VRChat,01/02/2017,34699,FALSE,27,GTX 970,Mid+,GF9,4,25,2014,329,7,N,Strategy,N
438100,VRChat,01/02/2017,34699,FALSE,27,GTX 970,Mid+,GF9,4,25,2014,329,7,N,Free To Play,Y
493340,WEBFISHING,17/11/2016,687,TRUE,610,GTX 980,Top,GF9,4,35,2014,549,6,N,Action,Y
493340,WEBFISHING,17/11/2016,687,TRUE,610,GTX 980,Top,GF9,4,35,2014,549,6,N,Indie,N
493340,WEBFISHING,17/11/2016,687,TRUE,610,GTX 980,Top,GF9,4,35,2014,549,6,N,Adventure,Y
493340,WEBFISHING,17/11/2016,687,TRUE,610,GTX 980,Top,GF9,4,35,2014,549,6,N,Simulation,Y
493340,WEBFISHING,17/11/2016,687,TRUE,610,GTX 980,Top,GF9,4,35,2014,549,6,N,RPG,N
493340,WEBFISHING,17/11/2016,687,TRUE,610,GTX 980,Top,GF9,4,35,2014,549,6,N,Strategy,Y
493340,WEBFISHING,17/11/2016,687,TRUE,610,GTX 980,Top,GF9,4,35,2014,549,6,N,Free To Play,N
280680,Fabledom,10/06/2014,598,TRUE,679,GTX 980 Ti,Top+,GF9,6,40,2014,649,6,N,Action,N
280680,Fabledom,10/06/2014,598,TRUE,679,GTX 980 Ti,Top+,GF9,6,40,2014,649,6,N,Indie,Y
280680,Fabledom,10/06/2014,598,TRUE,679,GTX 980 Ti,Top+,GF9,6,40,2014,649,6,N,Adventure,N
280680,Fabledom,10/06/2014,598,TRUE,679,GTX 980 Ti,Top+,GF9,6,40,2014,649,6,N,Simulation,N
280680,Fabledom,10/06/2014,598,TRUE,679,GTX 980 Ti,Top+,GF9,6,40,2014,649,6,N,RPG,N
280680,Fabledom,10/06/2014,598,TRUE,679,GTX 980 Ti,Top+,GF9,6,40,2014,649,6,N,Strategy,N
280680,Fabledom,10/06/2014,598,TRUE,679,GTX 980 Ti,Top+,GF9,6,40,2014,649,6,N,Free To Play,N
898920,Tropico 6,09/11/2021,577,TRUE,696,GTX 980,Top,GF9,4,35,2014,549,6,N,Action,N
898920,Tropico 6,09/11/2021,577,TRUE,696,GTX 980,Top,GF9,4,35,2014,549,6,N,Indie,N
898920,Tropico 6,09/11/2021,577,TRUE,696,GTX 980,Top,GF9,4,35,2014,549,6,N,Adventure,N
898920,Tropico 6,09/11/2021,577,TRUE,696,GTX 980,Top,GF9,4,35,2014,549,6,N,Simulation,N
898920,Tropico 6,09/11/2021,577,TRUE,696,GTX 980,Top,GF9,4,35,2014,549,6,N,RPG,N
898920,Tropico 6,09/11/2021,577,TRUE,696,GTX 980,Top,GF9,4,35,2014,549,6,N,Strategy,Y
898920,Tropico 6,09/11/2021,577,TRUE,696,GTX 980,Top,GF9,4,35,2014,549,6,N,Free To Play,N
391220,Rise of the Tomb Raider,09/02/2016,777,TRUE,570,GTX 980 Ti,Top+,GF9,6,40,2014,649,6,N,Action,Y
391220,Rise of the Tomb Raider,09/02/2016,777,TRUE,570,GTX 980 Ti,Top+,GF9,6,40,2014,649,6,N,Indie,N
391220,Rise of the Tomb Raider,09/02/2016,777,TRUE,570,GTX 980 Ti,Top+,GF9,6,40,2014,649,6,N,Adventure,Y
391220,Rise of the Tomb Raider,09/02/2016,777,TRUE,570,GTX 980 Ti,Top+,GF9,6,40,2014,649,6,N,Simulation,N
391220,Rise of the Tomb Raider,09/02/2016,777,TRUE,570,GTX 980 Ti,Top+,GF9,6,40,2014,649,6,N,RPG,N
391220,Rise of the Tomb Raider,09/02/2016,777,TRUE,570,GTX 980 Ti,Top+,GF9,6,40,2014,649,6,N,Strategy,N
391220,Rise of the Tomb Raider,09/02/2016,777,TRUE,570,GTX 980 Ti,Top+,GF9,6,40,2014,649,6,N,Free To Play,N
394360,Hearts of Iron IV,06/06/2016,32112,TRUE,29,R9 390X,Top,R9,8,30,2015,429,6,N,Action,N
394360,Hearts of Iron IV,06/06/2016,32112,TRUE,29,R9 390X,Top,R9,8,30,2015,429,6,N,Indie,N
394360,Hearts of Iron IV,06/06/2016,32112,TRUE,29,R9 390X,Top,R9,8,30,2015,429,6,N,Adventure,N
394360,Hearts of Iron IV,06/06/2016,32112,TRUE,29,R9 390X,Top,R9,8,30,2015,429,6,N,Simulation,Y
394360,Hearts of Iron IV,06/06/2016,32112,TRUE,29,R9 390X,Top,R9,8,30,2015,429,6,N,RPG,N
394360,Hearts of Iron IV,06/06/2016,32112,TRUE,29,R9 390X,Top,R9,8,30,2015,429,6,N,Strategy,Y
394360,Hearts of Iron IV,06/06/2016,32112,TRUE,29,R9 390X,Top,R9,8,30,2015,429,6,N,Free To Play,N
230410,Warframe,25/03/2013,36195,FALSE,26,R9 290,Mid+,R9,4,25,2013,399,6,N,Action,Y
230410,Warframe,25/03/2013,36195,FALSE,26,R9 290,Mid+,R9,4,25,2013,399,6,N,Indie,N
230410,Warframe,25/03/2013,36195,FALSE,26,R9 290,Mid+,R9,4,25,2013,399,6,N,Adventure,N
230410,Warframe,25/03/2013,36195,FALSE,26,R9 290,Mid+,R9,4,25,2013,399,6,N,Simulation,N
230410,Warframe,25/03/2013,36195,FALSE,26,R9 290,Mid+,R9,4,25,2013,399,6,N,RPG,Y
230410,Warframe,25/03/2013,36195,FALSE,26,R9 290,Mid+,R9,4,25,2013,399,6,N,Strategy,N
230410,Warframe,25/03/2013,36195,FALSE,26,R9 290,Mid+,R9,4,25,2013,399,6,N,Free To Play,Y
570,Dota 2,09/07/2013,623941,TRUE,2,R9 290,Mid+,R9,4,25,2013,399,6,N,Action,Y
570,Dota 2,09/07/2013,623941,TRUE,2,R9 290,Mid+,R9,4,25,2013,399,6,N,Indie,N
570,Dota 2,09/07/2013,623941,TRUE,2,R9 290,Mid+,R9,4,25,2013,399,6,N,Adventure,N
570,Dota 2,09/07/2013,623941,TRUE,2,R9 290,Mid+,R9,4,25,2013,399,6,N,Simulation,N
570,Dota 2,09/07/2013,623941,TRUE,2,R9 290,Mid+,R9,4,25,2013,399,6,N,RPG,N
570,Dota 2,09/07/2013,623941,TRUE,2,R9 290,Mid+,R9,4,25,2013,399,6,N,Strategy,Y
570,Dota 2,09/07/2013,623941,TRUE,2,R9 290,Mid+,R9,4,25,2013,399,6,N,Free To Play,Y
524220,Ratopia,17/03/2017,690,FALSE,608,GTX 980,Top,GF9,4,35,2014,549,6,N,Action,Y
524220,Ratopia,17/03/2017,690,FALSE,608,GTX 980,Top,GF9,4,35,2014,549,6,N,Indie,N
524220,Ratopia,17/03/2017,690,FALSE,608,GTX 980,Top,GF9,4,35,2014,549,6,N,Adventure,N
524220,Ratopia,17/03/2017,690,FALSE,608,GTX 980,Top,GF9,4,35,2014,549,6,N,Simulation,N
524220,Ratopia,17/03/2017,690,FALSE,608,GTX 980,Top,GF9,4,35,2014,549,6,N,RPG,Y
524220,Ratopia,17/03/2017,690,FALSE,608,GTX 980,Top,GF9,4,35,2014,549,6,N,Strategy,N
524220,Ratopia,17/03/2017,690,FALSE,608,GTX 980,Top,GF9,4,35,2014,549,6,N,Free To Play,N
1044720,Farthest Frontier,23/10/2025,995,FALSE,489,GTX 980,Top,GF9,4,35,2014,549,6,N,Action,N
1044720,Farthest Frontier,23/10/2025,995,FALSE,489,GTX 980,Top,GF9,4,35,2014,549,6,N,Indie,Y
1044720,Farthest Frontier,23/10/2025,995,FALSE,489,GTX 980,Top,GF9,4,35,2014,549,6,N,Adventure,N
1044720,Farthest Frontier,23/10/2025,995,FALSE,489,GTX 980,Top,GF9,4,35,2014,549,6,N,Simulation,Y
1044720,Farthest Frontier,23/10/2025,995,FALSE,489,GTX 980,Top,GF9,4,35,2014,549,6,N,RPG,N
1044720,Farthest Frontier,23/10/2025,995,FALSE,489,GTX 980,Top,GF9,4,35,2014,549,6,N,Strategy,Y
1044720,Farthest Frontier,23/10/2025,995,FALSE,489,GTX 980,Top,GF9,4,35,2014,549,6,N,Free To Play,N
337410,Middle-earth: Shadow of Mordor,24/12/2014,441,FALSE,826,GTX 980 Ti,Top+,GF9,6,40,2014,649,6,N,Action,N
337410,Middle-earth: Shadow of Mordor,24/12/2014,441,FALSE,826,GTX 980 Ti,Top+,GF9,6,40,2014,649,6,N,Indie,N
337410,Middle-earth: Shadow of Mordor,24/12/2014,441,FALSE,826,GTX 980 Ti,Top+,GF9,6,40,2014,649,6,N,Adventure,N
337410,Middle-earth: Shadow of Mordor,24/12/2014,441,FALSE,826,GTX 980 Ti,Top+,GF9,6,40,2014,649,6,N,Simulation,N
337410,Middle-earth: Shadow of Mordor,24/12/2014,441,FALSE,826,GTX 980 Ti,Top+,GF9,6,40,2014,649,6,N,RPG,Y
337410,Middle-earth: Shadow of Mordor,24/12/2014,441,FALSE,826,GTX 980 Ti,Top+,GF9,6,40,2014,649,6,N,Strategy,N
337410,Middle-earth: Shadow of Mordor,24/12/2014,441,FALSE,826,GTX 980 Ti,Top+,GF9,6,40,2014,649,6,N,Free To Play,Y
933110,Age of Empires III: Definitive Edition,15/10/2020,3016,FALSE,230,GTX 980,Top,GF9,4,35,2014,549,6,N,Action,N
933110,Age of Empires III: Definitive Edition,15/10/2020,3016,FALSE,230,GTX 980,Top,GF9,4,35,2014,549,6,N,Indie,N
933110,Age of Empires III: Definitive Edition,15/10/2020,3016,FALSE,230,GTX 980,Top,GF9,4,35,2014,549,6,N,Adventure,N
933110,Age of Empires III: Definitive Edition,15/10/2020,3016,FALSE,230,GTX 980,Top,GF9,4,35,2014,549,6,N,Simulation,N
933110,Age of Empires III: Definitive Edition,15/10/2020,3016,FALSE,230,GTX 980,Top,GF9,4,35,2014,549,6,N,RPG,N
933110,Age of Empires III: Definitive Edition,15/10/2020,3016,FALSE,230,GTX 980,Top,GF9,4,35,2014,549,6,N,Strategy,Y
933110,Age of Empires III: Definitive Edition,15/10/2020,3016,FALSE,230,GTX 980,Top,GF9,4,35,2014,549,6,N,Free To Play,Y
694280,RaceRoom Racing Experience,18/02/2021,431,FALSE,837,RX 550,Bottom,R500,4,5,2017,79,6,N,Action,Y
694280,RaceRoom Racing Experience,18/02/2021,431,FALSE,837,RX 550,Bottom,R500,4,5,2017,79,6,N,Indie,N
694280,RaceRoom Racing Experience,18/02/2021,431,FALSE,837,RX 550,Bottom,R500,4,5,2017,79,6,N,Adventure,N
694280,RaceRoom Racing Experience,18/02/2021,431,FALSE,837,RX 550,Bottom,R500,4,5,2017,79,6,N,Simulation,N
694280,RaceRoom Racing Experience,18/02/2021,431,FALSE,837,RX 550,Bottom,R500,4,5,2017,79,6,N,RPG,N
694280,RaceRoom Racing Experience,18/02/2021,431,FALSE,837,RX 550,Bottom,R500,4,5,2017,79,6,N,Strategy,N
694280,RaceRoom Racing Experience,18/02/2021,431,FALSE,837,RX 550,Bottom,R500,4,5,2017,79,6,N,Free To Play,N
281990,Stellaris,09/05/2016,13727,TRUE,76,R9 390X,Top,R9,8,30,2015,429,6,N,Action,N
281990,Stellaris,09/05/2016,13727,TRUE,76,R9 390X,Top,R9,8,30,2015,429,6,N,Indie,N
281990,Stellaris,09/05/2016,13727,TRUE,76,R9 390X,Top,R9,8,30,2015,429,6,N,Adventure,N
281990,Stellaris,09/05/2016,13727,TRUE,76,R9 390X,Top,R9,8,30,2015,429,6,N,Simulation,Y
281990,Stellaris,09/05/2016,13727,TRUE,76,R9 390X,Top,R9,8,30,2015,429,6,N,RPG,N
281990,Stellaris,09/05/2016,13727,TRUE,76,R9 390X,Top,R9,8,30,2015,429,6,N,Strategy,Y
281990,Stellaris,09/05/2016,13727,TRUE,76,R9 390X,Top,R9,8,30,2015,429,6,N,Free To Play,N
1054490,BattleBit Remastered,17/09/2020,569,TRUE,701,RX 550,Bottom,R500,4,5,2017,79,6,N,Action,N
1054490,BattleBit Remastered,17/09/2020,569,TRUE,701,RX 550,Bottom,R500,4,5,2017,79,6,N,Indie,Y
1054490,BattleBit Remastered,17/09/2020,569,TRUE,701,RX 550,Bottom,R500,4,5,2017,79,6,N,Adventure,N
1054490,BattleBit Remastered,17/09/2020,569,TRUE,701,RX 550,Bottom,R500,4,5,2017,79,6,N,Simulation,N
1054490,BattleBit Remastered,17/09/2020,569,TRUE,701,RX 550,Bottom,R500,4,5,2017,79,6,N,RPG,N
1054490,BattleBit Remastered,17/09/2020,569,TRUE,701,RX 550,Bottom,R500,4,5,2017,79,6,N,Strategy,Y
1054490,BattleBit Remastered,17/09/2020,569,TRUE,701,RX 550,Bottom,R500,4,5,2017,79,6,N,Free To Play,N
219990,Grim Dawn,25/02/2016,2376,FALSE,272,R9 390X,Top,R9,8,30,2015,429,6,N,Action,Y
219990,Grim Dawn,25/02/2016,2376,FALSE,272,R9 390X,Top,R9,8,30,2015,429,6,N,Indie,Y
219990,Grim Dawn,25/02/2016,2376,FALSE,272,R9 390X,Top,R9,8,30,2015,429,6,N,Adventure,Y
219990,Grim Dawn,25/02/2016,2376,FALSE,272,R9 390X,Top,R9,8,30,2015,429,6,N,Simulation,N
219990,Grim Dawn,25/02/2016,2376,FALSE,272,R9 390X,Top,R9,8,30,2015,429,6,N,RPG,Y
219990,Grim Dawn,25/02/2016,2376,FALSE,272,R9 390X,Top,R9,8,30,2015,429,6,N,Strategy,N
219990,Grim Dawn,25/02/2016,2376,FALSE,272,R9 390X,Top,R9,8,30,2015,429,6,N,Free To Play,N
221680,Idle Cave Miner,19/12/2024,683,FALSE,615,RX 550,Bottom,R500,4,5,2017,79,6,N,Action,N
221680,Idle Cave Miner,19/12/2024,683,FALSE,615,RX 550,Bottom,R500,4,5,2017,79,6,N,Indie,N
221680,Idle Cave Miner,19/12/2024,683,FALSE,615,RX 550,Bottom,R500,4,5,2017,79,6,N,Adventure,N
221680,Idle Cave Miner,19/12/2024,683,FALSE,615,RX 550,Bottom,R500,4,5,2017,79,6,N,Simulation,Y
221680,Idle Cave Miner,19/12/2024,683,FALSE,615,RX 550,Bottom,R500,4,5,2017,79,6,N,RPG,N
221680,Idle Cave Miner,19/12/2024,683,FALSE,615,RX 550,Bottom,R500,4,5,2017,79,6,N,Strategy,N
221680,Idle Cave Miner,19/12/2024,683,FALSE,615,RX 550,Bottom,R500,4,5,2017,79,6,N,Free To Play,N
493490,Cosmoteer: Starship Architect & Commander,03/11/2016,484,FALSE,787,R9 390X,Top,R9,8,30,2015,429,6,N,Action,N
493490,Cosmoteer: Starship Architect & Commander,03/11/2016,484,FALSE,787,R9 390X,Top,R9,8,30,2015,429,6,N,Indie,Y
493490,Cosmoteer: Starship Architect & Commander,03/11/2016,484,FALSE,787,R9 390X,Top,R9,8,30,2015,429,6,N,Adventure,N
493490,Cosmoteer: Starship Architect & Commander,03/11/2016,484,FALSE,787,R9 390X,Top,R9,8,30,2015,429,6,N,Simulation,Y
493490,Cosmoteer: Starship Architect & Commander,03/11/2016,484,FALSE,787,R9 390X,Top,R9,8,30,2015,429,6,N,RPG,N
493490,Cosmoteer: Starship Architect & Commander,03/11/2016,484,FALSE,787,R9 390X,Top,R9,8,30,2015,429,6,N,Strategy,N
493490,Cosmoteer: Starship Architect & Commander,03/11/2016,484,FALSE,787,R9 390X,Top,R9,8,30,2015,429,6,N,Free To Play,N
298110,Tomb Raider Game of the Year,17/11/2014,558,FALSE,712,R9 280X,Mid+,R9,3,20,2013,299,6,N,Action,Y
298110,Tomb Raider Game of the Year,17/11/2014,558,FALSE,712,R9 280X,Mid+,R9,3,20,2013,299,6,N,Indie,N
298110,Tomb Raider Game of the Year,17/11/2014,558,FALSE,712,R9 280X,Mid+,R9,3,20,2013,299,6,N,Adventure,Y
298110,Tomb Raider Game of the Year,17/11/2014,558,FALSE,712,R9 280X,Mid+,R9,3,20,2013,299,6,N,Simulation,N
298110,Tomb Raider Game of the Year,17/11/2014,558,FALSE,712,R9 280X,Mid+,R9,3,20,2013,299,6,N,RPG,N
298110,Tomb Raider Game of the Year,17/11/2014,558,FALSE,712,R9 280X,Mid+,R9,3,20,2013,299,6,N,Strategy,N
298110,Tomb Raider Game of the Year,17/11/2014,558,FALSE,712,R9 280X,Mid+,R9,3,20,2013,299,6,N,Free To Play,N
314160,WRC 7 FIA World Rally Championship,18/12/2014,486,FALSE,786,GTX 980,Top,GF9,4,35,2014,549,6,N,Action,N
314160,WRC 7 FIA World Rally Championship,18/12/2014,486,FALSE,786,GTX 980,Top,GF9,4,35,2014,549,6,N,Indie,N
314160,WRC 7 FIA World Rally Championship,18/12/2014,486,FALSE,786,GTX 980,Top,GF9,4,35,2014,549,6,N,Adventure,N
314160,WRC 7 FIA World Rally Championship,18/12/2014,486,FALSE,786,GTX 980,Top,GF9,4,35,2014,549,6,N,Simulation,Y
314160,WRC 7 FIA World Rally Championship,18/12/2014,486,FALSE,786,GTX 980,Top,GF9,4,35,2014,549,6,N,RPG,N
314160,WRC 7 FIA World Rally Championship,18/12/2014,486,FALSE,786,GTX 980,Top,GF9,4,35,2014,549,6,N,Strategy,N
314160,WRC 7 FIA World Rally Championship,18/12/2014,486,FALSE,786,GTX 980,Top,GF9,4,35,2014,549,6,N,Free To Play,N
581320,Insurgency: Sandstorm,12/12/2018,1826,FALSE,319,GTX 980,Top,GF9,4,35,2014,549,6,N,Action,Y
581320,Insurgency: Sandstorm,12/12/2018,1826,FALSE,319,GTX 980,Top,GF9,4,35,2014,549,6,N,Indie,N
581320,Insurgency: Sandstorm,12/12/2018,1826,FALSE,319,GTX 980,Top,GF9,4,35,2014,549,6,N,Adventure,N
581320,Insurgency: Sandstorm,12/12/2018,1826,FALSE,319,GTX 980,Top,GF9,4,35,2014,549,6,N,Simulation,N
581320,Insurgency: Sandstorm,12/12/2018,1826,FALSE,319,GTX 980,Top,GF9,4,35,2014,549,6,N,RPG,N
581320,Insurgency: Sandstorm,12/12/2018,1826,FALSE,319,GTX 980,Top,GF9,4,35,2014,549,6,N,Strategy,N
581320,Insurgency: Sandstorm,12/12/2018,1826,FALSE,319,GTX 980,Top,GF9,4,35,2014,549,6,N,Free To Play,N
286690,Metro 2033 Redux,25/08/2014,1208,TRUE,440,GTX 980 Ti,Top+,GF9,6,40,2014,649,6,N,Action,Y
286690,Metro 2033 Redux,25/08/2014,1208,TRUE,440,GTX 980 Ti,Top+,GF9,6,40,2014,649,6,N,Indie,N
286690,Metro 2033 Redux,25/08/2014,1208,TRUE,440,GTX 980 Ti,Top+,GF9,6,40,2014,649,6,N,Adventure,N
286690,Metro 2033 Redux,25/08/2014,1208,TRUE,440,GTX 980 Ti,Top+,GF9,6,40,2014,649,6,N,Simulation,N
286690,Metro 2033 Redux,25/08/2014,1208,TRUE,440,GTX 980 Ti,Top+,GF9,6,40,2014,649,6,N,RPG,N
286690,Metro 2033 Redux,25/08/2014,1208,TRUE,440,GTX 980 Ti,Top+,GF9,6,40,2014,649,6,N,Strategy,N
286690,Metro 2033 Redux,25/08/2014,1208,TRUE,440,GTX 980 Ti,Top+,GF9,6,40,2014,649,6,N,Free To Play,N
282070,This War of Mine,14/11/2014,756,TRUE,582,GTX 980 Ti,Top+,GF9,6,40,2014,649,6,N,Action,N
282070,This War of Mine,14/11/2014,756,TRUE,582,GTX 980 Ti,Top+,GF9,6,40,2014,649,6,N,Indie,Y
282070,This War of Mine,14/11/2014,756,TRUE,582,GTX 980 Ti,Top+,GF9,6,40,2014,649,6,N,Adventure,Y
282070,This War of Mine,14/11/2014,756,TRUE,582,GTX 980 Ti,Top+,GF9,6,40,2014,649,6,N,Simulation,Y
282070,This War of Mine,14/11/2014,756,TRUE,582,GTX 980 Ti,Top+,GF9,6,40,2014,649,6,N,RPG,N
282070,This War of Mine,14/11/2014,756,TRUE,582,GTX 980 Ti,Top+,GF9,6,40,2014,649,6,N,Strategy,N
282070,This War of Mine,14/11/2014,756,TRUE,582,GTX 980 Ti,Top+,GF9,6,40,2014,649,6,N,Free To Play,N
471710,Rec Room,02/09/2021,1510,FALSE,370,GTX 980,Top,GF9,4,35,2014,549,6,N,Action,N
471710,Rec Room,02/09/2021,1510,FALSE,370,GTX 980,Top,GF9,4,35,2014,549,6,N,Indie,N
471710,Rec Room,02/09/2021,1510,FALSE,370,GTX 980,Top,GF9,4,35,2014,549,6,N,Adventure,Y
471710,Rec Room,02/09/2021,1510,FALSE,370,GTX 980,Top,GF9,4,35,2014,549,6,N,Simulation,N
471710,Rec Room,02/09/2021,1510,FALSE,370,GTX 980,Top,GF9,4,35,2014,549,6,N,RPG,N
471710,Rec Room,02/09/2021,1510,FALSE,370,GTX 980,Top,GF9,4,35,2014,549,6,N,Strategy,N
471710,Rec Room,02/09/2021,1510,FALSE,370,GTX 980,Top,GF9,4,35,2014,549,6,N,Free To Play,Y
2027330,Sea of Stars,21/07/2023,509,FALSE,755,RX 550,Bottom,R500,4,5,2017,79,6,N,Action,Y
2027330,Sea of Stars,21/07/2023,509,FALSE,755,RX 550,Bottom,R500,4,5,2017,79,6,N,Indie,Y
2027330,Sea of Stars,21/07/2023,509,FALSE,755,RX 550,Bottom,R500,4,5,2017,79,6,N,Adventure,N
2027330,Sea of Stars,21/07/2023,509,FALSE,755,RX 550,Bottom,R500,4,5,2017,79,6,N,Simulation,Y
2027330,Sea of Stars,21/07/2023,509,FALSE,755,RX 550,Bottom,R500,4,5,2017,79,6,N,RPG,N
2027330,Sea of Stars,21/07/2023,509,FALSE,755,RX 550,Bottom,R500,4,5,2017,79,6,N,Strategy,N
2027330,Sea of Stars,21/07/2023,509,FALSE,755,RX 550,Bottom,R500,4,5,2017,79,6,N,Free To Play,N
573090,Stormworks: Build and Rescue,17/09/2020,1488,TRUE,375,RX 550,Bottom,R500,4,5,2017,79,6,N,Action,N
573090,Stormworks: Build and Rescue,17/09/2020,1488,TRUE,375,RX 550,Bottom,R500,4,5,2017,79,6,N,Indie,N
573090,Stormworks: Build and Rescue,17/09/2020,1488,TRUE,375,RX 550,Bottom,R500,4,5,2017,79,6,N,Adventure,N
573090,Stormworks: Build and Rescue,17/09/2020,1488,TRUE,375,RX 550,Bottom,R500,4,5,2017,79,6,N,Simulation,Y
573090,Stormworks: Build and Rescue,17/09/2020,1488,TRUE,375,RX 550,Bottom,R500,4,5,2017,79,6,N,RPG,N
573090,Stormworks: Build and Rescue,17/09/2020,1488,TRUE,375,RX 550,Bottom,R500,4,5,2017,79,6,N,Strategy,N
573090,Stormworks: Build and Rescue,17/09/2020,1488,TRUE,375,RX 550,Bottom,R500,4,5,2017,79,6,N,Free To Play,N
287450,Ultimate Admiral: Dreadnoughts,12/06/2014,522,FALSE,744,GTX 980,Top,GF9,4,35,2014,549,6,N,Action,N
287450,Ultimate Admiral: Dreadnoughts,12/06/2014,522,FALSE,744,GTX 980,Top,GF9,4,35,2014,549,6,N,Indie,N
287450,Ultimate Admiral: Dreadnoughts,12/06/2014,522,FALSE,744,GTX 980,Top,GF9,4,35,2014,549,6,N,Adventure,N
287450,Ultimate Admiral: Dreadnoughts,12/06/2014,522,FALSE,744,GTX 980,Top,GF9,4,35,2014,549,6,N,Simulation,Y
287450,Ultimate Admiral: Dreadnoughts,12/06/2014,522,FALSE,744,GTX 980,Top,GF9,4,35,2014,549,6,N,RPG,N
287450,Ultimate Admiral: Dreadnoughts,12/06/2014,522,FALSE,744,GTX 980,Top,GF9,4,35,2014,549,6,N,Strategy,Y
287450,Ultimate Admiral: Dreadnoughts,12/06/2014,522,FALSE,744,GTX 980,Top,GF9,4,35,2014,549,6,N,Free To Play,N
453480,Shadowverse CCG,27/10/2016,1122,TRUE,459,R9 390X,Top,R9,8,30,2015,429,6,N,Action,N
453480,Shadowverse CCG,27/10/2016,1122,TRUE,459,R9 390X,Top,R9,8,30,2015,429,6,N,Indie,N
453480,Shadowverse CCG,27/10/2016,1122,TRUE,459,R9 390X,Top,R9,8,30,2015,429,6,N,Adventure,N
453480,Shadowverse CCG,27/10/2016,1122,TRUE,459,R9 390X,Top,R9,8,30,2015,429,6,N,Simulation,N
453480,Shadowverse CCG,27/10/2016,1122,TRUE,459,R9 390X,Top,R9,8,30,2015,429,6,N,RPG,N
453480,Shadowverse CCG,27/10/2016,1122,TRUE,459,R9 390X,Top,R9,8,30,2015,429,6,N,Strategy,Y
453480,Shadowverse CCG,27/10/2016,1122,TRUE,459,R9 390X,Top,R9,8,30,2015,429,6,N,Free To Play,Y
307690,Rise of Nations: Extended Edition,08/10/2014,524,TRUE,741,GTX 980 Ti,Top+,GF9,6,40,2014,649,6,N,Action,Y
307690,Rise of Nations: Extended Edition,08/10/2014,524,TRUE,741,GTX 980 Ti,Top+,GF9,6,40,2014,649,6,N,Indie,N
307690,Rise of Nations: Extended Edition,08/10/2014,524,TRUE,741,GTX 980 Ti,Top+,GF9,6,40,2014,649,6,N,Adventure,Y
307690,Rise of Nations: Extended Edition,08/10/2014,524,TRUE,741,GTX 980 Ti,Top+,GF9,6,40,2014,649,6,N,Simulation,N
307690,Rise of Nations: Extended Edition,08/10/2014,524,TRUE,741,GTX 980 Ti,Top+,GF9,6,40,2014,649,6,N,RPG,N
307690,Rise of Nations: Extended Edition,08/10/2014,524,TRUE,741,GTX 980 Ti,Top+,GF9,6,40,2014,649,6,N,Strategy,N
307690,Rise of Nations: Extended Edition,08/10/2014,524,TRUE,741,GTX 980 Ti,Top+,GF9,6,40,2014,649,6,N,Free To Play,N
365360,Battle Brothers,24/03/2017,1091,FALSE,467,RX 550,Bottom,R500,4,5,2017,79,6,N,Action,N
365360,Battle Brothers,24/03/2017,1091,FALSE,467,RX 550,Bottom,R500,4,5,2017,79,6,N,Indie,N
365360,Battle Brothers,24/03/2017,1091,FALSE,467,RX 550,Bottom,R500,4,5,2017,79,6,N,Adventure,N
365360,Battle Brothers,24/03/2017,1091,FALSE,467,RX 550,Bottom,R500,4,5,2017,79,6,N,Simulation,Y
365360,Battle Brothers,24/03/2017,1091,FALSE,467,RX 550,Bottom,R500,4,5,2017,79,6,N,RPG,Y
365360,Battle Brothers,24/03/2017,1091,FALSE,467,RX 550,Bottom,R500,4,5,2017,79,6,N,Strategy,Y
365360,Battle Brothers,24/03/2017,1091,FALSE,467,RX 550,Bottom,R500,4,5,2017,79,6,N,Free To Play,N
1881610,ｱｹｮ｢-The Jianghu,31/08/2024,1416,FALSE,391,GTX 980 Ti,Top+,GF9,6,40,2014,649,6,N,Action,Y
1881610,ｱｹｮ｢-The Jianghu,31/08/2024,1416,FALSE,391,GTX 980 Ti,Top+,GF9,6,40,2014,649,6,N,Indie,Y
1881610,ｱｹｮ｢-The Jianghu,31/08/2024,1416,FALSE,391,GTX 980 Ti,Top+,GF9,6,40,2014,649,6,N,Adventure,Y
1881610,ｱｹｮ｢-The Jianghu,31/08/2024,1416,FALSE,391,GTX 980 Ti,Top+,GF9,6,40,2014,649,6,N,Simulation,N
1881610,ｱｹｮ｢-The Jianghu,31/08/2024,1416,FALSE,391,GTX 980 Ti,Top+,GF9,6,40,2014,649,6,N,RPG,N
1881610,ｱｹｮ｢-The Jianghu,31/08/2024,1416,FALSE,391,GTX 980 Ti,Top+,GF9,6,40,2014,649,6,N,Strategy,N
1881610,ｱｹｮ｢-The Jianghu,31/08/2024,1416,FALSE,391,GTX 980 Ti,Top+,GF9,6,40,2014,649,6,N,Free To Play,Y
376210,The Isle,01/12/2015,5946,FALSE,136,GTX 980 Ti,Top+,GF9,6,40,2014,649,6,N,Action,Y
376210,The Isle,01/12/2015,5946,FALSE,136,GTX 980 Ti,Top+,GF9,6,40,2014,649,6,N,Indie,Y
376210,The Isle,01/12/2015,5946,FALSE,136,GTX 980 Ti,Top+,GF9,6,40,2014,649,6,N,Adventure,Y
376210,The Isle,01/12/2015,5946,FALSE,136,GTX 980 Ti,Top+,GF9,6,40,2014,649,6,N,Simulation,Y
376210,The Isle,01/12/2015,5946,FALSE,136,GTX 980 Ti,Top+,GF9,6,40,2014,649,6,N,RPG,N
376210,The Isle,01/12/2015,5946,FALSE,136,GTX 980 Ti,Top+,GF9,6,40,2014,649,6,N,Strategy,N
376210,The Isle,01/12/2015,5946,FALSE,136,GTX 980 Ti,Top+,GF9,6,40,2014,649,6,N,Free To Play,N
2064650,Golf It!,19/10/2022,354,FALSE,939,RX 550,Bottom,R500,4,5,2017,79,6,N,Action,Y
2064650,Golf It!,19/10/2022,354,FALSE,939,RX 550,Bottom,R500,4,5,2017,79,6,N,Indie,N
2064650,Golf It!,19/10/2022,354,FALSE,939,RX 550,Bottom,R500,4,5,2017,79,6,N,Adventure,N
2064650,Golf It!,19/10/2022,354,FALSE,939,RX 550,Bottom,R500,4,5,2017,79,6,N,Simulation,N
2064650,Golf It!,19/10/2022,354,FALSE,939,RX 550,Bottom,R500,4,5,2017,79,6,N,RPG,Y
2064650,Golf It!,19/10/2022,354,FALSE,939,RX 550,Bottom,R500,4,5,2017,79,6,N,Strategy,N
2064650,Golf It!,19/10/2022,354,FALSE,939,RX 550,Bottom,R500,4,5,2017,79,6,N,Free To Play,Y
227300,Euro Truck Simulator 2,12/10/2012,17281,TRUE,55,GTX 980 Ti,Top+,GF9,6,40,2014,649,6,N,Action,N
227300,Euro Truck Simulator 2,12/10/2012,17281,TRUE,55,GTX 980 Ti,Top+,GF9,6,40,2014,649,6,N,Indie,Y
227300,Euro Truck Simulator 2,12/10/2012,17281,TRUE,55,GTX 980 Ti,Top+,GF9,6,40,2014,649,6,N,Adventure,N
227300,Euro Truck Simulator 2,12/10/2012,17281,TRUE,55,GTX 980 Ti,Top+,GF9,6,40,2014,649,6,N,Simulation,Y
227300,Euro Truck Simulator 2,12/10/2012,17281,TRUE,55,GTX 980 Ti,Top+,GF9,6,40,2014,649,6,N,RPG,N
227300,Euro Truck Simulator 2,12/10/2012,17281,TRUE,55,GTX 980 Ti,Top+,GF9,6,40,2014,649,6,N,Strategy,N
227300,Euro Truck Simulator 2,12/10/2012,17281,TRUE,55,GTX 980 Ti,Top+,GF9,6,40,2014,649,6,N,Free To Play,N
270880,American Truck Simulator,02/02/2016,6742,TRUE,127,GTX 980 Ti,Top+,GF9,6,40,2014,649,6,N,Action,N
270880,American Truck Simulator,02/02/2016,6742,TRUE,127,GTX 980 Ti,Top+,GF9,6,40,2014,649,6,N,Indie,Y
270880,American Truck Simulator,02/02/2016,6742,TRUE,127,GTX 980 Ti,Top+,GF9,6,40,2014,649,6,N,Adventure,N
270880,American Truck Simulator,02/02/2016,6742,TRUE,127,GTX 980 Ti,Top+,GF9,6,40,2014,649,6,N,Simulation,Y
270880,American Truck Simulator,02/02/2016,6742,TRUE,127,GTX 980 Ti,Top+,GF9,6,40,2014,649,6,N,RPG,N
270880,American Truck Simulator,02/02/2016,6742,TRUE,127,GTX 980 Ti,Top+,GF9,6,40,2014,649,6,N,Strategy,N
270880,American Truck Simulator,02/02/2016,6742,TRUE,127,GTX 980 Ti,Top+,GF9,6,40,2014,649,6,N,Free To Play,N
275850,No Man's Sky,12/08/2016,12291,TRUE,84,GTX 980,Top,GF9,4,35,2014,549,6,N,Action,Y
275850,No Man's Sky,12/08/2016,12291,TRUE,84,GTX 980,Top,GF9,4,35,2014,549,6,N,Indie,N
275850,No Man's Sky,12/08/2016,12291,TRUE,84,GTX 980,Top,GF9,4,35,2014,549,6,N,Adventure,Y
275850,No Man's Sky,12/08/2016,12291,TRUE,84,GTX 980,Top,GF9,4,35,2014,549,6,N,Simulation,N
275850,No Man's Sky,12/08/2016,12291,TRUE,84,GTX 980,Top,GF9,4,35,2014,549,6,N,RPG,N
275850,No Man's Sky,12/08/2016,12291,TRUE,84,GTX 980,Top,GF9,4,35,2014,549,6,N,Strategy,N
275850,No Man's Sky,12/08/2016,12291,TRUE,84,GTX 980,Top,GF9,4,35,2014,549,6,N,Free To Play,N
1426210,It Takes Two,25/03/2021,5018,FALSE,157,GTX 980,Top,GF9,4,35,2014,549,6,N,Action,Y
1426210,It Takes Two,25/03/2021,5018,FALSE,157,GTX 980,Top,GF9,4,35,2014,549,6,N,Indie,N
1426210,It Takes Two,25/03/2021,5018,FALSE,157,GTX 980,Top,GF9,4,35,2014,549,6,N,Adventure,Y
1426210,It Takes Two,25/03/2021,5018,FALSE,157,GTX 980,Top,GF9,4,35,2014,549,6,N,Simulation,N
1426210,It Takes Two,25/03/2021,5018,FALSE,157,GTX 980,Top,GF9,4,35,2014,549,6,N,RPG,N
1426210,It Takes Two,25/03/2021,5018,FALSE,157,GTX 980,Top,GF9,4,35,2014,549,6,N,Strategy,N
1426210,It Takes Two,25/03/2021,5018,FALSE,157,GTX 980,Top,GF9,4,35,2014,549,6,N,Free To Play,N
252950,Rocket League,06/07/2015,21106,FALSE,48,GTX 980,Top,GF9,4,35,2014,549,6,N,Action,Y
252950,Rocket League,06/07/2015,21106,FALSE,48,GTX 980,Top,GF9,4,35,2014,549,6,N,Indie,Y
252950,Rocket League,06/07/2015,21106,FALSE,48,GTX 980,Top,GF9,4,35,2014,549,6,N,Adventure,N
252950,Rocket League,06/07/2015,21106,FALSE,48,GTX 980,Top,GF9,4,35,2014,549,6,N,Simulation,N
252950,Rocket League,06/07/2015,21106,FALSE,48,GTX 980,Top,GF9,4,35,2014,549,6,N,RPG,N
252950,Rocket League,06/07/2015,21106,FALSE,48,GTX 980,Top,GF9,4,35,2014,549,6,N,Strategy,N
252950,Rocket League,06/07/2015,21106,FALSE,48,GTX 980,Top,GF9,4,35,2014,549,6,N,Free To Play,N
109600,Fall Guys,05/12/2013,665,FALSE,625,GTX 980,Top,GF9,4,35,2014,549,6,N,Action,Y
109600,Fall Guys,05/12/2013,665,FALSE,625,GTX 980,Top,GF9,4,35,2014,549,6,N,Indie,N
109600,Fall Guys,05/12/2013,665,FALSE,625,GTX 980,Top,GF9,4,35,2014,549,6,N,Adventure,Y
109600,Fall Guys,05/12/2013,665,FALSE,625,GTX 980,Top,GF9,4,35,2014,549,6,N,Simulation,N
109600,Fall Guys,05/12/2013,665,FALSE,625,GTX 980,Top,GF9,4,35,2014,549,6,N,RPG,Y
109600,Fall Guys,05/12/2013,665,FALSE,625,GTX 980,Top,GF9,4,35,2014,549,6,N,Strategy,N
109600,Fall Guys,05/12/2013,665,FALSE,625,GTX 980,Top,GF9,4,35,2014,549,6,N,Free To Play,Y
244210,Assetto Corsa,19/12/2014,8961,FALSE,101,GTX 980 Ti,Top+,GF9,6,40,2014,649,6,N,Action,N
244210,Assetto Corsa,19/12/2014,8961,FALSE,101,GTX 980 Ti,Top+,GF9,6,40,2014,649,6,N,Indie,Y
244210,Assetto Corsa,19/12/2014,8961,FALSE,101,GTX 980 Ti,Top+,GF9,6,40,2014,649,6,N,Adventure,N
244210,Assetto Corsa,19/12/2014,8961,FALSE,101,GTX 980 Ti,Top+,GF9,6,40,2014,649,6,N,Simulation,Y
244210,Assetto Corsa,19/12/2014,8961,FALSE,101,GTX 980 Ti,Top+,GF9,6,40,2014,649,6,N,RPG,N
244210,Assetto Corsa,19/12/2014,8961,FALSE,101,GTX 980 Ti,Top+,GF9,6,40,2014,649,6,N,Strategy,N
244210,Assetto Corsa,19/12/2014,8961,FALSE,101,GTX 980 Ti,Top+,GF9,6,40,2014,649,6,N,Free To Play,N
289650,Motorsport Manager,11/11/2014,373,FALSE,912,R9 280X,Mid+,R9,3,20,2013,299,6,N,Action,Y
289650,Motorsport Manager,11/11/2014,373,FALSE,912,R9 280X,Mid+,R9,3,20,2013,299,6,N,Indie,N
289650,Motorsport Manager,11/11/2014,373,FALSE,912,R9 280X,Mid+,R9,3,20,2013,299,6,N,Adventure,Y
289650,Motorsport Manager,11/11/2014,373,FALSE,912,R9 280X,Mid+,R9,3,20,2013,299,6,N,Simulation,N
289650,Motorsport Manager,11/11/2014,373,FALSE,912,R9 280X,Mid+,R9,3,20,2013,299,6,N,RPG,N
289650,Motorsport Manager,11/11/2014,373,FALSE,912,R9 280X,Mid+,R9,3,20,2013,299,6,N,Strategy,N
289650,Motorsport Manager,11/11/2014,373,FALSE,912,R9 280X,Mid+,R9,3,20,2013,299,6,N,Free To Play,N
454650,Control Ultimate Edition,27/10/2016,652,FALSE,636,R9 390X,Top,R9,8,30,2015,429,6,N,Action,Y
454650,Control Ultimate Edition,27/10/2016,652,FALSE,636,R9 390X,Top,R9,8,30,2015,429,6,N,Indie,N
454650,Control Ultimate Edition,27/10/2016,652,FALSE,636,R9 390X,Top,R9,8,30,2015,429,6,N,Adventure,Y
454650,Control Ultimate Edition,27/10/2016,652,FALSE,636,R9 390X,Top,R9,8,30,2015,429,6,N,Simulation,N
454650,Control Ultimate Edition,27/10/2016,652,FALSE,636,R9 390X,Top,R9,8,30,2015,429,6,N,RPG,N
454650,Control Ultimate Edition,27/10/2016,652,FALSE,636,R9 390X,Top,R9,8,30,2015,429,6,N,Strategy,N
454650,Control Ultimate Edition,27/10/2016,652,FALSE,636,R9 390X,Top,R9,8,30,2015,429,6,N,Free To Play,N
243470,Bejeweled 3,26/05/2014,388,FALSE,889,GTX 980 Ti,Top+,GF9,6,40,2014,649,6,N,Action,Y
243470,Bejeweled 3,26/05/2014,388,FALSE,889,GTX 980 Ti,Top+,GF9,6,40,2014,649,6,N,Indie,N
243470,Bejeweled 3,26/05/2014,388,FALSE,889,GTX 980 Ti,Top+,GF9,6,40,2014,649,6,N,Adventure,Y
243470,Bejeweled 3,26/05/2014,388,FALSE,889,GTX 980 Ti,Top+,GF9,6,40,2014,649,6,N,Simulation,N
243470,Bejeweled 3,26/05/2014,388,FALSE,889,GTX 980 Ti,Top+,GF9,6,40,2014,649,6,N,RPG,N
243470,Bejeweled 3,26/05/2014,388,FALSE,889,GTX 980 Ti,Top+,GF9,6,40,2014,649,6,N,Strategy,N
243470,Bejeweled 3,26/05/2014,388,FALSE,889,GTX 980 Ti,Top+,GF9,6,40,2014,649,6,N,Free To Play,N
266410,Tower of Fantasy,12/01/2015,354,FALSE,939,GTX 980 Ti,Top+,GF9,6,40,2014,649,6,N,Action,N
266410,Tower of Fantasy,12/01/2015,354,FALSE,939,GTX 980 Ti,Top+,GF9,6,40,2014,649,6,N,Indie,N
266410,Tower of Fantasy,12/01/2015,354,FALSE,939,GTX 980 Ti,Top+,GF9,6,40,2014,649,6,N,Adventure,N
266410,Tower of Fantasy,12/01/2015,354,FALSE,939,GTX 980 Ti,Top+,GF9,6,40,2014,649,6,N,Simulation,Y
266410,Tower of Fantasy,12/01/2015,354,FALSE,939,GTX 980 Ti,Top+,GF9,6,40,2014,649,6,N,RPG,N
266410,Tower of Fantasy,12/01/2015,354,FALSE,939,GTX 980 Ti,Top+,GF9,6,40,2014,649,6,N,Strategy,N
266410,Tower of Fantasy,12/01/2015,354,FALSE,939,GTX 980 Ti,Top+,GF9,6,40,2014,649,6,N,Free To Play,N
415200,The Lord of the Rings: Return to Moria,09/11/2016,373,TRUE,912,R9 390X,Top,R9,8,30,2015,429,6,N,Action,N
415200,The Lord of the Rings: Return to Moria,09/11/2016,373,TRUE,912,R9 390X,Top,R9,8,30,2015,429,6,N,Indie,N
415200,The Lord of the Rings: Return to Moria,09/11/2016,373,TRUE,912,R9 390X,Top,R9,8,30,2015,429,6,N,Adventure,N
415200,The Lord of the Rings: Return to Moria,09/11/2016,373,TRUE,912,R9 390X,Top,R9,8,30,2015,429,6,N,Simulation,Y
415200,The Lord of the Rings: Return to Moria,09/11/2016,373,TRUE,912,R9 390X,Top,R9,8,30,2015,429,6,N,RPG,N
415200,The Lord of the Rings: Return to Moria,09/11/2016,373,TRUE,912,R9 390X,Top,R9,8,30,2015,429,6,N,Strategy,Y
415200,The Lord of the Rings: Return to Moria,09/11/2016,373,TRUE,912,R9 390X,Top,R9,8,30,2015,429,6,N,Free To Play,N
269210,Counter-Strike Nexon,29/01/2014,369,FALSE,917,GTX 980 Ti,Top+,GF9,6,40,2014,649,6,N,Action,Y
269210,Counter-Strike Nexon,29/01/2014,369,FALSE,917,GTX 980 Ti,Top+,GF9,6,40,2014,649,6,N,Indie,Y
269210,Counter-Strike Nexon,29/01/2014,369,FALSE,917,GTX 980 Ti,Top+,GF9,6,40,2014,649,6,N,Adventure,Y
269210,Counter-Strike Nexon,29/01/2014,369,FALSE,917,GTX 980 Ti,Top+,GF9,6,40,2014,649,6,N,Simulation,N
269210,Counter-Strike Nexon,29/01/2014,369,FALSE,917,GTX 980 Ti,Top+,GF9,6,40,2014,649,6,N,RPG,Y
269210,Counter-Strike Nexon,29/01/2014,369,FALSE,917,GTX 980 Ti,Top+,GF9,6,40,2014,649,6,N,Strategy,N
269210,Counter-Strike Nexon,29/01/2014,369,FALSE,917,GTX 980 Ti,Top+,GF9,6,40,2014,649,6,N,Free To Play,N
232090,Killing Floor 2,18/11/2016,4508,FALSE,170,GTX 980 Ti,Top+,GF9,6,40,2014,649,6,N,Action,Y
232090,Killing Floor 2,18/11/2016,4508,FALSE,170,GTX 980 Ti,Top+,GF9,6,40,2014,649,6,N,Indie,N
232090,Killing Floor 2,18/11/2016,4508,FALSE,170,GTX 980 Ti,Top+,GF9,6,40,2014,649,6,N,Adventure,N
232090,Killing Floor 2,18/11/2016,4508,FALSE,170,GTX 980 Ti,Top+,GF9,6,40,2014,649,6,N,Simulation,N
232090,Killing Floor 2,18/11/2016,4508,FALSE,170,GTX 980 Ti,Top+,GF9,6,40,2014,649,6,N,RPG,N
232090,Killing Floor 2,18/11/2016,4508,FALSE,170,GTX 980 Ti,Top+,GF9,6,40,2014,649,6,N,Strategy,N
232090,Killing Floor 2,18/11/2016,4508,FALSE,170,GTX 980 Ti,Top+,GF9,6,40,2014,649,6,N,Free To Play,N
223750,MechWarrior 5: Mercenaries,02/08/2013,636,FALSE,645,GTX 980 Ti,Top+,GF9,6,40,2014,649,6,N,Action,N
223750,MechWarrior 5: Mercenaries,02/08/2013,636,FALSE,645,GTX 980 Ti,Top+,GF9,6,40,2014,649,6,N,Indie,N
223750,MechWarrior 5: Mercenaries,02/08/2013,636,FALSE,645,GTX 980 Ti,Top+,GF9,6,40,2014,649,6,N,Adventure,N
223750,MechWarrior 5: Mercenaries,02/08/2013,636,FALSE,645,GTX 980 Ti,Top+,GF9,6,40,2014,649,6,N,Simulation,Y
223750,MechWarrior 5: Mercenaries,02/08/2013,636,FALSE,645,GTX 980 Ti,Top+,GF9,6,40,2014,649,6,N,RPG,N
223750,MechWarrior 5: Mercenaries,02/08/2013,636,FALSE,645,GTX 980 Ti,Top+,GF9,6,40,2014,649,6,N,Strategy,N
223750,MechWarrior 5: Mercenaries,02/08/2013,636,FALSE,645,GTX 980 Ti,Top+,GF9,6,40,2014,649,6,N,Free To Play,Y
2996990,The Walking Dead,16/11/2024,615,FALSE,667,RX 550,Bottom,R500,4,5,2017,79,6,N,Action,N
2996990,The Walking Dead,16/11/2024,615,FALSE,667,RX 550,Bottom,R500,4,5,2017,79,6,N,Indie,Y
2996990,The Walking Dead,16/11/2024,615,FALSE,667,RX 550,Bottom,R500,4,5,2017,79,6,N,Adventure,N
2996990,The Walking Dead,16/11/2024,615,FALSE,667,RX 550,Bottom,R500,4,5,2017,79,6,N,Simulation,N
2996990,The Walking Dead,16/11/2024,615,FALSE,667,RX 550,Bottom,R500,4,5,2017,79,6,N,RPG,N
2996990,The Walking Dead,16/11/2024,615,FALSE,667,RX 550,Bottom,R500,4,5,2017,79,6,N,Strategy,N
2996990,The Walking Dead,16/11/2024,615,FALSE,667,RX 550,Bottom,R500,4,5,2017,79,6,N,Free To Play,Y
273110,EARTH DEFENSE FORCE 6,07/10/2014,369,FALSE,917,GTX 980 Ti,Top+,GF9,6,40,2014,649,6,N,Action,Y
273110,EARTH DEFENSE FORCE 6,07/10/2014,369,FALSE,917,GTX 980 Ti,Top+,GF9,6,40,2014,649,6,N,Indie,Y
273110,EARTH DEFENSE FORCE 6,07/10/2014,369,FALSE,917,GTX 980 Ti,Top+,GF9,6,40,2014,649,6,N,Adventure,N
273110,EARTH DEFENSE FORCE 6,07/10/2014,369,FALSE,917,GTX 980 Ti,Top+,GF9,6,40,2014,649,6,N,Simulation,N
273110,EARTH DEFENSE FORCE 6,07/10/2014,369,FALSE,917,GTX 980 Ti,Top+,GF9,6,40,2014,649,6,N,RPG,N
273110,EARTH DEFENSE FORCE 6,07/10/2014,369,FALSE,917,GTX 980 Ti,Top+,GF9,6,40,2014,649,6,N,Strategy,N
273110,EARTH DEFENSE FORCE 6,07/10/2014,369,FALSE,917,GTX 980 Ti,Top+,GF9,6,40,2014,649,6,N,Free To Play,Y
2231450,Dorfromantik,26/01/2023,367,FALSE,921,RX 550,Bottom,R500,4,5,2017,79,6,N,Action,Y
2231450,Dorfromantik,26/01/2023,367,FALSE,921,RX 550,Bottom,R500,4,5,2017,79,6,N,Indie,Y
2231450,Dorfromantik,26/01/2023,367,FALSE,921,RX 550,Bottom,R500,4,5,2017,79,6,N,Adventure,N
2231450,Dorfromantik,26/01/2023,367,FALSE,921,RX 550,Bottom,R500,4,5,2017,79,6,N,Simulation,N
2231450,Dorfromantik,26/01/2023,367,FALSE,921,RX 550,Bottom,R500,4,5,2017,79,6,N,RPG,N
2231450,Dorfromantik,26/01/2023,367,FALSE,921,RX 550,Bottom,R500,4,5,2017,79,6,N,Strategy,N
2231450,Dorfromantik,26/01/2023,367,FALSE,921,RX 550,Bottom,R500,4,5,2017,79,6,N,Free To Play,N
1455840,Star Wars Outlaws,28/04/2022,365,FALSE,922,RX 550,Bottom,R500,4,5,2017,79,6,N,Action,N
1455840,Star Wars Outlaws,28/04/2022,365,FALSE,922,RX 550,Bottom,R500,4,5,2017,79,6,N,Indie,Y
1455840,Star Wars Outlaws,28/04/2022,365,FALSE,922,RX 550,Bottom,R500,4,5,2017,79,6,N,Adventure,N
1455840,Star Wars Outlaws,28/04/2022,365,FALSE,922,RX 550,Bottom,R500,4,5,2017,79,6,N,Simulation,Y
1455840,Star Wars Outlaws,28/04/2022,365,FALSE,922,RX 550,Bottom,R500,4,5,2017,79,6,N,RPG,N
1455840,Star Wars Outlaws,28/04/2022,365,FALSE,922,RX 550,Bottom,R500,4,5,2017,79,6,N,Strategy,Y
1455840,Star Wars Outlaws,28/04/2022,365,FALSE,922,RX 550,Bottom,R500,4,5,2017,79,6,N,Free To Play,N
238960,Path of Exile,23/10/2013,4694,TRUE,167,R9 280X,Mid+,R9,3,20,2013,299,6,N,Action,Y
238960,Path of Exile,23/10/2013,4694,TRUE,167,R9 280X,Mid+,R9,3,20,2013,299,6,N,Indie,Y
238960,Path of Exile,23/10/2013,4694,TRUE,167,R9 280X,Mid+,R9,3,20,2013,299,6,N,Adventure,Y
238960,Path of Exile,23/10/2013,4694,TRUE,167,R9 280X,Mid+,R9,3,20,2013,299,6,N,Simulation,N
238960,Path of Exile,23/10/2013,4694,TRUE,167,R9 280X,Mid+,R9,3,20,2013,299,6,N,RPG,Y
238960,Path of Exile,23/10/2013,4694,TRUE,167,R9 280X,Mid+,R9,3,20,2013,299,6,N,Strategy,N
238960,Path of Exile,23/10/2013,4694,TRUE,167,R9 280X,Mid+,R9,3,20,2013,299,6,N,Free To Play,Y
292030,The Witcher 3: Wild Hunt,18/05/2015,15893,FALSE,62,GTX 980 Ti,Top+,GF9,6,40,2014,649,6,N,Action,N
292030,The Witcher 3: Wild Hunt,18/05/2015,15893,FALSE,62,GTX 980 Ti,Top+,GF9,6,40,2014,649,6,N,Indie,N
292030,The Witcher 3: Wild Hunt,18/05/2015,15893,FALSE,62,GTX 980 Ti,Top+,GF9,6,40,2014,649,6,N,Adventure,N
292030,The Witcher 3: Wild Hunt,18/05/2015,15893,FALSE,62,GTX 980 Ti,Top+,GF9,6,40,2014,649,6,N,Simulation,N
292030,The Witcher 3: Wild Hunt,18/05/2015,15893,FALSE,62,GTX 980 Ti,Top+,GF9,6,40,2014,649,6,N,RPG,Y
292030,The Witcher 3: Wild Hunt,18/05/2015,15893,FALSE,62,GTX 980 Ti,Top+,GF9,6,40,2014,649,6,N,Strategy,N
292030,The Witcher 3: Wild Hunt,18/05/2015,15893,FALSE,62,GTX 980 Ti,Top+,GF9,6,40,2014,649,6,N,Free To Play,N
881100,Noita,15/10/2020,2019,FALSE,303,Radeon Vega 11,APU,R VEGA 11,1,5,2019,99,5,Y,Action,Y
881100,Noita,15/10/2020,2019,FALSE,303,Radeon Vega 11,APU,R VEGA 11,1,5,2019,99,5,Y,Indie,Y
881100,Noita,15/10/2020,2019,FALSE,303,Radeon Vega 11,APU,R VEGA 11,1,5,2019,99,5,Y,Adventure,Y
881100,Noita,15/10/2020,2019,FALSE,303,Radeon Vega 11,APU,R VEGA 11,1,5,2019,99,5,Y,Simulation,Y
881100,Noita,15/10/2020,2019,FALSE,303,Radeon Vega 11,APU,R VEGA 11,1,5,2019,99,5,Y,RPG,Y
881100,Noita,15/10/2020,2019,FALSE,303,Radeon Vega 11,APU,R VEGA 11,1,5,2019,99,5,Y,Strategy,N
881100,Noita,15/10/2020,2019,FALSE,303,Radeon Vega 11,APU,R VEGA 11,1,5,2019,99,5,Y,Free To Play,N
216150,MapleStory,09/08/2012,8092,FALSE,112,R9 270,Lower,R9,2,10,2013,179,5,N,Action,Y
216150,MapleStory,09/08/2012,8092,FALSE,112,R9 270,Lower,R9,2,10,2013,179,5,N,Indie,N
216150,MapleStory,09/08/2012,8092,FALSE,112,R9 270,Lower,R9,2,10,2013,179,5,N,Adventure,Y
216150,MapleStory,09/08/2012,8092,FALSE,112,R9 270,Lower,R9,2,10,2013,179,5,N,Simulation,N
216150,MapleStory,09/08/2012,8092,FALSE,112,R9 270,Lower,R9,2,10,2013,179,5,N,RPG,Y
216150,MapleStory,09/08/2012,8092,FALSE,112,R9 270,Lower,R9,2,10,2013,179,5,N,Strategy,N
216150,MapleStory,09/08/2012,8092,FALSE,112,R9 270,Lower,R9,2,10,2013,179,5,N,Free To Play,Y
769560,Microsoft Flight Simulator X: Steam Edition,25/07/2019,487,FALSE,784,Radeon Vega 11,APU,R VEGA 11,1,5,2019,99,5,Y,Action,N
769560,Microsoft Flight Simulator X: Steam Edition,25/07/2019,487,FALSE,784,Radeon Vega 11,APU,R VEGA 11,1,5,2019,99,5,Y,Indie,Y
769560,Microsoft Flight Simulator X: Steam Edition,25/07/2019,487,FALSE,784,Radeon Vega 11,APU,R VEGA 11,1,5,2019,99,5,Y,Adventure,Y
769560,Microsoft Flight Simulator X: Steam Edition,25/07/2019,487,FALSE,784,Radeon Vega 11,APU,R VEGA 11,1,5,2019,99,5,Y,Simulation,N
769560,Microsoft Flight Simulator X: Steam Edition,25/07/2019,487,FALSE,784,Radeon Vega 11,APU,R VEGA 11,1,5,2019,99,5,Y,RPG,N
769560,Microsoft Flight Simulator X: Steam Edition,25/07/2019,487,FALSE,784,Radeon Vega 11,APU,R VEGA 11,1,5,2019,99,5,Y,Strategy,Y
769560,Microsoft Flight Simulator X: Steam Edition,25/07/2019,487,FALSE,784,Radeon Vega 11,APU,R VEGA 11,1,5,2019,99,5,Y,Free To Play,Y
3191030,Nubby's Number Factory,07/03/2025,731,FALSE,591,Radeon Vega 11,APU,R VEGA 11,1,5,2019,99,5,Y,Action,N
3191030,Nubby's Number Factory,07/03/2025,731,FALSE,591,Radeon Vega 11,APU,R VEGA 11,1,5,2019,99,5,Y,Indie,N
3191030,Nubby's Number Factory,07/03/2025,731,FALSE,591,Radeon Vega 11,APU,R VEGA 11,1,5,2019,99,5,Y,Adventure,N
3191030,Nubby's Number Factory,07/03/2025,731,FALSE,591,Radeon Vega 11,APU,R VEGA 11,1,5,2019,99,5,Y,Simulation,N
3191030,Nubby's Number Factory,07/03/2025,731,FALSE,591,Radeon Vega 11,APU,R VEGA 11,1,5,2019,99,5,Y,RPG,N
3191030,Nubby's Number Factory,07/03/2025,731,FALSE,591,Radeon Vega 11,APU,R VEGA 11,1,5,2019,99,5,Y,Strategy,Y
3191030,Nubby's Number Factory,07/03/2025,731,FALSE,591,Radeon Vega 11,APU,R VEGA 11,1,5,2019,99,5,Y,Free To Play,N
1206560,WorldBox - God Simulator,02/12/2021,1589,TRUE,355,Radeon Vega 11,APU,R VEGA 11,1,5,2019,99,5,Y,Action,N
1206560,WorldBox - God Simulator,02/12/2021,1589,TRUE,355,Radeon Vega 11,APU,R VEGA 11,1,5,2019,99,5,Y,Indie,Y
1206560,WorldBox - God Simulator,02/12/2021,1589,TRUE,355,Radeon Vega 11,APU,R VEGA 11,1,5,2019,99,5,Y,Adventure,N
1206560,WorldBox - God Simulator,02/12/2021,1589,TRUE,355,Radeon Vega 11,APU,R VEGA 11,1,5,2019,99,5,Y,Simulation,Y
1206560,WorldBox - God Simulator,02/12/2021,1589,TRUE,355,Radeon Vega 11,APU,R VEGA 11,1,5,2019,99,5,Y,RPG,N
1206560,WorldBox - God Simulator,02/12/2021,1589,TRUE,355,Radeon Vega 11,APU,R VEGA 11,1,5,2019,99,5,Y,Strategy,N
1206560,WorldBox - God Simulator,02/12/2021,1589,TRUE,355,Radeon Vega 11,APU,R VEGA 11,1,5,2019,99,5,Y,Free To Play,N
1245560,Supremacy: 1914,25/04/2023,334,TRUE,962,Radeon Vega 11,APU,R VEGA 11,1,5,2019,99,5,Y,Action,N
1245560,Supremacy: 1914,25/04/2023,334,TRUE,962,Radeon Vega 11,APU,R VEGA 11,1,5,2019,99,5,Y,Indie,Y
1245560,Supremacy: 1914,25/04/2023,334,TRUE,962,Radeon Vega 11,APU,R VEGA 11,1,5,2019,99,5,Y,Adventure,N
1245560,Supremacy: 1914,25/04/2023,334,TRUE,962,Radeon Vega 11,APU,R VEGA 11,1,5,2019,99,5,Y,Simulation,Y
1245560,Supremacy: 1914,25/04/2023,334,TRUE,962,Radeon Vega 11,APU,R VEGA 11,1,5,2019,99,5,Y,RPG,Y
1245560,Supremacy: 1914,25/04/2023,334,TRUE,962,Radeon Vega 11,APU,R VEGA 11,1,5,2019,99,5,Y,Strategy,N
1245560,Supremacy: 1914,25/04/2023,334,TRUE,962,Radeon Vega 11,APU,R VEGA 11,1,5,2019,99,5,Y,Free To Play,N
218230,ROMANCE OF THE THREE KINGDOMS 8 REMAKE,20/11/2012,496,FALSE,773,GTX 770,Mid+,GF7,2,20,2013,399,5,N,Action,Y
218230,ROMANCE OF THE THREE KINGDOMS 8 REMAKE,20/11/2012,496,FALSE,773,GTX 770,Mid+,GF7,2,20,2013,399,5,N,Indie,N
218230,ROMANCE OF THE THREE KINGDOMS 8 REMAKE,20/11/2012,496,FALSE,773,GTX 770,Mid+,GF7,2,20,2013,399,5,N,Adventure,N
218230,ROMANCE OF THE THREE KINGDOMS 8 REMAKE,20/11/2012,496,FALSE,773,GTX 770,Mid+,GF7,2,20,2013,399,5,N,Simulation,N
218230,ROMANCE OF THE THREE KINGDOMS 8 REMAKE,20/11/2012,496,FALSE,773,GTX 770,Mid+,GF7,2,20,2013,399,5,N,RPG,N
218230,ROMANCE OF THE THREE KINGDOMS 8 REMAKE,20/11/2012,496,FALSE,773,GTX 770,Mid+,GF7,2,20,2013,399,5,N,Strategy,N
218230,ROMANCE OF THE THREE KINGDOMS 8 REMAKE,20/11/2012,496,FALSE,773,GTX 770,Mid+,GF7,2,20,2013,399,5,N,Free To Play,Y
2619650,Cauldron,21/05/2025,1682,FALSE,337,Radeon Vega 11,APU,R VEGA 11,1,5,2019,99,5,Y,Action,N
2619650,Cauldron,21/05/2025,1682,FALSE,337,Radeon Vega 11,APU,R VEGA 11,1,5,2019,99,5,Y,Indie,Y
2619650,Cauldron,21/05/2025,1682,FALSE,337,Radeon Vega 11,APU,R VEGA 11,1,5,2019,99,5,Y,Adventure,Y
2619650,Cauldron,21/05/2025,1682,FALSE,337,Radeon Vega 11,APU,R VEGA 11,1,5,2019,99,5,Y,Simulation,Y
2619650,Cauldron,21/05/2025,1682,FALSE,337,Radeon Vega 11,APU,R VEGA 11,1,5,2019,99,5,Y,RPG,Y
2619650,Cauldron,21/05/2025,1682,FALSE,337,Radeon Vega 11,APU,R VEGA 11,1,5,2019,99,5,Y,Strategy,Y
2619650,Cauldron,21/05/2025,1682,FALSE,337,Radeon Vega 11,APU,R VEGA 11,1,5,2019,99,5,Y,Free To Play,N
1468260,Leaf Blower Revolution - Idle Game,04/12/2020,1621,FALSE,346,Radeon Vega 11,APU,R VEGA 11,1,5,2019,99,5,Y,Action,N
1468260,Leaf Blower Revolution - Idle Game,04/12/2020,1621,FALSE,346,Radeon Vega 11,APU,R VEGA 11,1,5,2019,99,5,Y,Indie,Y
1468260,Leaf Blower Revolution - Idle Game,04/12/2020,1621,FALSE,346,Radeon Vega 11,APU,R VEGA 11,1,5,2019,99,5,Y,Adventure,N
1468260,Leaf Blower Revolution - Idle Game,04/12/2020,1621,FALSE,346,Radeon Vega 11,APU,R VEGA 11,1,5,2019,99,5,Y,Simulation,N
1468260,Leaf Blower Revolution - Idle Game,04/12/2020,1621,FALSE,346,Radeon Vega 11,APU,R VEGA 11,1,5,2019,99,5,Y,RPG,N
1468260,Leaf Blower Revolution - Idle Game,04/12/2020,1621,FALSE,346,Radeon Vega 11,APU,R VEGA 11,1,5,2019,99,5,Y,Strategy,N
1468260,Leaf Blower Revolution - Idle Game,04/12/2020,1621,FALSE,346,Radeon Vega 11,APU,R VEGA 11,1,5,2019,99,5,Y,Free To Play,Y
786520,SAO Utils: Beta,14/03/2018,1608,FALSE,349,Radeon Vega 11,APU,R VEGA 11,1,5,2019,99,5,Y,Action,N
786520,SAO Utils: Beta,14/03/2018,1608,FALSE,349,Radeon Vega 11,APU,R VEGA 11,1,5,2019,99,5,Y,Indie,N
786520,SAO Utils: Beta,14/03/2018,1608,FALSE,349,Radeon Vega 11,APU,R VEGA 11,1,5,2019,99,5,Y,Adventure,N
786520,SAO Utils: Beta,14/03/2018,1608,FALSE,349,Radeon Vega 11,APU,R VEGA 11,1,5,2019,99,5,Y,Simulation,N
786520,SAO Utils: Beta,14/03/2018,1608,FALSE,349,Radeon Vega 11,APU,R VEGA 11,1,5,2019,99,5,Y,RPG,N
786520,SAO Utils: Beta,14/03/2018,1608,FALSE,349,Radeon Vega 11,APU,R VEGA 11,1,5,2019,99,5,Y,Strategy,N
786520,SAO Utils: Beta,14/03/2018,1608,FALSE,349,Radeon Vega 11,APU,R VEGA 11,1,5,2019,99,5,Y,Free To Play,N
2853590,Void War,02/06/2025,1571,FALSE,359,Radeon Vega 11,APU,R VEGA 11,1,5,2019,99,5,Y,Action,N
2853590,Void War,02/06/2025,1571,FALSE,359,Radeon Vega 11,APU,R VEGA 11,1,5,2019,99,5,Y,Indie,Y
2853590,Void War,02/06/2025,1571,FALSE,359,Radeon Vega 11,APU,R VEGA 11,1,5,2019,99,5,Y,Adventure,Y
2853590,Void War,02/06/2025,1571,FALSE,359,Radeon Vega 11,APU,R VEGA 11,1,5,2019,99,5,Y,Simulation,Y
2853590,Void War,02/06/2025,1571,FALSE,359,Radeon Vega 11,APU,R VEGA 11,1,5,2019,99,5,Y,RPG,Y
2853590,Void War,02/06/2025,1571,FALSE,359,Radeon Vega 11,APU,R VEGA 11,1,5,2019,99,5,Y,Strategy,Y
2853590,Void War,02/06/2025,1571,FALSE,359,Radeon Vega 11,APU,R VEGA 11,1,5,2019,99,5,Y,Free To Play,N
568220,Lobotomy Corporation | Monster Management Simulation,09/04/2018,1524,FALSE,367,Radeon Vega 11,APU,R VEGA 11,1,5,2019,99,5,Y,Action,N
568220,Lobotomy Corporation | Monster Management Simulation,09/04/2018,1524,FALSE,367,Radeon Vega 11,APU,R VEGA 11,1,5,2019,99,5,Y,Indie,Y
568220,Lobotomy Corporation | Monster Management Simulation,09/04/2018,1524,FALSE,367,Radeon Vega 11,APU,R VEGA 11,1,5,2019,99,5,Y,Adventure,N
568220,Lobotomy Corporation | Monster Management Simulation,09/04/2018,1524,FALSE,367,Radeon Vega 11,APU,R VEGA 11,1,5,2019,99,5,Y,Simulation,Y
568220,Lobotomy Corporation | Monster Management Simulation,09/04/2018,1524,FALSE,367,Radeon Vega 11,APU,R VEGA 11,1,5,2019,99,5,Y,RPG,N
568220,Lobotomy Corporation | Monster Management Simulation,09/04/2018,1524,FALSE,367,Radeon Vega 11,APU,R VEGA 11,1,5,2019,99,5,Y,Strategy,N
568220,Lobotomy Corporation | Monster Management Simulation,09/04/2018,1524,FALSE,367,Radeon Vega 11,APU,R VEGA 11,1,5,2019,99,5,Y,Free To Play,N
2776450,Multiverse Loot Hunter,15/08/2025,1492,FALSE,373,Radeon Vega 11,APU,R VEGA 11,1,5,2019,99,5,Y,Action,N
2776450,Multiverse Loot Hunter,15/08/2025,1492,FALSE,373,Radeon Vega 11,APU,R VEGA 11,1,5,2019,99,5,Y,Indie,Y
2776450,Multiverse Loot Hunter,15/08/2025,1492,FALSE,373,Radeon Vega 11,APU,R VEGA 11,1,5,2019,99,5,Y,Adventure,Y
2776450,Multiverse Loot Hunter,15/08/2025,1492,FALSE,373,Radeon Vega 11,APU,R VEGA 11,1,5,2019,99,5,Y,Simulation,Y
2776450,Multiverse Loot Hunter,15/08/2025,1492,FALSE,373,Radeon Vega 11,APU,R VEGA 11,1,5,2019,99,5,Y,RPG,Y
2776450,Multiverse Loot Hunter,15/08/2025,1492,FALSE,373,Radeon Vega 11,APU,R VEGA 11,1,5,2019,99,5,Y,Strategy,Y
2776450,Multiverse Loot Hunter,15/08/2025,1492,FALSE,373,Radeon Vega 11,APU,R VEGA 11,1,5,2019,99,5,Y,Free To Play,N
2069310,Age of History II,27/10/2022,514,FALSE,750,Radeon Vega 11,APU,R VEGA 11,1,5,2019,99,5,Y,Action,N
2069310,Age of History II,27/10/2022,514,FALSE,750,Radeon Vega 11,APU,R VEGA 11,1,5,2019,99,5,Y,Indie,Y
2069310,Age of History II,27/10/2022,514,FALSE,750,Radeon Vega 11,APU,R VEGA 11,1,5,2019,99,5,Y,Adventure,N
2069310,Age of History II,27/10/2022,514,FALSE,750,Radeon Vega 11,APU,R VEGA 11,1,5,2019,99,5,Y,Simulation,Y
2069310,Age of History II,27/10/2022,514,FALSE,750,Radeon Vega 11,APU,R VEGA 11,1,5,2019,99,5,Y,RPG,N
2069310,Age of History II,27/10/2022,514,FALSE,750,Radeon Vega 11,APU,R VEGA 11,1,5,2019,99,5,Y,Strategy,N
2069310,Age of History II,27/10/2022,514,FALSE,750,Radeon Vega 11,APU,R VEGA 11,1,5,2019,99,5,Y,Free To Play,N
1013320,Firestone ' Idle Clicker Online RPG,01/04/2024,1785,TRUE,326,Radeon Vega 11,APU,R VEGA 11,1,5,2019,99,5,Y,Action,N
1013320,Firestone ' Idle Clicker Online RPG,01/04/2024,1785,TRUE,326,Radeon Vega 11,APU,R VEGA 11,1,5,2019,99,5,Y,Indie,Y
1013320,Firestone ' Idle Clicker Online RPG,01/04/2024,1785,TRUE,326,Radeon Vega 11,APU,R VEGA 11,1,5,2019,99,5,Y,Adventure,N
1013320,Firestone ' Idle Clicker Online RPG,01/04/2024,1785,TRUE,326,Radeon Vega 11,APU,R VEGA 11,1,5,2019,99,5,Y,Simulation,N
1013320,Firestone ' Idle Clicker Online RPG,01/04/2024,1785,TRUE,326,Radeon Vega 11,APU,R VEGA 11,1,5,2019,99,5,Y,RPG,Y
1013320,Firestone ' Idle Clicker Online RPG,01/04/2024,1785,TRUE,326,Radeon Vega 11,APU,R VEGA 11,1,5,2019,99,5,Y,Strategy,N
1013320,Firestone ' Idle Clicker Online RPG,01/04/2024,1785,TRUE,326,Radeon Vega 11,APU,R VEGA 11,1,5,2019,99,5,Y,Free To Play,Y
2080690,Yet Another Zombie Survivors,25/08/2023,472,FALSE,800,Radeon Vega 11,APU,R VEGA 11,1,5,2019,99,5,Y,Action,Y
2080690,Yet Another Zombie Survivors,25/08/2023,472,FALSE,800,Radeon Vega 11,APU,R VEGA 11,1,5,2019,99,5,Y,Indie,Y
2080690,Yet Another Zombie Survivors,25/08/2023,472,FALSE,800,Radeon Vega 11,APU,R VEGA 11,1,5,2019,99,5,Y,Adventure,N
2080690,Yet Another Zombie Survivors,25/08/2023,472,FALSE,800,Radeon Vega 11,APU,R VEGA 11,1,5,2019,99,5,Y,Simulation,N
2080690,Yet Another Zombie Survivors,25/08/2023,472,FALSE,800,Radeon Vega 11,APU,R VEGA 11,1,5,2019,99,5,Y,RPG,N
2080690,Yet Another Zombie Survivors,25/08/2023,472,FALSE,800,Radeon Vega 11,APU,R VEGA 11,1,5,2019,99,5,Y,Strategy,N
2080690,Yet Another Zombie Survivors,25/08/2023,472,FALSE,800,Radeon Vega 11,APU,R VEGA 11,1,5,2019,99,5,Y,Free To Play,N
231430,Company of Heroes 2,25/06/2013,2330,TRUE,276,R9 270,Lower,R9,2,10,2013,179,5,N,Action,N
231430,Company of Heroes 2,25/06/2013,2330,TRUE,276,R9 270,Lower,R9,2,10,2013,179,5,N,Indie,N
231430,Company of Heroes 2,25/06/2013,2330,TRUE,276,R9 270,Lower,R9,2,10,2013,179,5,N,Adventure,N
231430,Company of Heroes 2,25/06/2013,2330,TRUE,276,R9 270,Lower,R9,2,10,2013,179,5,N,Simulation,N
231430,Company of Heroes 2,25/06/2013,2330,TRUE,276,R9 270,Lower,R9,2,10,2013,179,5,N,RPG,N
231430,Company of Heroes 2,25/06/2013,2330,TRUE,276,R9 270,Lower,R9,2,10,2013,179,5,N,Strategy,Y
231430,Company of Heroes 2,25/06/2013,2330,TRUE,276,R9 270,Lower,R9,2,10,2013,179,5,N,Free To Play,N
1128810,RISK: Global Domination,19/02/2020,2153,TRUE,291,Radeon Vega 11,APU,R VEGA 11,1,5,2019,99,5,Y,Action,N
1128810,RISK: Global Domination,19/02/2020,2153,TRUE,291,Radeon Vega 11,APU,R VEGA 11,1,5,2019,99,5,Y,Indie,N
1128810,RISK: Global Domination,19/02/2020,2153,TRUE,291,Radeon Vega 11,APU,R VEGA 11,1,5,2019,99,5,Y,Adventure,N
1128810,RISK: Global Domination,19/02/2020,2153,TRUE,291,Radeon Vega 11,APU,R VEGA 11,1,5,2019,99,5,Y,Simulation,N
1128810,RISK: Global Domination,19/02/2020,2153,TRUE,291,Radeon Vega 11,APU,R VEGA 11,1,5,2019,99,5,Y,RPG,N
1128810,RISK: Global Domination,19/02/2020,2153,TRUE,291,Radeon Vega 11,APU,R VEGA 11,1,5,2019,99,5,Y,Strategy,Y
1128810,RISK: Global Domination,19/02/2020,2153,TRUE,291,Radeon Vega 11,APU,R VEGA 11,1,5,2019,99,5,Y,Free To Play,Y
1118200,People Playground,23/07/2019,4505,FALSE,172,Radeon Vega 11,APU,R VEGA 11,1,5,2019,99,5,Y,Action,Y
1118200,People Playground,23/07/2019,4505,FALSE,172,Radeon Vega 11,APU,R VEGA 11,1,5,2019,99,5,Y,Indie,Y
1118200,People Playground,23/07/2019,4505,FALSE,172,Radeon Vega 11,APU,R VEGA 11,1,5,2019,99,5,Y,Adventure,N
1118200,People Playground,23/07/2019,4505,FALSE,172,Radeon Vega 11,APU,R VEGA 11,1,5,2019,99,5,Y,Simulation,Y
1118200,People Playground,23/07/2019,4505,FALSE,172,Radeon Vega 11,APU,R VEGA 11,1,5,2019,99,5,Y,RPG,N
1118200,People Playground,23/07/2019,4505,FALSE,172,Radeon Vega 11,APU,R VEGA 11,1,5,2019,99,5,Y,Strategy,N
1118200,People Playground,23/07/2019,4505,FALSE,172,Radeon Vega 11,APU,R VEGA 11,1,5,2019,99,5,Y,Free To Play,N
1904540,Football Manager 2023,08/11/2022,4178,TRUE,183,Radeon Vega 11,APU,R VEGA 11,1,5,2019,99,5,Y,Action,N
1904540,Football Manager 2023,08/11/2022,4178,TRUE,183,Radeon Vega 11,APU,R VEGA 11,1,5,2019,99,5,Y,Indie,N
1904540,Football Manager 2023,08/11/2022,4178,TRUE,183,Radeon Vega 11,APU,R VEGA 11,1,5,2019,99,5,Y,Adventure,N
1904540,Football Manager 2023,08/11/2022,4178,TRUE,183,Radeon Vega 11,APU,R VEGA 11,1,5,2019,99,5,Y,Simulation,Y
1904540,Football Manager 2023,08/11/2022,4178,TRUE,183,Radeon Vega 11,APU,R VEGA 11,1,5,2019,99,5,Y,RPG,N
1904540,Football Manager 2023,08/11/2022,4178,TRUE,183,Radeon Vega 11,APU,R VEGA 11,1,5,2019,99,5,Y,Strategy,N
1904540,Football Manager 2023,08/11/2022,4178,TRUE,183,Radeon Vega 11,APU,R VEGA 11,1,5,2019,99,5,Y,Free To Play,N
2252570,Football Manager 2024,06/11/2023,47931,TRUE,19,Radeon Vega 11,APU,R VEGA 11,1,5,2019,99,5,Y,Action,N
2252570,Football Manager 2024,06/11/2023,47931,TRUE,19,Radeon Vega 11,APU,R VEGA 11,1,5,2019,99,5,Y,Indie,N
2252570,Football Manager 2024,06/11/2023,47931,TRUE,19,Radeon Vega 11,APU,R VEGA 11,1,5,2019,99,5,Y,Adventure,N
2252570,Football Manager 2024,06/11/2023,47931,TRUE,19,Radeon Vega 11,APU,R VEGA 11,1,5,2019,99,5,Y,Simulation,Y
2252570,Football Manager 2024,06/11/2023,47931,TRUE,19,Radeon Vega 11,APU,R VEGA 11,1,5,2019,99,5,Y,RPG,N
2252570,Football Manager 2024,06/11/2023,47931,TRUE,19,Radeon Vega 11,APU,R VEGA 11,1,5,2019,99,5,Y,Strategy,Y
2252570,Football Manager 2024,06/11/2023,47931,TRUE,19,Radeon Vega 11,APU,R VEGA 11,1,5,2019,99,5,Y,Free To Play,N
1671210,DELTARUNE,04/06/2025,83936,TRUE,10,Radeon Vega 11,APU,R VEGA 11,1,5,2019,99,5,Y,Action,N
1671210,DELTARUNE,04/06/2025,83936,TRUE,10,Radeon Vega 11,APU,R VEGA 11,1,5,2019,99,5,Y,Indie,Y
1671210,DELTARUNE,04/06/2025,83936,TRUE,10,Radeon Vega 11,APU,R VEGA 11,1,5,2019,99,5,Y,Adventure,N
1671210,DELTARUNE,04/06/2025,83936,TRUE,10,Radeon Vega 11,APU,R VEGA 11,1,5,2019,99,5,Y,Simulation,N
1671210,DELTARUNE,04/06/2025,83936,TRUE,10,Radeon Vega 11,APU,R VEGA 11,1,5,2019,99,5,Y,RPG,Y
1671210,DELTARUNE,04/06/2025,83936,TRUE,10,Radeon Vega 11,APU,R VEGA 11,1,5,2019,99,5,Y,Strategy,N
1671210,DELTARUNE,04/06/2025,83936,TRUE,10,Radeon Vega 11,APU,R VEGA 11,1,5,2019,99,5,Y,Free To Play,N
2379780,Balatro,20/02/2024,17123,TRUE,56,Radeon Vega 11,APU,R VEGA 11,1,5,2019,99,5,Y,Action,N
2379780,Balatro,20/02/2024,17123,TRUE,56,Radeon Vega 11,APU,R VEGA 11,1,5,2019,99,5,Y,Indie,Y
2379780,Balatro,20/02/2024,17123,TRUE,56,Radeon Vega 11,APU,R VEGA 11,1,5,2019,99,5,Y,Adventure,N
2379780,Balatro,20/02/2024,17123,TRUE,56,Radeon Vega 11,APU,R VEGA 11,1,5,2019,99,5,Y,Simulation,N
2379780,Balatro,20/02/2024,17123,TRUE,56,Radeon Vega 11,APU,R VEGA 11,1,5,2019,99,5,Y,RPG,N
2379780,Balatro,20/02/2024,17123,TRUE,56,Radeon Vega 11,APU,R VEGA 11,1,5,2019,99,5,Y,Strategy,Y
2379780,Balatro,20/02/2024,17123,TRUE,56,Radeon Vega 11,APU,R VEGA 11,1,5,2019,99,5,Y,Free To Play,N
527230,Doki Doki Literature Club!,19/04/2018,428,TRUE,846,Radeon Vega 11,APU,R VEGA 11,1,5,2019,99,5,Y,Action,N
527230,Doki Doki Literature Club!,19/04/2018,428,TRUE,846,Radeon Vega 11,APU,R VEGA 11,1,5,2019,99,5,Y,Indie,Y
527230,Doki Doki Literature Club!,19/04/2018,428,TRUE,846,Radeon Vega 11,APU,R VEGA 11,1,5,2019,99,5,Y,Adventure,Y
527230,Doki Doki Literature Club!,19/04/2018,428,TRUE,846,Radeon Vega 11,APU,R VEGA 11,1,5,2019,99,5,Y,Simulation,N
527230,Doki Doki Literature Club!,19/04/2018,428,TRUE,846,Radeon Vega 11,APU,R VEGA 11,1,5,2019,99,5,Y,RPG,Y
527230,Doki Doki Literature Club!,19/04/2018,428,TRUE,846,Radeon Vega 11,APU,R VEGA 11,1,5,2019,99,5,Y,Strategy,Y
527230,Doki Doki Literature Club!,19/04/2018,428,TRUE,846,Radeon Vega 11,APU,R VEGA 11,1,5,2019,99,5,Y,Free To Play,N
3037410,Fish Idle 2: Underwater Mystery,15/11/2024,3589,FALSE,199,Radeon Vega 11,APU,R VEGA 11,1,5,2019,99,5,Y,Action,N
3037410,Fish Idle 2: Underwater Mystery,15/11/2024,3589,FALSE,199,Radeon Vega 11,APU,R VEGA 11,1,5,2019,99,5,Y,Indie,Y
3037410,Fish Idle 2: Underwater Mystery,15/11/2024,3589,FALSE,199,Radeon Vega 11,APU,R VEGA 11,1,5,2019,99,5,Y,Adventure,Y
3037410,Fish Idle 2: Underwater Mystery,15/11/2024,3589,FALSE,199,Radeon Vega 11,APU,R VEGA 11,1,5,2019,99,5,Y,Simulation,N
3037410,Fish Idle 2: Underwater Mystery,15/11/2024,3589,FALSE,199,Radeon Vega 11,APU,R VEGA 11,1,5,2019,99,5,Y,RPG,N
3037410,Fish Idle 2: Underwater Mystery,15/11/2024,3589,FALSE,199,Radeon Vega 11,APU,R VEGA 11,1,5,2019,99,5,Y,Strategy,N
3037410,Fish Idle 2: Underwater Mystery,15/11/2024,3589,FALSE,199,Radeon Vega 11,APU,R VEGA 11,1,5,2019,99,5,Y,Free To Play,Y
1147690,NGU IDLE,01/10/2019,3382,FALSE,207,Radeon Vega 11,APU,R VEGA 11,1,5,2019,99,5,Y,Action,N
1147690,NGU IDLE,01/10/2019,3382,FALSE,207,Radeon Vega 11,APU,R VEGA 11,1,5,2019,99,5,Y,Indie,Y
1147690,NGU IDLE,01/10/2019,3382,FALSE,207,Radeon Vega 11,APU,R VEGA 11,1,5,2019,99,5,Y,Adventure,Y
1147690,NGU IDLE,01/10/2019,3382,FALSE,207,Radeon Vega 11,APU,R VEGA 11,1,5,2019,99,5,Y,Simulation,Y
1147690,NGU IDLE,01/10/2019,3382,FALSE,207,Radeon Vega 11,APU,R VEGA 11,1,5,2019,99,5,Y,RPG,N
1147690,NGU IDLE,01/10/2019,3382,FALSE,207,Radeon Vega 11,APU,R VEGA 11,1,5,2019,99,5,Y,Strategy,N
1147690,NGU IDLE,01/10/2019,3382,FALSE,207,Radeon Vega 11,APU,R VEGA 11,1,5,2019,99,5,Y,Free To Play,Y
1267910,Melvor Idle,18/11/2021,4551,TRUE,169,Radeon Vega 11,APU,R VEGA 11,1,5,2019,99,5,Y,Action,N
1267910,Melvor Idle,18/11/2021,4551,TRUE,169,Radeon Vega 11,APU,R VEGA 11,1,5,2019,99,5,Y,Indie,Y
1267910,Melvor Idle,18/11/2021,4551,TRUE,169,Radeon Vega 11,APU,R VEGA 11,1,5,2019,99,5,Y,Adventure,Y
1267910,Melvor Idle,18/11/2021,4551,TRUE,169,Radeon Vega 11,APU,R VEGA 11,1,5,2019,99,5,Y,Simulation,N
1267910,Melvor Idle,18/11/2021,4551,TRUE,169,Radeon Vega 11,APU,R VEGA 11,1,5,2019,99,5,Y,RPG,Y
1267910,Melvor Idle,18/11/2021,4551,TRUE,169,Radeon Vega 11,APU,R VEGA 11,1,5,2019,99,5,Y,Strategy,N
1267910,Melvor Idle,18/11/2021,4551,TRUE,169,Radeon Vega 11,APU,R VEGA 11,1,5,2019,99,5,Y,Free To Play,N
3419430,Bongo Cat,05/03/2025,164168,FALSE,4,Radeon Vega 11,APU,R VEGA 11,1,5,2019,99,5,Y,Action,N
3419430,Bongo Cat,05/03/2025,164168,FALSE,4,Radeon Vega 11,APU,R VEGA 11,1,5,2019,99,5,Y,Indie,Y
3419430,Bongo Cat,05/03/2025,164168,FALSE,4,Radeon Vega 11,APU,R VEGA 11,1,5,2019,99,5,Y,Adventure,N
3419430,Bongo Cat,05/03/2025,164168,FALSE,4,Radeon Vega 11,APU,R VEGA 11,1,5,2019,99,5,Y,Simulation,Y
3419430,Bongo Cat,05/03/2025,164168,FALSE,4,Radeon Vega 11,APU,R VEGA 11,1,5,2019,99,5,Y,RPG,N
3419430,Bongo Cat,05/03/2025,164168,FALSE,4,Radeon Vega 11,APU,R VEGA 11,1,5,2019,99,5,Y,Strategy,N
3419430,Bongo Cat,05/03/2025,164168,FALSE,4,Radeon Vega 11,APU,R VEGA 11,1,5,2019,99,5,Y,Free To Play,Y
1546320,Your Chronicle,04/04/2021,3324,TRUE,214,Radeon Vega 11,APU,R VEGA 11,1,5,2019,99,5,Y,Action,N
1546320,Your Chronicle,04/04/2021,3324,TRUE,214,Radeon Vega 11,APU,R VEGA 11,1,5,2019,99,5,Y,Indie,N
1546320,Your Chronicle,04/04/2021,3324,TRUE,214,Radeon Vega 11,APU,R VEGA 11,1,5,2019,99,5,Y,Adventure,N
1546320,Your Chronicle,04/04/2021,3324,TRUE,214,Radeon Vega 11,APU,R VEGA 11,1,5,2019,99,5,Y,Simulation,N
1546320,Your Chronicle,04/04/2021,3324,TRUE,214,Radeon Vega 11,APU,R VEGA 11,1,5,2019,99,5,Y,RPG,Y
1546320,Your Chronicle,04/04/2021,3324,TRUE,214,Radeon Vega 11,APU,R VEGA 11,1,5,2019,99,5,Y,Strategy,N
1546320,Your Chronicle,04/04/2021,3324,TRUE,214,Radeon Vega 11,APU,R VEGA 11,1,5,2019,99,5,Y,Free To Play,Y
1258080,Shop Titans,05/05/2020,3279,FALSE,216,Radeon Vega 11,APU,R VEGA 11,1,5,2019,99,5,Y,Action,N
1258080,Shop Titans,05/05/2020,3279,FALSE,216,Radeon Vega 11,APU,R VEGA 11,1,5,2019,99,5,Y,Indie,N
1258080,Shop Titans,05/05/2020,3279,FALSE,216,Radeon Vega 11,APU,R VEGA 11,1,5,2019,99,5,Y,Adventure,Y
1258080,Shop Titans,05/05/2020,3279,FALSE,216,Radeon Vega 11,APU,R VEGA 11,1,5,2019,99,5,Y,Simulation,Y
1258080,Shop Titans,05/05/2020,3279,FALSE,216,Radeon Vega 11,APU,R VEGA 11,1,5,2019,99,5,Y,RPG,Y
1258080,Shop Titans,05/05/2020,3279,FALSE,216,Radeon Vega 11,APU,R VEGA 11,1,5,2019,99,5,Y,Strategy,N
1258080,Shop Titans,05/05/2020,3279,FALSE,216,Radeon Vega 11,APU,R VEGA 11,1,5,2019,99,5,Y,Free To Play,Y
3373660,Command & Conquer 3: Kane's Wrath,21/03/2025,346,FALSE,951,Radeon Vega 11,APU,R VEGA 11,1,5,2019,99,5,Y,Action,N
3373660,Command & Conquer 3: Kane's Wrath,21/03/2025,346,FALSE,951,Radeon Vega 11,APU,R VEGA 11,1,5,2019,99,5,Y,Indie,N
3373660,Command & Conquer 3: Kane's Wrath,21/03/2025,346,FALSE,951,Radeon Vega 11,APU,R VEGA 11,1,5,2019,99,5,Y,Adventure,Y
3373660,Command & Conquer 3: Kane's Wrath,21/03/2025,346,FALSE,951,Radeon Vega 11,APU,R VEGA 11,1,5,2019,99,5,Y,Simulation,N
3373660,Command & Conquer 3: Kane's Wrath,21/03/2025,346,FALSE,951,Radeon Vega 11,APU,R VEGA 11,1,5,2019,99,5,Y,RPG,Y
3373660,Command & Conquer 3: Kane's Wrath,21/03/2025,346,FALSE,951,Radeon Vega 11,APU,R VEGA 11,1,5,2019,99,5,Y,Strategy,N
3373660,Command & Conquer 3: Kane's Wrath,21/03/2025,346,FALSE,951,Radeon Vega 11,APU,R VEGA 11,1,5,2019,99,5,Y,Free To Play,N
1488200,Zenkcraft,10/06/2022,409,FALSE,871,Radeon Vega 11,APU,R VEGA 11,1,5,2019,99,5,Y,Action,N
1488200,Zenkcraft,10/06/2022,409,FALSE,871,Radeon Vega 11,APU,R VEGA 11,1,5,2019,99,5,Y,Indie,Y
1488200,Zenkcraft,10/06/2022,409,FALSE,871,Radeon Vega 11,APU,R VEGA 11,1,5,2019,99,5,Y,Adventure,Y
1488200,Zenkcraft,10/06/2022,409,FALSE,871,Radeon Vega 11,APU,R VEGA 11,1,5,2019,99,5,Y,Simulation,N
1488200,Zenkcraft,10/06/2022,409,FALSE,871,Radeon Vega 11,APU,R VEGA 11,1,5,2019,99,5,Y,RPG,Y
1488200,Zenkcraft,10/06/2022,409,FALSE,871,Radeon Vega 11,APU,R VEGA 11,1,5,2019,99,5,Y,Strategy,Y
1488200,Zenkcraft,10/06/2022,409,FALSE,871,Radeon Vega 11,APU,R VEGA 11,1,5,2019,99,5,Y,Free To Play,N
1144400,Riichi City ﾃ The Quintessential Quintuplets Specials 2,14/02/2020,406,FALSE,872,Radeon Vega 11,APU,R VEGA 11,1,5,2019,99,5,Y,Action,N
1144400,Riichi City ﾃ The Quintessential Quintuplets Specials 2,14/02/2020,406,FALSE,872,Radeon Vega 11,APU,R VEGA 11,1,5,2019,99,5,Y,Indie,N
1144400,Riichi City ﾃ The Quintessential Quintuplets Specials 2,14/02/2020,406,FALSE,872,Radeon Vega 11,APU,R VEGA 11,1,5,2019,99,5,Y,Adventure,Y
1144400,Riichi City ﾃ The Quintessential Quintuplets Specials 2,14/02/2020,406,FALSE,872,Radeon Vega 11,APU,R VEGA 11,1,5,2019,99,5,Y,Simulation,N
1144400,Riichi City ﾃ The Quintessential Quintuplets Specials 2,14/02/2020,406,FALSE,872,Radeon Vega 11,APU,R VEGA 11,1,5,2019,99,5,Y,RPG,N
1144400,Riichi City ﾃ The Quintessential Quintuplets Specials 2,14/02/2020,406,FALSE,872,Radeon Vega 11,APU,R VEGA 11,1,5,2019,99,5,Y,Strategy,N
1144400,Riichi City ﾃ The Quintessential Quintuplets Specials 2,14/02/2020,406,FALSE,872,Radeon Vega 11,APU,R VEGA 11,1,5,2019,99,5,Y,Free To Play,N
1637320,Elsword,27/09/2022,402,TRUE,877,Radeon Vega 11,APU,R VEGA 11,1,5,2019,99,5,Y,Action,Y
1637320,Elsword,27/09/2022,402,TRUE,877,Radeon Vega 11,APU,R VEGA 11,1,5,2019,99,5,Y,Indie,Y
1637320,Elsword,27/09/2022,402,TRUE,877,Radeon Vega 11,APU,R VEGA 11,1,5,2019,99,5,Y,Adventure,Y
1637320,Elsword,27/09/2022,402,TRUE,877,Radeon Vega 11,APU,R VEGA 11,1,5,2019,99,5,Y,Simulation,Y
1637320,Elsword,27/09/2022,402,TRUE,877,Radeon Vega 11,APU,R VEGA 11,1,5,2019,99,5,Y,RPG,N
1637320,Elsword,27/09/2022,402,TRUE,877,Radeon Vega 11,APU,R VEGA 11,1,5,2019,99,5,Y,Strategy,N
1637320,Elsword,27/09/2022,402,TRUE,877,Radeon Vega 11,APU,R VEGA 11,1,5,2019,99,5,Y,Free To Play,N
1812620,DSX,24/06/2022,5121,FALSE,154,Radeon Vega 11,APU,R VEGA 11,1,5,2019,99,5,Y,Action,Y
1812620,DSX,24/06/2022,5121,FALSE,154,Radeon Vega 11,APU,R VEGA 11,1,5,2019,99,5,Y,Indie,Y
1812620,DSX,24/06/2022,5121,FALSE,154,Radeon Vega 11,APU,R VEGA 11,1,5,2019,99,5,Y,Adventure,Y
1812620,DSX,24/06/2022,5121,FALSE,154,Radeon Vega 11,APU,R VEGA 11,1,5,2019,99,5,Y,Simulation,Y
1812620,DSX,24/06/2022,5121,FALSE,154,Radeon Vega 11,APU,R VEGA 11,1,5,2019,99,5,Y,RPG,N
1812620,DSX,24/06/2022,5121,FALSE,154,Radeon Vega 11,APU,R VEGA 11,1,5,2019,99,5,Y,Strategy,N
1812620,DSX,24/06/2022,5121,FALSE,154,Radeon Vega 11,APU,R VEGA 11,1,5,2019,99,5,Y,Free To Play,N
1942280,Brotato,23/06/2023,6389,TRUE,130,Radeon Vega 11,APU,R VEGA 11,1,5,2019,99,5,Y,Action,Y
1942280,Brotato,23/06/2023,6389,TRUE,130,Radeon Vega 11,APU,R VEGA 11,1,5,2019,99,5,Y,Indie,Y
1942280,Brotato,23/06/2023,6389,TRUE,130,Radeon Vega 11,APU,R VEGA 11,1,5,2019,99,5,Y,Adventure,N
1942280,Brotato,23/06/2023,6389,TRUE,130,Radeon Vega 11,APU,R VEGA 11,1,5,2019,99,5,Y,Simulation,N
1942280,Brotato,23/06/2023,6389,TRUE,130,Radeon Vega 11,APU,R VEGA 11,1,5,2019,99,5,Y,RPG,Y
1942280,Brotato,23/06/2023,6389,TRUE,130,Radeon Vega 11,APU,R VEGA 11,1,5,2019,99,5,Y,Strategy,N
1942280,Brotato,23/06/2023,6389,TRUE,130,Radeon Vega 11,APU,R VEGA 11,1,5,2019,99,5,Y,Free To Play,N
602880,Diplomacy is Not an Option,28/03/2017,465,FALSE,808,Radeon Vega 11,APU,R VEGA 11,1,5,2019,99,5,Y,Action,Y
602880,Diplomacy is Not an Option,28/03/2017,465,FALSE,808,Radeon Vega 11,APU,R VEGA 11,1,5,2019,99,5,Y,Indie,Y
602880,Diplomacy is Not an Option,28/03/2017,465,FALSE,808,Radeon Vega 11,APU,R VEGA 11,1,5,2019,99,5,Y,Adventure,Y
602880,Diplomacy is Not an Option,28/03/2017,465,FALSE,808,Radeon Vega 11,APU,R VEGA 11,1,5,2019,99,5,Y,Simulation,N
602880,Diplomacy is Not an Option,28/03/2017,465,FALSE,808,Radeon Vega 11,APU,R VEGA 11,1,5,2019,99,5,Y,RPG,N
602880,Diplomacy is Not an Option,28/03/2017,465,FALSE,808,Radeon Vega 11,APU,R VEGA 11,1,5,2019,99,5,Y,Strategy,N
602880,Diplomacy is Not an Option,28/03/2017,465,FALSE,808,Radeon Vega 11,APU,R VEGA 11,1,5,2019,99,5,Y,Free To Play,N
1787090,MyDockFinder,25/11/2021,2384,FALSE,271,Radeon Vega 11,APU,R VEGA 11,1,5,2019,99,5,Y,Action,N
1787090,MyDockFinder,25/11/2021,2384,FALSE,271,Radeon Vega 11,APU,R VEGA 11,1,5,2019,99,5,Y,Indie,N
1787090,MyDockFinder,25/11/2021,2384,FALSE,271,Radeon Vega 11,APU,R VEGA 11,1,5,2019,99,5,Y,Adventure,N
1787090,MyDockFinder,25/11/2021,2384,FALSE,271,Radeon Vega 11,APU,R VEGA 11,1,5,2019,99,5,Y,Simulation,N
1787090,MyDockFinder,25/11/2021,2384,FALSE,271,Radeon Vega 11,APU,R VEGA 11,1,5,2019,99,5,Y,RPG,N
1787090,MyDockFinder,25/11/2021,2384,FALSE,271,Radeon Vega 11,APU,R VEGA 11,1,5,2019,99,5,Y,Strategy,N
1787090,MyDockFinder,25/11/2021,2384,FALSE,271,Radeon Vega 11,APU,R VEGA 11,1,5,2019,99,5,Y,Free To Play,N
412220,DDNet,17/08/2020,2679,TRUE,247,Radeon Vega 11,APU,R VEGA 11,1,5,2019,99,5,Y,Action,Y
412220,DDNet,17/08/2020,2679,TRUE,247,Radeon Vega 11,APU,R VEGA 11,1,5,2019,99,5,Y,Indie,Y
412220,DDNet,17/08/2020,2679,TRUE,247,Radeon Vega 11,APU,R VEGA 11,1,5,2019,99,5,Y,Adventure,N
412220,DDNet,17/08/2020,2679,TRUE,247,Radeon Vega 11,APU,R VEGA 11,1,5,2019,99,5,Y,Simulation,N
412220,DDNet,17/08/2020,2679,TRUE,247,Radeon Vega 11,APU,R VEGA 11,1,5,2019,99,5,Y,RPG,N
412220,DDNet,17/08/2020,2679,TRUE,247,Radeon Vega 11,APU,R VEGA 11,1,5,2019,99,5,Y,Strategy,N
412220,DDNet,17/08/2020,2679,TRUE,247,Radeon Vega 11,APU,R VEGA 11,1,5,2019,99,5,Y,Free To Play,Y
1677740,Stumble Guys,07/10/2021,2928,FALSE,232,Radeon Vega 11,APU,R VEGA 11,1,5,2019,99,5,Y,Action,Y
1677740,Stumble Guys,07/10/2021,2928,FALSE,232,Radeon Vega 11,APU,R VEGA 11,1,5,2019,99,5,Y,Indie,Y
1677740,Stumble Guys,07/10/2021,2928,FALSE,232,Radeon Vega 11,APU,R VEGA 11,1,5,2019,99,5,Y,Adventure,N
1677740,Stumble Guys,07/10/2021,2928,FALSE,232,Radeon Vega 11,APU,R VEGA 11,1,5,2019,99,5,Y,Simulation,N
1677740,Stumble Guys,07/10/2021,2928,FALSE,232,Radeon Vega 11,APU,R VEGA 11,1,5,2019,99,5,Y,RPG,N
1677740,Stumble Guys,07/10/2021,2928,FALSE,232,Radeon Vega 11,APU,R VEGA 11,1,5,2019,99,5,Y,Strategy,N
1677740,Stumble Guys,07/10/2021,2928,FALSE,232,Radeon Vega 11,APU,R VEGA 11,1,5,2019,99,5,Y,Free To Play,Y
1454400,Cookie Clicker,01/09/2021,9583,TRUE,97,Radeon Vega 11,APU,R VEGA 11,1,5,2019,99,5,Y,Action,N
1454400,Cookie Clicker,01/09/2021,9583,TRUE,97,Radeon Vega 11,APU,R VEGA 11,1,5,2019,99,5,Y,Indie,Y
1454400,Cookie Clicker,01/09/2021,9583,TRUE,97,Radeon Vega 11,APU,R VEGA 11,1,5,2019,99,5,Y,Adventure,N
1454400,Cookie Clicker,01/09/2021,9583,TRUE,97,Radeon Vega 11,APU,R VEGA 11,1,5,2019,99,5,Y,Simulation,Y
1454400,Cookie Clicker,01/09/2021,9583,TRUE,97,Radeon Vega 11,APU,R VEGA 11,1,5,2019,99,5,Y,RPG,N
1454400,Cookie Clicker,01/09/2021,9583,TRUE,97,Radeon Vega 11,APU,R VEGA 11,1,5,2019,99,5,Y,Strategy,Y
1454400,Cookie Clicker,01/09/2021,9583,TRUE,97,Radeon Vega 11,APU,R VEGA 11,1,5,2019,99,5,Y,Free To Play,N
1283970,YoloMouse - Game Cursor Changer,01/05/2020,8493,FALSE,108,Radeon Vega 11,APU,R VEGA 11,1,5,2019,99,5,Y,Action,N
1283970,YoloMouse - Game Cursor Changer,01/05/2020,8493,FALSE,108,Radeon Vega 11,APU,R VEGA 11,1,5,2019,99,5,Y,Indie,N
1283970,YoloMouse - Game Cursor Changer,01/05/2020,8493,FALSE,108,Radeon Vega 11,APU,R VEGA 11,1,5,2019,99,5,Y,Adventure,N
1283970,YoloMouse - Game Cursor Changer,01/05/2020,8493,FALSE,108,Radeon Vega 11,APU,R VEGA 11,1,5,2019,99,5,Y,Simulation,N
1283970,YoloMouse - Game Cursor Changer,01/05/2020,8493,FALSE,108,Radeon Vega 11,APU,R VEGA 11,1,5,2019,99,5,Y,RPG,N
1283970,YoloMouse - Game Cursor Changer,01/05/2020,8493,FALSE,108,Radeon Vega 11,APU,R VEGA 11,1,5,2019,99,5,Y,Strategy,N
1283970,YoloMouse - Game Cursor Changer,01/05/2020,8493,FALSE,108,Radeon Vega 11,APU,R VEGA 11,1,5,2019,99,5,Y,Free To Play,N
47810,Sifu,26/10/2010,394,FALSE,884,GTX 770,Mid+,GF7,2,20,2013,399,5,N,Action,N
47810,Sifu,26/10/2010,394,FALSE,884,GTX 770,Mid+,GF7,2,20,2013,399,5,N,Indie,N
47810,Sifu,26/10/2010,394,FALSE,884,GTX 770,Mid+,GF7,2,20,2013,399,5,N,Adventure,N
47810,Sifu,26/10/2010,394,FALSE,884,GTX 770,Mid+,GF7,2,20,2013,399,5,N,Simulation,N
47810,Sifu,26/10/2010,394,FALSE,884,GTX 770,Mid+,GF7,2,20,2013,399,5,N,RPG,Y
47810,Sifu,26/10/2010,394,FALSE,884,GTX 770,Mid+,GF7,2,20,2013,399,5,N,Strategy,N
47810,Sifu,26/10/2010,394,FALSE,884,GTX 770,Mid+,GF7,2,20,2013,399,5,N,Free To Play,N
714010,Aimlabs,16/06/2023,5223,FALSE,151,Radeon Vega 11,APU,R VEGA 11,1,5,2019,99,5,Y,Action,Y
714010,Aimlabs,16/06/2023,5223,FALSE,151,Radeon Vega 11,APU,R VEGA 11,1,5,2019,99,5,Y,Indie,Y
714010,Aimlabs,16/06/2023,5223,FALSE,151,Radeon Vega 11,APU,R VEGA 11,1,5,2019,99,5,Y,Adventure,Y
714010,Aimlabs,16/06/2023,5223,FALSE,151,Radeon Vega 11,APU,R VEGA 11,1,5,2019,99,5,Y,Simulation,Y
714010,Aimlabs,16/06/2023,5223,FALSE,151,Radeon Vega 11,APU,R VEGA 11,1,5,2019,99,5,Y,RPG,N
714010,Aimlabs,16/06/2023,5223,FALSE,151,Radeon Vega 11,APU,R VEGA 11,1,5,2019,99,5,Y,Strategy,N
714010,Aimlabs,16/06/2023,5223,FALSE,151,Radeon Vega 11,APU,R VEGA 11,1,5,2019,99,5,Y,Free To Play,Y
627690,Idle Champions of the Forgotten Realms,25/03/2020,3034,TRUE,229,Radeon Vega 11,APU,R VEGA 11,1,5,2019,99,5,Y,Action,Y
627690,Idle Champions of the Forgotten Realms,25/03/2020,3034,TRUE,229,Radeon Vega 11,APU,R VEGA 11,1,5,2019,99,5,Y,Indie,Y
627690,Idle Champions of the Forgotten Realms,25/03/2020,3034,TRUE,229,Radeon Vega 11,APU,R VEGA 11,1,5,2019,99,5,Y,Adventure,Y
627690,Idle Champions of the Forgotten Realms,25/03/2020,3034,TRUE,229,Radeon Vega 11,APU,R VEGA 11,1,5,2019,99,5,Y,Simulation,N
627690,Idle Champions of the Forgotten Realms,25/03/2020,3034,TRUE,229,Radeon Vega 11,APU,R VEGA 11,1,5,2019,99,5,Y,RPG,N
627690,Idle Champions of the Forgotten Realms,25/03/2020,3034,TRUE,229,Radeon Vega 11,APU,R VEGA 11,1,5,2019,99,5,Y,Strategy,Y
627690,Idle Champions of the Forgotten Realms,25/03/2020,3034,TRUE,229,Radeon Vega 11,APU,R VEGA 11,1,5,2019,99,5,Y,Free To Play,Y
977400,Cell to Singularity - Evolution Never Ends,03/11/2021,3036,TRUE,228,Radeon Vega 11,APU,R VEGA 11,1,5,2019,99,5,Y,Action,N
977400,Cell to Singularity - Evolution Never Ends,03/11/2021,3036,TRUE,228,Radeon Vega 11,APU,R VEGA 11,1,5,2019,99,5,Y,Indie,N
977400,Cell to Singularity - Evolution Never Ends,03/11/2021,3036,TRUE,228,Radeon Vega 11,APU,R VEGA 11,1,5,2019,99,5,Y,Adventure,N
977400,Cell to Singularity - Evolution Never Ends,03/11/2021,3036,TRUE,228,Radeon Vega 11,APU,R VEGA 11,1,5,2019,99,5,Y,Simulation,Y
977400,Cell to Singularity - Evolution Never Ends,03/11/2021,3036,TRUE,228,Radeon Vega 11,APU,R VEGA 11,1,5,2019,99,5,Y,RPG,N
977400,Cell to Singularity - Evolution Never Ends,03/11/2021,3036,TRUE,228,Radeon Vega 11,APU,R VEGA 11,1,5,2019,99,5,Y,Strategy,N
977400,Cell to Singularity - Evolution Never Ends,03/11/2021,3036,TRUE,228,Radeon Vega 11,APU,R VEGA 11,1,5,2019,99,5,Y,Free To Play,Y
1948280,Look Outside,08/04/2022,347,TRUE,950,Radeon Vega 11,APU,R VEGA 11,1,5,2019,99,5,Y,Action,N
1948280,Look Outside,08/04/2022,347,TRUE,950,Radeon Vega 11,APU,R VEGA 11,1,5,2019,99,5,Y,Indie,Y
1948280,Look Outside,08/04/2022,347,TRUE,950,Radeon Vega 11,APU,R VEGA 11,1,5,2019,99,5,Y,Adventure,N
1948280,Look Outside,08/04/2022,347,TRUE,950,Radeon Vega 11,APU,R VEGA 11,1,5,2019,99,5,Y,Simulation,Y
1948280,Look Outside,08/04/2022,347,TRUE,950,Radeon Vega 11,APU,R VEGA 11,1,5,2019,99,5,Y,RPG,N
1948280,Look Outside,08/04/2022,347,TRUE,950,Radeon Vega 11,APU,R VEGA 11,1,5,2019,99,5,Y,Strategy,N
1948280,Look Outside,08/04/2022,347,TRUE,950,Radeon Vega 11,APU,R VEGA 11,1,5,2019,99,5,Y,Free To Play,N
48700,Mount & Blade: Warband,31/03/2010,3055,TRUE,227,GTX 770,Mid+,GF7,2,20,2013,399,5,N,Action,Y
48700,Mount & Blade: Warband,31/03/2010,3055,TRUE,227,GTX 770,Mid+,GF7,2,20,2013,399,5,N,Indie,N
48700,Mount & Blade: Warband,31/03/2010,3055,TRUE,227,GTX 770,Mid+,GF7,2,20,2013,399,5,N,Adventure,N
48700,Mount & Blade: Warband,31/03/2010,3055,TRUE,227,GTX 770,Mid+,GF7,2,20,2013,399,5,N,Simulation,N
48700,Mount & Blade: Warband,31/03/2010,3055,TRUE,227,GTX 770,Mid+,GF7,2,20,2013,399,5,N,RPG,Y
48700,Mount & Blade: Warband,31/03/2010,3055,TRUE,227,GTX 770,Mid+,GF7,2,20,2013,399,5,N,Strategy,N
48700,Mount & Blade: Warband,31/03/2010,3055,TRUE,227,GTX 770,Mid+,GF7,2,20,2013,399,5,N,Free To Play,N
3400930,Guilty as Sock!,29/05/2025,3056,TRUE,226,Radeon Vega 11,APU,R VEGA 11,1,5,2019,99,5,Y,Action,N
3400930,Guilty as Sock!,29/05/2025,3056,TRUE,226,Radeon Vega 11,APU,R VEGA 11,1,5,2019,99,5,Y,Indie,N
3400930,Guilty as Sock!,29/05/2025,3056,TRUE,226,Radeon Vega 11,APU,R VEGA 11,1,5,2019,99,5,Y,Adventure,N
3400930,Guilty as Sock!,29/05/2025,3056,TRUE,226,Radeon Vega 11,APU,R VEGA 11,1,5,2019,99,5,Y,Simulation,Y
3400930,Guilty as Sock!,29/05/2025,3056,TRUE,226,Radeon Vega 11,APU,R VEGA 11,1,5,2019,99,5,Y,RPG,N
3400930,Guilty as Sock!,29/05/2025,3056,TRUE,226,Radeon Vega 11,APU,R VEGA 11,1,5,2019,99,5,Y,Strategy,N
3400930,Guilty as Sock!,29/05/2025,3056,TRUE,226,Radeon Vega 11,APU,R VEGA 11,1,5,2019,99,5,Y,Free To Play,N
1794680,Vampire Survivors,20/10/2022,2966,TRUE,231,Radeon Vega 11,APU,R VEGA 11,1,5,2019,99,5,Y,Action,Y
1794680,Vampire Survivors,20/10/2022,2966,TRUE,231,Radeon Vega 11,APU,R VEGA 11,1,5,2019,99,5,Y,Indie,Y
1794680,Vampire Survivors,20/10/2022,2966,TRUE,231,Radeon Vega 11,APU,R VEGA 11,1,5,2019,99,5,Y,Adventure,N
1794680,Vampire Survivors,20/10/2022,2966,TRUE,231,Radeon Vega 11,APU,R VEGA 11,1,5,2019,99,5,Y,Simulation,N
1794680,Vampire Survivors,20/10/2022,2966,TRUE,231,Radeon Vega 11,APU,R VEGA 11,1,5,2019,99,5,Y,RPG,Y
1794680,Vampire Survivors,20/10/2022,2966,TRUE,231,Radeon Vega 11,APU,R VEGA 11,1,5,2019,99,5,Y,Strategy,N
1794680,Vampire Survivors,20/10/2022,2966,TRUE,231,Radeon Vega 11,APU,R VEGA 11,1,5,2019,99,5,Y,Free To Play,N
1629520,theHunter Classic,08/11/2022,422,TRUE,858,Radeon Vega 11,APU,R VEGA 11,1,5,2019,99,5,Y,Action,N
1629520,theHunter Classic,08/11/2022,422,TRUE,858,Radeon Vega 11,APU,R VEGA 11,1,5,2019,99,5,Y,Indie,Y
1629520,theHunter Classic,08/11/2022,422,TRUE,858,Radeon Vega 11,APU,R VEGA 11,1,5,2019,99,5,Y,Adventure,N
1629520,theHunter Classic,08/11/2022,422,TRUE,858,Radeon Vega 11,APU,R VEGA 11,1,5,2019,99,5,Y,Simulation,N
1629520,theHunter Classic,08/11/2022,422,TRUE,858,Radeon Vega 11,APU,R VEGA 11,1,5,2019,99,5,Y,RPG,N
1629520,theHunter Classic,08/11/2022,422,TRUE,858,Radeon Vega 11,APU,R VEGA 11,1,5,2019,99,5,Y,Strategy,N
1629520,theHunter Classic,08/11/2022,422,TRUE,858,Radeon Vega 11,APU,R VEGA 11,1,5,2019,99,5,Y,Free To Play,N
220240,Luma Island,04/12/2012,488,FALSE,783,GTX 770,Mid+,GF7,2,20,2013,399,5,N,Action,Y
220240,Luma Island,04/12/2012,488,FALSE,783,GTX 770,Mid+,GF7,2,20,2013,399,5,N,Indie,N
220240,Luma Island,04/12/2012,488,FALSE,783,GTX 770,Mid+,GF7,2,20,2013,399,5,N,Adventure,Y
220240,Luma Island,04/12/2012,488,FALSE,783,GTX 770,Mid+,GF7,2,20,2013,399,5,N,Simulation,N
220240,Luma Island,04/12/2012,488,FALSE,783,GTX 770,Mid+,GF7,2,20,2013,399,5,N,RPG,N
220240,Luma Island,04/12/2012,488,FALSE,783,GTX 770,Mid+,GF7,2,20,2013,399,5,N,Strategy,N
220240,Luma Island,04/12/2012,488,FALSE,783,GTX 770,Mid+,GF7,2,20,2013,399,5,N,Free To Play,N
799960,Wizard101,06/09/2018,712,FALSE,596,Radeon Vega 11,APU,R VEGA 11,1,5,2019,99,5,Y,Action,N
799960,Wizard101,06/09/2018,712,FALSE,596,Radeon Vega 11,APU,R VEGA 11,1,5,2019,99,5,Y,Indie,N
799960,Wizard101,06/09/2018,712,FALSE,596,Radeon Vega 11,APU,R VEGA 11,1,5,2019,99,5,Y,Adventure,Y
799960,Wizard101,06/09/2018,712,FALSE,596,Radeon Vega 11,APU,R VEGA 11,1,5,2019,99,5,Y,Simulation,N
799960,Wizard101,06/09/2018,712,FALSE,596,Radeon Vega 11,APU,R VEGA 11,1,5,2019,99,5,Y,RPG,Y
799960,Wizard101,06/09/2018,712,FALSE,596,Radeon Vega 11,APU,R VEGA 11,1,5,2019,99,5,Y,Strategy,Y
799960,Wizard101,06/09/2018,712,FALSE,596,Radeon Vega 11,APU,R VEGA 11,1,5,2019,99,5,Y,Free To Play,Y
1139980,Travellers Rest,28/07/2020,990,FALSE,492,Radeon Vega 11,APU,R VEGA 11,1,5,2019,99,5,Y,Action,N
1139980,Travellers Rest,28/07/2020,990,FALSE,492,Radeon Vega 11,APU,R VEGA 11,1,5,2019,99,5,Y,Indie,Y
1139980,Travellers Rest,28/07/2020,990,FALSE,492,Radeon Vega 11,APU,R VEGA 11,1,5,2019,99,5,Y,Adventure,Y
1139980,Travellers Rest,28/07/2020,990,FALSE,492,Radeon Vega 11,APU,R VEGA 11,1,5,2019,99,5,Y,Simulation,Y
1139980,Travellers Rest,28/07/2020,990,FALSE,492,Radeon Vega 11,APU,R VEGA 11,1,5,2019,99,5,Y,RPG,Y
1139980,Travellers Rest,28/07/2020,990,FALSE,492,Radeon Vega 11,APU,R VEGA 11,1,5,2019,99,5,Y,Strategy,N
1139980,Travellers Rest,28/07/2020,990,FALSE,492,Radeon Vega 11,APU,R VEGA 11,1,5,2019,99,5,Y,Free To Play,N
3116890,Out of the Park Baseball 26,14/03/2025,1044,TRUE,474,Radeon Vega 11,APU,R VEGA 11,1,5,2019,99,5,Y,Action,N
3116890,Out of the Park Baseball 26,14/03/2025,1044,TRUE,474,Radeon Vega 11,APU,R VEGA 11,1,5,2019,99,5,Y,Indie,Y
3116890,Out of the Park Baseball 26,14/03/2025,1044,TRUE,474,Radeon Vega 11,APU,R VEGA 11,1,5,2019,99,5,Y,Adventure,N
3116890,Out of the Park Baseball 26,14/03/2025,1044,TRUE,474,Radeon Vega 11,APU,R VEGA 11,1,5,2019,99,5,Y,Simulation,Y
3116890,Out of the Park Baseball 26,14/03/2025,1044,TRUE,474,Radeon Vega 11,APU,R VEGA 11,1,5,2019,99,5,Y,RPG,N
3116890,Out of the Park Baseball 26,14/03/2025,1044,TRUE,474,Radeon Vega 11,APU,R VEGA 11,1,5,2019,99,5,Y,Strategy,Y
3116890,Out of the Park Baseball 26,14/03/2025,1044,TRUE,474,Radeon Vega 11,APU,R VEGA 11,1,5,2019,99,5,Y,Free To Play,N
1127400,Zuma Deluxe,26/09/2019,658,TRUE,627,Radeon Vega 11,APU,R VEGA 11,1,5,2019,99,5,Y,Action,N
1127400,Zuma Deluxe,26/09/2019,658,TRUE,627,Radeon Vega 11,APU,R VEGA 11,1,5,2019,99,5,Y,Indie,N
1127400,Zuma Deluxe,26/09/2019,658,TRUE,627,Radeon Vega 11,APU,R VEGA 11,1,5,2019,99,5,Y,Adventure,N
1127400,Zuma Deluxe,26/09/2019,658,TRUE,627,Radeon Vega 11,APU,R VEGA 11,1,5,2019,99,5,Y,Simulation,N
1127400,Zuma Deluxe,26/09/2019,658,TRUE,627,Radeon Vega 11,APU,R VEGA 11,1,5,2019,99,5,Y,RPG,N
1127400,Zuma Deluxe,26/09/2019,658,TRUE,627,Radeon Vega 11,APU,R VEGA 11,1,5,2019,99,5,Y,Strategy,Y
1127400,Zuma Deluxe,26/09/2019,658,TRUE,627,Radeon Vega 11,APU,R VEGA 11,1,5,2019,99,5,Y,Free To Play,N
1041320,Lords Mobile: Kingdom Wars,02/06/2019,1080,FALSE,468,Radeon Vega 11,APU,R VEGA 11,1,5,2019,99,5,Y,Action,N
1041320,Lords Mobile: Kingdom Wars,02/06/2019,1080,FALSE,468,Radeon Vega 11,APU,R VEGA 11,1,5,2019,99,5,Y,Indie,N
1041320,Lords Mobile: Kingdom Wars,02/06/2019,1080,FALSE,468,Radeon Vega 11,APU,R VEGA 11,1,5,2019,99,5,Y,Adventure,N
1041320,Lords Mobile: Kingdom Wars,02/06/2019,1080,FALSE,468,Radeon Vega 11,APU,R VEGA 11,1,5,2019,99,5,Y,Simulation,N
1041320,Lords Mobile: Kingdom Wars,02/06/2019,1080,FALSE,468,Radeon Vega 11,APU,R VEGA 11,1,5,2019,99,5,Y,RPG,Y
1041320,Lords Mobile: Kingdom Wars,02/06/2019,1080,FALSE,468,Radeon Vega 11,APU,R VEGA 11,1,5,2019,99,5,Y,Strategy,Y
1041320,Lords Mobile: Kingdom Wars,02/06/2019,1080,FALSE,468,Radeon Vega 11,APU,R VEGA 11,1,5,2019,99,5,Y,Free To Play,Y
2244130,Legion TD 2 - Multiplayer Tower Defense,30/04/2025,687,TRUE,610,Radeon Vega 11,APU,R VEGA 11,1,5,2019,99,5,Y,Action,N
2244130,Legion TD 2 - Multiplayer Tower Defense,30/04/2025,687,TRUE,610,Radeon Vega 11,APU,R VEGA 11,1,5,2019,99,5,Y,Indie,Y
2244130,Legion TD 2 - Multiplayer Tower Defense,30/04/2025,687,TRUE,610,Radeon Vega 11,APU,R VEGA 11,1,5,2019,99,5,Y,Adventure,Y
2244130,Legion TD 2 - Multiplayer Tower Defense,30/04/2025,687,TRUE,610,Radeon Vega 11,APU,R VEGA 11,1,5,2019,99,5,Y,Simulation,Y
2244130,Legion TD 2 - Multiplayer Tower Defense,30/04/2025,687,TRUE,610,Radeon Vega 11,APU,R VEGA 11,1,5,2019,99,5,Y,RPG,N
2244130,Legion TD 2 - Multiplayer Tower Defense,30/04/2025,687,TRUE,610,Radeon Vega 11,APU,R VEGA 11,1,5,2019,99,5,Y,Strategy,Y
2244130,Legion TD 2 - Multiplayer Tower Defense,30/04/2025,687,TRUE,610,Radeon Vega 11,APU,R VEGA 11,1,5,2019,99,5,Y,Free To Play,N
880940,Pummel Party,20/09/2018,1096,FALSE,466,Radeon Vega 11,APU,R VEGA 11,1,5,2019,99,5,Y,Action,Y
880940,Pummel Party,20/09/2018,1096,FALSE,466,Radeon Vega 11,APU,R VEGA 11,1,5,2019,99,5,Y,Indie,Y
880940,Pummel Party,20/09/2018,1096,FALSE,466,Radeon Vega 11,APU,R VEGA 11,1,5,2019,99,5,Y,Adventure,N
880940,Pummel Party,20/09/2018,1096,FALSE,466,Radeon Vega 11,APU,R VEGA 11,1,5,2019,99,5,Y,Simulation,N
880940,Pummel Party,20/09/2018,1096,FALSE,466,Radeon Vega 11,APU,R VEGA 11,1,5,2019,99,5,Y,RPG,N
880940,Pummel Party,20/09/2018,1096,FALSE,466,Radeon Vega 11,APU,R VEGA 11,1,5,2019,99,5,Y,Strategy,N
880940,Pummel Party,20/09/2018,1096,FALSE,466,Radeon Vega 11,APU,R VEGA 11,1,5,2019,99,5,Y,Free To Play,N
3454590,Cornerpond,21/04/2025,1100,FALSE,464,Radeon Vega 11,APU,R VEGA 11,1,5,2019,99,5,Y,Action,N
3454590,Cornerpond,21/04/2025,1100,FALSE,464,Radeon Vega 11,APU,R VEGA 11,1,5,2019,99,5,Y,Indie,Y
3454590,Cornerpond,21/04/2025,1100,FALSE,464,Radeon Vega 11,APU,R VEGA 11,1,5,2019,99,5,Y,Adventure,N
3454590,Cornerpond,21/04/2025,1100,FALSE,464,Radeon Vega 11,APU,R VEGA 11,1,5,2019,99,5,Y,Simulation,Y
3454590,Cornerpond,21/04/2025,1100,FALSE,464,Radeon Vega 11,APU,R VEGA 11,1,5,2019,99,5,Y,RPG,N
3454590,Cornerpond,21/04/2025,1100,FALSE,464,Radeon Vega 11,APU,R VEGA 11,1,5,2019,99,5,Y,Strategy,N
3454590,Cornerpond,21/04/2025,1100,FALSE,464,Radeon Vega 11,APU,R VEGA 11,1,5,2019,99,5,Y,Free To Play,N
1948800,Yi Xian: The Cultivation Card Game,21/01/2024,761,TRUE,579,Radeon Vega 11,APU,R VEGA 11,1,5,2019,99,5,Y,Action,N
1948800,Yi Xian: The Cultivation Card Game,21/01/2024,761,TRUE,579,Radeon Vega 11,APU,R VEGA 11,1,5,2019,99,5,Y,Indie,Y
1948800,Yi Xian: The Cultivation Card Game,21/01/2024,761,TRUE,579,Radeon Vega 11,APU,R VEGA 11,1,5,2019,99,5,Y,Adventure,N
1948800,Yi Xian: The Cultivation Card Game,21/01/2024,761,TRUE,579,Radeon Vega 11,APU,R VEGA 11,1,5,2019,99,5,Y,Simulation,N
1948800,Yi Xian: The Cultivation Card Game,21/01/2024,761,TRUE,579,Radeon Vega 11,APU,R VEGA 11,1,5,2019,99,5,Y,RPG,N
1948800,Yi Xian: The Cultivation Card Game,21/01/2024,761,TRUE,579,Radeon Vega 11,APU,R VEGA 11,1,5,2019,99,5,Y,Strategy,Y
1948800,Yi Xian: The Cultivation Card Game,21/01/2024,761,TRUE,579,Radeon Vega 11,APU,R VEGA 11,1,5,2019,99,5,Y,Free To Play,Y
1096900,RPG Maker MZ,27/08/2020,783,TRUE,567,Radeon Vega 11,APU,R VEGA 11,1,5,2019,99,5,Y,Action,N
1096900,RPG Maker MZ,27/08/2020,783,TRUE,567,Radeon Vega 11,APU,R VEGA 11,1,5,2019,99,5,Y,Indie,N
1096900,RPG Maker MZ,27/08/2020,783,TRUE,567,Radeon Vega 11,APU,R VEGA 11,1,5,2019,99,5,Y,Adventure,N
1096900,RPG Maker MZ,27/08/2020,783,TRUE,567,Radeon Vega 11,APU,R VEGA 11,1,5,2019,99,5,Y,Simulation,N
1096900,RPG Maker MZ,27/08/2020,783,TRUE,567,Radeon Vega 11,APU,R VEGA 11,1,5,2019,99,5,Y,RPG,Y
1096900,RPG Maker MZ,27/08/2020,783,TRUE,567,Radeon Vega 11,APU,R VEGA 11,1,5,2019,99,5,Y,Strategy,N
1096900,RPG Maker MZ,27/08/2020,783,TRUE,567,Radeon Vega 11,APU,R VEGA 11,1,5,2019,99,5,Y,Free To Play,N
718670,Football Manager 2019,31/05/2018,582,TRUE,692,Radeon Vega 11,APU,R VEGA 11,1,5,2019,99,5,Y,Action,N
718670,Football Manager 2019,31/05/2018,582,TRUE,692,Radeon Vega 11,APU,R VEGA 11,1,5,2019,99,5,Y,Indie,Y
718670,Football Manager 2019,31/05/2018,582,TRUE,692,Radeon Vega 11,APU,R VEGA 11,1,5,2019,99,5,Y,Adventure,N
718670,Football Manager 2019,31/05/2018,582,TRUE,692,Radeon Vega 11,APU,R VEGA 11,1,5,2019,99,5,Y,Simulation,Y
718670,Football Manager 2019,31/05/2018,582,TRUE,692,Radeon Vega 11,APU,R VEGA 11,1,5,2019,99,5,Y,RPG,Y
718670,Football Manager 2019,31/05/2018,582,TRUE,692,Radeon Vega 11,APU,R VEGA 11,1,5,2019,99,5,Y,Strategy,N
718670,Football Manager 2019,31/05/2018,582,TRUE,692,Radeon Vega 11,APU,R VEGA 11,1,5,2019,99,5,Y,Free To Play,N
1296610,Royal Quest Online,27/08/2024,574,TRUE,698,Radeon Vega 11,APU,R VEGA 11,1,5,2019,99,5,Y,Action,N
1296610,Royal Quest Online,27/08/2024,574,TRUE,698,Radeon Vega 11,APU,R VEGA 11,1,5,2019,99,5,Y,Indie,Y
1296610,Royal Quest Online,27/08/2024,574,TRUE,698,Radeon Vega 11,APU,R VEGA 11,1,5,2019,99,5,Y,Adventure,N
1296610,Royal Quest Online,27/08/2024,574,TRUE,698,Radeon Vega 11,APU,R VEGA 11,1,5,2019,99,5,Y,Simulation,N
1296610,Royal Quest Online,27/08/2024,574,TRUE,698,Radeon Vega 11,APU,R VEGA 11,1,5,2019,99,5,Y,RPG,Y
1296610,Royal Quest Online,27/08/2024,574,TRUE,698,Radeon Vega 11,APU,R VEGA 11,1,5,2019,99,5,Y,Strategy,Y
1296610,Royal Quest Online,27/08/2024,574,TRUE,698,Radeon Vega 11,APU,R VEGA 11,1,5,2019,99,5,Y,Free To Play,N
2666510,Rusty's Retirement,26/04/2024,1185,TRUE,443,Radeon Vega 11,APU,R VEGA 11,1,5,2019,99,5,Y,Action,N
2666510,Rusty's Retirement,26/04/2024,1185,TRUE,443,Radeon Vega 11,APU,R VEGA 11,1,5,2019,99,5,Y,Indie,Y
2666510,Rusty's Retirement,26/04/2024,1185,TRUE,443,Radeon Vega 11,APU,R VEGA 11,1,5,2019,99,5,Y,Adventure,N
2666510,Rusty's Retirement,26/04/2024,1185,TRUE,443,Radeon Vega 11,APU,R VEGA 11,1,5,2019,99,5,Y,Simulation,Y
2666510,Rusty's Retirement,26/04/2024,1185,TRUE,443,Radeon Vega 11,APU,R VEGA 11,1,5,2019,99,5,Y,RPG,N
2666510,Rusty's Retirement,26/04/2024,1185,TRUE,443,Radeon Vega 11,APU,R VEGA 11,1,5,2019,99,5,Y,Strategy,Y
2666510,Rusty's Retirement,26/04/2024,1185,TRUE,443,Radeon Vega 11,APU,R VEGA 11,1,5,2019,99,5,Y,Free To Play,N
628070,Romance of the Three Kingdoms XI with Power Up Kit,16/01/2018,1130,FALSE,456,Radeon Vega 11,APU,R VEGA 11,1,5,2019,99,5,Y,Action,N
628070,Romance of the Three Kingdoms XI with Power Up Kit,16/01/2018,1130,FALSE,456,Radeon Vega 11,APU,R VEGA 11,1,5,2019,99,5,Y,Indie,N
628070,Romance of the Three Kingdoms XI with Power Up Kit,16/01/2018,1130,FALSE,456,Radeon Vega 11,APU,R VEGA 11,1,5,2019,99,5,Y,Adventure,N
628070,Romance of the Three Kingdoms XI with Power Up Kit,16/01/2018,1130,FALSE,456,Radeon Vega 11,APU,R VEGA 11,1,5,2019,99,5,Y,Simulation,N
628070,Romance of the Three Kingdoms XI with Power Up Kit,16/01/2018,1130,FALSE,456,Radeon Vega 11,APU,R VEGA 11,1,5,2019,99,5,Y,RPG,N
628070,Romance of the Three Kingdoms XI with Power Up Kit,16/01/2018,1130,FALSE,456,Radeon Vega 11,APU,R VEGA 11,1,5,2019,99,5,Y,Strategy,Y
628070,Romance of the Three Kingdoms XI with Power Up Kit,16/01/2018,1130,FALSE,456,Radeon Vega 11,APU,R VEGA 11,1,5,2019,99,5,Y,Free To Play,N
2336220,Feed the Cups,20/02/2024,1161,TRUE,449,Radeon Vega 11,APU,R VEGA 11,1,5,2019,99,5,Y,Action,N
2336220,Feed the Cups,20/02/2024,1161,TRUE,449,Radeon Vega 11,APU,R VEGA 11,1,5,2019,99,5,Y,Indie,Y
2336220,Feed the Cups,20/02/2024,1161,TRUE,449,Radeon Vega 11,APU,R VEGA 11,1,5,2019,99,5,Y,Adventure,N
2336220,Feed the Cups,20/02/2024,1161,TRUE,449,Radeon Vega 11,APU,R VEGA 11,1,5,2019,99,5,Y,Simulation,Y
2336220,Feed the Cups,20/02/2024,1161,TRUE,449,Radeon Vega 11,APU,R VEGA 11,1,5,2019,99,5,Y,RPG,N
2336220,Feed the Cups,20/02/2024,1161,TRUE,449,Radeon Vega 11,APU,R VEGA 11,1,5,2019,99,5,Y,Strategy,N
2336220,Feed the Cups,20/02/2024,1161,TRUE,449,Radeon Vega 11,APU,R VEGA 11,1,5,2019,99,5,Y,Free To Play,N
2276930,Chillquarium,06/09/2023,1163,TRUE,448,Radeon Vega 11,APU,R VEGA 11,1,5,2019,99,5,Y,Action,N
2276930,Chillquarium,06/09/2023,1163,TRUE,448,Radeon Vega 11,APU,R VEGA 11,1,5,2019,99,5,Y,Indie,N
2276930,Chillquarium,06/09/2023,1163,TRUE,448,Radeon Vega 11,APU,R VEGA 11,1,5,2019,99,5,Y,Adventure,N
2276930,Chillquarium,06/09/2023,1163,TRUE,448,Radeon Vega 11,APU,R VEGA 11,1,5,2019,99,5,Y,Simulation,Y
2276930,Chillquarium,06/09/2023,1163,TRUE,448,Radeon Vega 11,APU,R VEGA 11,1,5,2019,99,5,Y,RPG,N
2276930,Chillquarium,06/09/2023,1163,TRUE,448,Radeon Vega 11,APU,R VEGA 11,1,5,2019,99,5,Y,Strategy,N
2276930,Chillquarium,06/09/2023,1163,TRUE,448,Radeon Vega 11,APU,R VEGA 11,1,5,2019,99,5,Y,Free To Play,N
774171,The Quinfall,19/06/2019,672,TRUE,623,Radeon Vega 11,APU,R VEGA 11,1,5,2019,99,5,Y,Action,Y
774171,The Quinfall,19/06/2019,672,TRUE,623,Radeon Vega 11,APU,R VEGA 11,1,5,2019,99,5,Y,Indie,Y
774171,The Quinfall,19/06/2019,672,TRUE,623,Radeon Vega 11,APU,R VEGA 11,1,5,2019,99,5,Y,Adventure,N
774171,The Quinfall,19/06/2019,672,TRUE,623,Radeon Vega 11,APU,R VEGA 11,1,5,2019,99,5,Y,Simulation,N
774171,The Quinfall,19/06/2019,672,TRUE,623,Radeon Vega 11,APU,R VEGA 11,1,5,2019,99,5,Y,RPG,N
774171,The Quinfall,19/06/2019,672,TRUE,623,Radeon Vega 11,APU,R VEGA 11,1,5,2019,99,5,Y,Strategy,N
774171,The Quinfall,19/06/2019,672,TRUE,623,Radeon Vega 11,APU,R VEGA 11,1,5,2019,99,5,Y,Free To Play,N
1477830,HudSight - crosshair overlay,05/01/2021,1120,FALSE,462,Radeon Vega 11,APU,R VEGA 11,1,5,2019,99,5,Y,Action,Y
1477830,HudSight - crosshair overlay,05/01/2021,1120,FALSE,462,Radeon Vega 11,APU,R VEGA 11,1,5,2019,99,5,Y,Indie,N
1477830,HudSight - crosshair overlay,05/01/2021,1120,FALSE,462,Radeon Vega 11,APU,R VEGA 11,1,5,2019,99,5,Y,Adventure,N
1477830,HudSight - crosshair overlay,05/01/2021,1120,FALSE,462,Radeon Vega 11,APU,R VEGA 11,1,5,2019,99,5,Y,Simulation,N
1477830,HudSight - crosshair overlay,05/01/2021,1120,FALSE,462,Radeon Vega 11,APU,R VEGA 11,1,5,2019,99,5,Y,RPG,N
1477830,HudSight - crosshair overlay,05/01/2021,1120,FALSE,462,Radeon Vega 11,APU,R VEGA 11,1,5,2019,99,5,Y,Strategy,N
1477830,HudSight - crosshair overlay,05/01/2021,1120,FALSE,462,Radeon Vega 11,APU,R VEGA 11,1,5,2019,99,5,Y,Free To Play,N
2212330,Type:Rider,02/02/2023,613,FALSE,669,Radeon Vega 11,APU,R VEGA 11,1,5,2019,99,5,Y,Action,Y
2212330,Type:Rider,02/02/2023,613,FALSE,669,Radeon Vega 11,APU,R VEGA 11,1,5,2019,99,5,Y,Indie,Y
2212330,Type:Rider,02/02/2023,613,FALSE,669,Radeon Vega 11,APU,R VEGA 11,1,5,2019,99,5,Y,Adventure,N
2212330,Type:Rider,02/02/2023,613,FALSE,669,Radeon Vega 11,APU,R VEGA 11,1,5,2019,99,5,Y,Simulation,Y
2212330,Type:Rider,02/02/2023,613,FALSE,669,Radeon Vega 11,APU,R VEGA 11,1,5,2019,99,5,Y,RPG,N
2212330,Type:Rider,02/02/2023,613,FALSE,669,Radeon Vega 11,APU,R VEGA 11,1,5,2019,99,5,Y,Strategy,Y
2212330,Type:Rider,02/02/2023,613,FALSE,669,Radeon Vega 11,APU,R VEGA 11,1,5,2019,99,5,Y,Free To Play,N
2835570,Buckshot Roulette,04/04/2024,793,FALSE,563,Radeon Vega 11,APU,R VEGA 11,1,5,2019,99,5,Y,Action,Y
2835570,Buckshot Roulette,04/04/2024,793,FALSE,563,Radeon Vega 11,APU,R VEGA 11,1,5,2019,99,5,Y,Indie,Y
2835570,Buckshot Roulette,04/04/2024,793,FALSE,563,Radeon Vega 11,APU,R VEGA 11,1,5,2019,99,5,Y,Adventure,N
2835570,Buckshot Roulette,04/04/2024,793,FALSE,563,Radeon Vega 11,APU,R VEGA 11,1,5,2019,99,5,Y,Simulation,Y
2835570,Buckshot Roulette,04/04/2024,793,FALSE,563,Radeon Vega 11,APU,R VEGA 11,1,5,2019,99,5,Y,RPG,N
2835570,Buckshot Roulette,04/04/2024,793,FALSE,563,Radeon Vega 11,APU,R VEGA 11,1,5,2019,99,5,Y,Strategy,N
2835570,Buckshot Roulette,04/04/2024,793,FALSE,563,Radeon Vega 11,APU,R VEGA 11,1,5,2019,99,5,Y,Free To Play,N
1353300,Idle Slayer,21/12/2020,1300,FALSE,418,Radeon Vega 11,APU,R VEGA 11,1,5,2019,99,5,Y,Action,N
1353300,Idle Slayer,21/12/2020,1300,FALSE,418,Radeon Vega 11,APU,R VEGA 11,1,5,2019,99,5,Y,Indie,Y
1353300,Idle Slayer,21/12/2020,1300,FALSE,418,Radeon Vega 11,APU,R VEGA 11,1,5,2019,99,5,Y,Adventure,N
1353300,Idle Slayer,21/12/2020,1300,FALSE,418,Radeon Vega 11,APU,R VEGA 11,1,5,2019,99,5,Y,Simulation,N
1353300,Idle Slayer,21/12/2020,1300,FALSE,418,Radeon Vega 11,APU,R VEGA 11,1,5,2019,99,5,Y,RPG,N
1353300,Idle Slayer,21/12/2020,1300,FALSE,418,Radeon Vega 11,APU,R VEGA 11,1,5,2019,99,5,Y,Strategy,Y
1353300,Idle Slayer,21/12/2020,1300,FALSE,418,Radeon Vega 11,APU,R VEGA 11,1,5,2019,99,5,Y,Free To Play,Y
2892880,Half-Life,26/03/2025,635,FALSE,647,Radeon Vega 11,APU,R VEGA 11,1,5,2019,99,5,Y,Action,N
2892880,Half-Life,26/03/2025,635,FALSE,647,Radeon Vega 11,APU,R VEGA 11,1,5,2019,99,5,Y,Indie,N
2892880,Half-Life,26/03/2025,635,FALSE,647,Radeon Vega 11,APU,R VEGA 11,1,5,2019,99,5,Y,Adventure,N
2892880,Half-Life,26/03/2025,635,FALSE,647,Radeon Vega 11,APU,R VEGA 11,1,5,2019,99,5,Y,Simulation,Y
2892880,Half-Life,26/03/2025,635,FALSE,647,Radeon Vega 11,APU,R VEGA 11,1,5,2019,99,5,Y,RPG,N
2892880,Half-Life,26/03/2025,635,FALSE,647,Radeon Vega 11,APU,R VEGA 11,1,5,2019,99,5,Y,Strategy,N
2892880,Half-Life,26/03/2025,635,FALSE,647,Radeon Vega 11,APU,R VEGA 11,1,5,2019,99,5,Y,Free To Play,Y
599140,Graveyard Keeper,15/08/2018,941,TRUE,512,Radeon Vega 11,APU,R VEGA 11,1,5,2019,99,5,Y,Action,N
599140,Graveyard Keeper,15/08/2018,941,TRUE,512,Radeon Vega 11,APU,R VEGA 11,1,5,2019,99,5,Y,Indie,Y
599140,Graveyard Keeper,15/08/2018,941,TRUE,512,Radeon Vega 11,APU,R VEGA 11,1,5,2019,99,5,Y,Adventure,Y
599140,Graveyard Keeper,15/08/2018,941,TRUE,512,Radeon Vega 11,APU,R VEGA 11,1,5,2019,99,5,Y,Simulation,Y
599140,Graveyard Keeper,15/08/2018,941,TRUE,512,Radeon Vega 11,APU,R VEGA 11,1,5,2019,99,5,Y,RPG,Y
599140,Graveyard Keeper,15/08/2018,941,TRUE,512,Radeon Vega 11,APU,R VEGA 11,1,5,2019,99,5,Y,Strategy,N
599140,Graveyard Keeper,15/08/2018,941,TRUE,512,Radeon Vega 11,APU,R VEGA 11,1,5,2019,99,5,Y,Free To Play,N
972660,Spiritfarer: Farewell Edition,18/08/2020,702,TRUE,598,Radeon Vega 11,APU,R VEGA 11,1,5,2019,99,5,Y,Action,N
972660,Spiritfarer: Farewell Edition,18/08/2020,702,TRUE,598,Radeon Vega 11,APU,R VEGA 11,1,5,2019,99,5,Y,Indie,Y
972660,Spiritfarer: Farewell Edition,18/08/2020,702,TRUE,598,Radeon Vega 11,APU,R VEGA 11,1,5,2019,99,5,Y,Adventure,Y
972660,Spiritfarer: Farewell Edition,18/08/2020,702,TRUE,598,Radeon Vega 11,APU,R VEGA 11,1,5,2019,99,5,Y,Simulation,Y
972660,Spiritfarer: Farewell Edition,18/08/2020,702,TRUE,598,Radeon Vega 11,APU,R VEGA 11,1,5,2019,99,5,Y,RPG,N
972660,Spiritfarer: Farewell Edition,18/08/2020,702,TRUE,598,Radeon Vega 11,APU,R VEGA 11,1,5,2019,99,5,Y,Strategy,N
972660,Spiritfarer: Farewell Edition,18/08/2020,702,TRUE,598,Radeon Vega 11,APU,R VEGA 11,1,5,2019,99,5,Y,Free To Play,N
1419170,My Singing Monsters,24/03/2021,740,FALSE,587,Radeon Vega 11,APU,R VEGA 11,1,5,2019,99,5,Y,Action,N
1419170,My Singing Monsters,24/03/2021,740,FALSE,587,Radeon Vega 11,APU,R VEGA 11,1,5,2019,99,5,Y,Indie,N
1419170,My Singing Monsters,24/03/2021,740,FALSE,587,Radeon Vega 11,APU,R VEGA 11,1,5,2019,99,5,Y,Adventure,N
1419170,My Singing Monsters,24/03/2021,740,FALSE,587,Radeon Vega 11,APU,R VEGA 11,1,5,2019,99,5,Y,Simulation,Y
1419170,My Singing Monsters,24/03/2021,740,FALSE,587,Radeon Vega 11,APU,R VEGA 11,1,5,2019,99,5,Y,RPG,N
1419170,My Singing Monsters,24/03/2021,740,FALSE,587,Radeon Vega 11,APU,R VEGA 11,1,5,2019,99,5,Y,Strategy,N
1419170,My Singing Monsters,24/03/2021,740,FALSE,587,Radeon Vega 11,APU,R VEGA 11,1,5,2019,99,5,Y,Free To Play,Y
3416070,Ropuka's Idle Island,29/01/2025,911,FALSE,524,Radeon Vega 11,APU,R VEGA 11,1,5,2019,99,5,Y,Action,N
3416070,Ropuka's Idle Island,29/01/2025,911,FALSE,524,Radeon Vega 11,APU,R VEGA 11,1,5,2019,99,5,Y,Indie,Y
3416070,Ropuka's Idle Island,29/01/2025,911,FALSE,524,Radeon Vega 11,APU,R VEGA 11,1,5,2019,99,5,Y,Adventure,N
3416070,Ropuka's Idle Island,29/01/2025,911,FALSE,524,Radeon Vega 11,APU,R VEGA 11,1,5,2019,99,5,Y,Simulation,Y
3416070,Ropuka's Idle Island,29/01/2025,911,FALSE,524,Radeon Vega 11,APU,R VEGA 11,1,5,2019,99,5,Y,RPG,N
3416070,Ropuka's Idle Island,29/01/2025,911,FALSE,524,Radeon Vega 11,APU,R VEGA 11,1,5,2019,99,5,Y,Strategy,N
3416070,Ropuka's Idle Island,29/01/2025,911,FALSE,524,Radeon Vega 11,APU,R VEGA 11,1,5,2019,99,5,Y,Free To Play,N
1397920,Mr.Mine,30/09/2020,914,TRUE,522,Radeon Vega 11,APU,R VEGA 11,1,5,2019,99,5,Y,Action,N
1397920,Mr.Mine,30/09/2020,914,TRUE,522,Radeon Vega 11,APU,R VEGA 11,1,5,2019,99,5,Y,Indie,Y
1397920,Mr.Mine,30/09/2020,914,TRUE,522,Radeon Vega 11,APU,R VEGA 11,1,5,2019,99,5,Y,Adventure,Y
1397920,Mr.Mine,30/09/2020,914,TRUE,522,Radeon Vega 11,APU,R VEGA 11,1,5,2019,99,5,Y,Simulation,Y
1397920,Mr.Mine,30/09/2020,914,TRUE,522,Radeon Vega 11,APU,R VEGA 11,1,5,2019,99,5,Y,RPG,Y
1397920,Mr.Mine,30/09/2020,914,TRUE,522,Radeon Vega 11,APU,R VEGA 11,1,5,2019,99,5,Y,Strategy,Y
1397920,Mr.Mine,30/09/2020,914,TRUE,522,Radeon Vega 11,APU,R VEGA 11,1,5,2019,99,5,Y,Free To Play,Y
704450,Neverwinter Nights: Enhanced Edition,27/03/2018,753,TRUE,583,Radeon Vega 11,APU,R VEGA 11,1,5,2019,99,5,Y,Action,N
704450,Neverwinter Nights: Enhanced Edition,27/03/2018,753,TRUE,583,Radeon Vega 11,APU,R VEGA 11,1,5,2019,99,5,Y,Indie,N
704450,Neverwinter Nights: Enhanced Edition,27/03/2018,753,TRUE,583,Radeon Vega 11,APU,R VEGA 11,1,5,2019,99,5,Y,Adventure,N
704450,Neverwinter Nights: Enhanced Edition,27/03/2018,753,TRUE,583,Radeon Vega 11,APU,R VEGA 11,1,5,2019,99,5,Y,Simulation,N
704450,Neverwinter Nights: Enhanced Edition,27/03/2018,753,TRUE,583,Radeon Vega 11,APU,R VEGA 11,1,5,2019,99,5,Y,RPG,Y
704450,Neverwinter Nights: Enhanced Edition,27/03/2018,753,TRUE,583,Radeon Vega 11,APU,R VEGA 11,1,5,2019,99,5,Y,Strategy,N
704450,Neverwinter Nights: Enhanced Edition,27/03/2018,753,TRUE,583,Radeon Vega 11,APU,R VEGA 11,1,5,2019,99,5,Y,Free To Play,N
12210,Grand Theft Auto IV: The Complete Edition,24/03/2020,2122,FALSE,295,GTX 750,Lower,GF7,1,5,2014,119,4,N,Action,Y
12210,Grand Theft Auto IV: The Complete Edition,24/03/2020,2122,FALSE,295,GTX 750,Lower,GF7,1,5,2014,119,4,N,Indie,N
12210,Grand Theft Auto IV: The Complete Edition,24/03/2020,2122,FALSE,295,GTX 750,Lower,GF7,1,5,2014,119,4,N,Adventure,Y
12210,Grand Theft Auto IV: The Complete Edition,24/03/2020,2122,FALSE,295,GTX 750,Lower,GF7,1,5,2014,119,4,N,Simulation,N
12210,Grand Theft Auto IV: The Complete Edition,24/03/2020,2122,FALSE,295,GTX 750,Lower,GF7,1,5,2014,119,4,N,RPG,N
12210,Grand Theft Auto IV: The Complete Edition,24/03/2020,2122,FALSE,295,GTX 750,Lower,GF7,1,5,2014,119,4,N,Strategy,N
12210,Grand Theft Auto IV: The Complete Edition,24/03/2020,2122,FALSE,295,GTX 750,Lower,GF7,1,5,2014,119,4,N,Free To Play,N
457140,Oxygen Not Included,30/07/2019,7545,TRUE,115,GTX 750,Lower,GF7,1,5,2014,119,4,N,Action,N
457140,Oxygen Not Included,30/07/2019,7545,TRUE,115,GTX 750,Lower,GF7,1,5,2014,119,4,N,Indie,Y
457140,Oxygen Not Included,30/07/2019,7545,TRUE,115,GTX 750,Lower,GF7,1,5,2014,119,4,N,Adventure,N
457140,Oxygen Not Included,30/07/2019,7545,TRUE,115,GTX 750,Lower,GF7,1,5,2014,119,4,N,Simulation,Y
457140,Oxygen Not Included,30/07/2019,7545,TRUE,115,GTX 750,Lower,GF7,1,5,2014,119,4,N,RPG,N
457140,Oxygen Not Included,30/07/2019,7545,TRUE,115,GTX 750,Lower,GF7,1,5,2014,119,4,N,Strategy,N
457140,Oxygen Not Included,30/07/2019,7545,TRUE,115,GTX 750,Lower,GF7,1,5,2014,119,4,N,Free To Play,N
228280,Call of Duty 4: Modern Warfare (2007),16/01/2013,378,TRUE,904,GTX 750,Lower,GF7,1,5,2014,119,4,N,Action,N
228280,Call of Duty 4: Modern Warfare (2007),16/01/2013,378,TRUE,904,GTX 750,Lower,GF7,1,5,2014,119,4,N,Indie,N
228280,Call of Duty 4: Modern Warfare (2007),16/01/2013,378,TRUE,904,GTX 750,Lower,GF7,1,5,2014,119,4,N,Adventure,Y
228280,Call of Duty 4: Modern Warfare (2007),16/01/2013,378,TRUE,904,GTX 750,Lower,GF7,1,5,2014,119,4,N,Simulation,N
228280,Call of Duty 4: Modern Warfare (2007),16/01/2013,378,TRUE,904,GTX 750,Lower,GF7,1,5,2014,119,4,N,RPG,Y
228280,Call of Duty 4: Modern Warfare (2007),16/01/2013,378,TRUE,904,GTX 750,Lower,GF7,1,5,2014,119,4,N,Strategy,N
228280,Call of Duty 4: Modern Warfare (2007),16/01/2013,378,TRUE,904,GTX 750,Lower,GF7,1,5,2014,119,4,N,Free To Play,N
107410,Arma 3,12/09/2013,7181,TRUE,121,GTX 780 Ti,Top+,GF7,3,30,2013,699,4,N,Action,Y
107410,Arma 3,12/09/2013,7181,TRUE,121,GTX 780 Ti,Top+,GF7,3,30,2013,699,4,N,Indie,N
107410,Arma 3,12/09/2013,7181,TRUE,121,GTX 780 Ti,Top+,GF7,3,30,2013,699,4,N,Adventure,N
107410,Arma 3,12/09/2013,7181,TRUE,121,GTX 780 Ti,Top+,GF7,3,30,2013,699,4,N,Simulation,Y
107410,Arma 3,12/09/2013,7181,TRUE,121,GTX 780 Ti,Top+,GF7,3,30,2013,699,4,N,RPG,N
107410,Arma 3,12/09/2013,7181,TRUE,121,GTX 780 Ti,Top+,GF7,3,30,2013,699,4,N,Strategy,Y
107410,Arma 3,12/09/2013,7181,TRUE,121,GTX 780 Ti,Top+,GF7,3,30,2013,699,4,N,Free To Play,N
39140,Clanfolk,04/07/2013,386,FALSE,893,GTX 750,Lower,GF7,1,5,2014,119,4,N,Action,N
39140,Clanfolk,04/07/2013,386,FALSE,893,GTX 750,Lower,GF7,1,5,2014,119,4,N,Indie,N
39140,Clanfolk,04/07/2013,386,FALSE,893,GTX 750,Lower,GF7,1,5,2014,119,4,N,Adventure,N
39140,Clanfolk,04/07/2013,386,FALSE,893,GTX 750,Lower,GF7,1,5,2014,119,4,N,Simulation,N
39140,Clanfolk,04/07/2013,386,FALSE,893,GTX 750,Lower,GF7,1,5,2014,119,4,N,RPG,Y
39140,Clanfolk,04/07/2013,386,FALSE,893,GTX 750,Lower,GF7,1,5,2014,119,4,N,Strategy,N
39140,Clanfolk,04/07/2013,386,FALSE,893,GTX 750,Lower,GF7,1,5,2014,119,4,N,Free To Play,N
1333350,Rising Storm 2: Vietnam,14/08/2020,450,TRUE,817,GTX 750,Lower,GF7,1,5,2014,119,4,N,Action,N
1333350,Rising Storm 2: Vietnam,14/08/2020,450,TRUE,817,GTX 750,Lower,GF7,1,5,2014,119,4,N,Indie,N
1333350,Rising Storm 2: Vietnam,14/08/2020,450,TRUE,817,GTX 750,Lower,GF7,1,5,2014,119,4,N,Adventure,Y
1333350,Rising Storm 2: Vietnam,14/08/2020,450,TRUE,817,GTX 750,Lower,GF7,1,5,2014,119,4,N,Simulation,N
1333350,Rising Storm 2: Vietnam,14/08/2020,450,TRUE,817,GTX 750,Lower,GF7,1,5,2014,119,4,N,RPG,Y
1333350,Rising Storm 2: Vietnam,14/08/2020,450,TRUE,817,GTX 750,Lower,GF7,1,5,2014,119,4,N,Strategy,Y
1333350,Rising Storm 2: Vietnam,14/08/2020,450,TRUE,817,GTX 750,Lower,GF7,1,5,2014,119,4,N,Free To Play,Y
236390,War Thunder,15/08/2013,50478,TRUE,18,GTX 780 Ti,Top+,GF7,3,30,2013,699,4,N,Action,Y
236390,War Thunder,15/08/2013,50478,TRUE,18,GTX 780 Ti,Top+,GF7,3,30,2013,699,4,N,Indie,N
236390,War Thunder,15/08/2013,50478,TRUE,18,GTX 780 Ti,Top+,GF7,3,30,2013,699,4,N,Adventure,N
236390,War Thunder,15/08/2013,50478,TRUE,18,GTX 780 Ti,Top+,GF7,3,30,2013,699,4,N,Simulation,Y
236390,War Thunder,15/08/2013,50478,TRUE,18,GTX 780 Ti,Top+,GF7,3,30,2013,699,4,N,RPG,N
236390,War Thunder,15/08/2013,50478,TRUE,18,GTX 780 Ti,Top+,GF7,3,30,2013,699,4,N,Strategy,N
236390,War Thunder,15/08/2013,50478,TRUE,18,GTX 780 Ti,Top+,GF7,3,30,2013,699,4,N,Free To Play,Y
230290,Call of Duty: Modern Warfare 3 (2011),24/08/2015,357,TRUE,936,GTX 750,Lower,GF7,1,5,2014,119,4,N,Action,N
230290,Call of Duty: Modern Warfare 3 (2011),24/08/2015,357,TRUE,936,GTX 750,Lower,GF7,1,5,2014,119,4,N,Indie,Y
230290,Call of Duty: Modern Warfare 3 (2011),24/08/2015,357,TRUE,936,GTX 750,Lower,GF7,1,5,2014,119,4,N,Adventure,N
230290,Call of Duty: Modern Warfare 3 (2011),24/08/2015,357,TRUE,936,GTX 750,Lower,GF7,1,5,2014,119,4,N,Simulation,Y
230290,Call of Duty: Modern Warfare 3 (2011),24/08/2015,357,TRUE,936,GTX 750,Lower,GF7,1,5,2014,119,4,N,RPG,N
230290,Call of Duty: Modern Warfare 3 (2011),24/08/2015,357,TRUE,936,GTX 750,Lower,GF7,1,5,2014,119,4,N,Strategy,N
230290,Call of Duty: Modern Warfare 3 (2011),24/08/2015,357,TRUE,936,GTX 750,Lower,GF7,1,5,2014,119,4,N,Free To Play,N
274170,Borderlands: The Pre-Sequel,10/03/2015,437,TRUE,830,GTX 750,Lower,GF7,1,5,2014,119,4,N,Action,Y
274170,Borderlands: The Pre-Sequel,10/03/2015,437,TRUE,830,GTX 750,Lower,GF7,1,5,2014,119,4,N,Indie,Y
274170,Borderlands: The Pre-Sequel,10/03/2015,437,TRUE,830,GTX 750,Lower,GF7,1,5,2014,119,4,N,Adventure,N
274170,Borderlands: The Pre-Sequel,10/03/2015,437,TRUE,830,GTX 750,Lower,GF7,1,5,2014,119,4,N,Simulation,N
274170,Borderlands: The Pre-Sequel,10/03/2015,437,TRUE,830,GTX 750,Lower,GF7,1,5,2014,119,4,N,RPG,N
274170,Borderlands: The Pre-Sequel,10/03/2015,437,TRUE,830,GTX 750,Lower,GF7,1,5,2014,119,4,N,Strategy,N
274170,Borderlands: The Pre-Sequel,10/03/2015,437,TRUE,830,GTX 750,Lower,GF7,1,5,2014,119,4,N,Free To Play,N
236850,Europa Universalis IV,13/08/2013,12445,TRUE,82,GTX 780 Ti,Top+,GF7,3,30,2013,699,4,N,Action,N
236850,Europa Universalis IV,13/08/2013,12445,TRUE,82,GTX 780 Ti,Top+,GF7,3,30,2013,699,4,N,Indie,N
236850,Europa Universalis IV,13/08/2013,12445,TRUE,82,GTX 780 Ti,Top+,GF7,3,30,2013,699,4,N,Adventure,N
236850,Europa Universalis IV,13/08/2013,12445,TRUE,82,GTX 780 Ti,Top+,GF7,3,30,2013,699,4,N,Simulation,Y
236850,Europa Universalis IV,13/08/2013,12445,TRUE,82,GTX 780 Ti,Top+,GF7,3,30,2013,699,4,N,RPG,N
236850,Europa Universalis IV,13/08/2013,12445,TRUE,82,GTX 780 Ti,Top+,GF7,3,30,2013,699,4,N,Strategy,Y
236850,Europa Universalis IV,13/08/2013,12445,TRUE,82,GTX 780 Ti,Top+,GF7,3,30,2013,699,4,N,Free To Play,N
49520,Borderlands 2,17/09/2012,8551,TRUE,105,GTX 750,Lower,GF7,1,5,2014,119,4,N,Action,Y
49520,Borderlands 2,17/09/2012,8551,TRUE,105,GTX 750,Lower,GF7,1,5,2014,119,4,N,Indie,N
49520,Borderlands 2,17/09/2012,8551,TRUE,105,GTX 750,Lower,GF7,1,5,2014,119,4,N,Adventure,N
49520,Borderlands 2,17/09/2012,8551,TRUE,105,GTX 750,Lower,GF7,1,5,2014,119,4,N,Simulation,N
49520,Borderlands 2,17/09/2012,8551,TRUE,105,GTX 750,Lower,GF7,1,5,2014,119,4,N,RPG,Y
49520,Borderlands 2,17/09/2012,8551,TRUE,105,GTX 750,Lower,GF7,1,5,2014,119,4,N,Strategy,N
49520,Borderlands 2,17/09/2012,8551,TRUE,105,GTX 750,Lower,GF7,1,5,2014,119,4,N,Free To Play,N
1284210,Guild Wars 2,23/08/2022,3277,FALSE,218,GTX 750,Lower,GF7,1,5,2014,119,4,N,Action,N
1284210,Guild Wars 2,23/08/2022,3277,FALSE,218,GTX 750,Lower,GF7,1,5,2014,119,4,N,Indie,N
1284210,Guild Wars 2,23/08/2022,3277,FALSE,218,GTX 750,Lower,GF7,1,5,2014,119,4,N,Adventure,Y
1284210,Guild Wars 2,23/08/2022,3277,FALSE,218,GTX 750,Lower,GF7,1,5,2014,119,4,N,Simulation,N
1284210,Guild Wars 2,23/08/2022,3277,FALSE,218,GTX 750,Lower,GF7,1,5,2014,119,4,N,RPG,Y
1284210,Guild Wars 2,23/08/2022,3277,FALSE,218,GTX 750,Lower,GF7,1,5,2014,119,4,N,Strategy,N
1284210,Guild Wars 2,23/08/2022,3277,FALSE,218,GTX 750,Lower,GF7,1,5,2014,119,4,N,Free To Play,Y
237310,Worlds of Magic,02/07/2014,401,FALSE,878,GTX 750,Lower,GF7,1,5,2014,119,4,N,Action,Y
237310,Worlds of Magic,02/07/2014,401,FALSE,878,GTX 750,Lower,GF7,1,5,2014,119,4,N,Indie,N
237310,Worlds of Magic,02/07/2014,401,FALSE,878,GTX 750,Lower,GF7,1,5,2014,119,4,N,Adventure,Y
237310,Worlds of Magic,02/07/2014,401,FALSE,878,GTX 750,Lower,GF7,1,5,2014,119,4,N,Simulation,N
237310,Worlds of Magic,02/07/2014,401,FALSE,878,GTX 750,Lower,GF7,1,5,2014,119,4,N,RPG,Y
237310,Worlds of Magic,02/07/2014,401,FALSE,878,GTX 750,Lower,GF7,1,5,2014,119,4,N,Strategy,N
237310,Worlds of Magic,02/07/2014,401,FALSE,878,GTX 750,Lower,GF7,1,5,2014,119,4,N,Free To Play,Y
646570,Slay the Spire,23/01/2019,15038,TRUE,65,GTX 750,Lower,GF7,1,5,2014,119,4,N,Action,N
646570,Slay the Spire,23/01/2019,15038,TRUE,65,GTX 750,Lower,GF7,1,5,2014,119,4,N,Indie,Y
646570,Slay the Spire,23/01/2019,15038,TRUE,65,GTX 750,Lower,GF7,1,5,2014,119,4,N,Adventure,N
646570,Slay the Spire,23/01/2019,15038,TRUE,65,GTX 750,Lower,GF7,1,5,2014,119,4,N,Simulation,N
646570,Slay the Spire,23/01/2019,15038,TRUE,65,GTX 750,Lower,GF7,1,5,2014,119,4,N,RPG,N
646570,Slay the Spire,23/01/2019,15038,TRUE,65,GTX 750,Lower,GF7,1,5,2014,119,4,N,Strategy,Y
646570,Slay the Spire,23/01/2019,15038,TRUE,65,GTX 750,Lower,GF7,1,5,2014,119,4,N,Free To Play,N
218620,PAYDAY 2,13/08/2013,27254,FALSE,37,GTX 750,Lower,GF7,1,5,2014,119,4,N,Action,Y
218620,PAYDAY 2,13/08/2013,27254,FALSE,37,GTX 750,Lower,GF7,1,5,2014,119,4,N,Indie,N
218620,PAYDAY 2,13/08/2013,27254,FALSE,37,GTX 750,Lower,GF7,1,5,2014,119,4,N,Adventure,N
218620,PAYDAY 2,13/08/2013,27254,FALSE,37,GTX 750,Lower,GF7,1,5,2014,119,4,N,Simulation,N
218620,PAYDAY 2,13/08/2013,27254,FALSE,37,GTX 750,Lower,GF7,1,5,2014,119,4,N,RPG,Y
218620,PAYDAY 2,13/08/2013,27254,FALSE,37,GTX 750,Lower,GF7,1,5,2014,119,4,N,Strategy,N
218620,PAYDAY 2,13/08/2013,27254,FALSE,37,GTX 750,Lower,GF7,1,5,2014,119,4,N,Free To Play,N
1104280,The Slormancer,13/05/2025,2052,FALSE,300,GTX 750,Lower,GF7,1,5,2014,119,4,N,Action,Y
1104280,The Slormancer,13/05/2025,2052,FALSE,300,GTX 750,Lower,GF7,1,5,2014,119,4,N,Indie,Y
1104280,The Slormancer,13/05/2025,2052,FALSE,300,GTX 750,Lower,GF7,1,5,2014,119,4,N,Adventure,Y
1104280,The Slormancer,13/05/2025,2052,FALSE,300,GTX 750,Lower,GF7,1,5,2014,119,4,N,Simulation,N
1104280,The Slormancer,13/05/2025,2052,FALSE,300,GTX 750,Lower,GF7,1,5,2014,119,4,N,RPG,Y
1104280,The Slormancer,13/05/2025,2052,FALSE,300,GTX 750,Lower,GF7,1,5,2014,119,4,N,Strategy,N
1104280,The Slormancer,13/05/2025,2052,FALSE,300,GTX 750,Lower,GF7,1,5,2014,119,4,N,Free To Play,N
322170,Geometry Dash,22/12/2014,27850,TRUE,35,GTX 750,Lower,GF7,1,5,2014,119,4,N,Action,Y
322170,Geometry Dash,22/12/2014,27850,TRUE,35,GTX 750,Lower,GF7,1,5,2014,119,4,N,Indie,Y
322170,Geometry Dash,22/12/2014,27850,TRUE,35,GTX 750,Lower,GF7,1,5,2014,119,4,N,Adventure,N
322170,Geometry Dash,22/12/2014,27850,TRUE,35,GTX 750,Lower,GF7,1,5,2014,119,4,N,Simulation,N
322170,Geometry Dash,22/12/2014,27850,TRUE,35,GTX 750,Lower,GF7,1,5,2014,119,4,N,RPG,N
322170,Geometry Dash,22/12/2014,27850,TRUE,35,GTX 750,Lower,GF7,1,5,2014,119,4,N,Strategy,N
322170,Geometry Dash,22/12/2014,27850,TRUE,35,GTX 750,Lower,GF7,1,5,2014,119,4,N,Free To Play,N
22380,Fallout: New Vegas,19/10/2010,3892,FALSE,187,GTX 750,Lower,GF7,1,5,2014,119,4,N,Action,Y
22380,Fallout: New Vegas,19/10/2010,3892,FALSE,187,GTX 750,Lower,GF7,1,5,2014,119,4,N,Indie,N
22380,Fallout: New Vegas,19/10/2010,3892,FALSE,187,GTX 750,Lower,GF7,1,5,2014,119,4,N,Adventure,N
22380,Fallout: New Vegas,19/10/2010,3892,FALSE,187,GTX 750,Lower,GF7,1,5,2014,119,4,N,Simulation,N
22380,Fallout: New Vegas,19/10/2010,3892,FALSE,187,GTX 750,Lower,GF7,1,5,2014,119,4,N,RPG,Y
22380,Fallout: New Vegas,19/10/2010,3892,FALSE,187,GTX 750,Lower,GF7,1,5,2014,119,4,N,Strategy,N
22380,Fallout: New Vegas,19/10/2010,3892,FALSE,187,GTX 750,Lower,GF7,1,5,2014,119,4,N,Free To Play,N
2826180,Batman: Arkham City - Game of the Year Edition,02/05/2024,655,TRUE,632,GTX 750,Lower,GF7,1,5,2014,119,4,N,Action,N
2826180,Batman: Arkham City - Game of the Year Edition,02/05/2024,655,TRUE,632,GTX 750,Lower,GF7,1,5,2014,119,4,N,Indie,Y
2826180,Batman: Arkham City - Game of the Year Edition,02/05/2024,655,TRUE,632,GTX 750,Lower,GF7,1,5,2014,119,4,N,Adventure,Y
2826180,Batman: Arkham City - Game of the Year Edition,02/05/2024,655,TRUE,632,GTX 750,Lower,GF7,1,5,2014,119,4,N,Simulation,Y
2826180,Batman: Arkham City - Game of the Year Edition,02/05/2024,655,TRUE,632,GTX 750,Lower,GF7,1,5,2014,119,4,N,RPG,N
2826180,Batman: Arkham City - Game of the Year Edition,02/05/2024,655,TRUE,632,GTX 750,Lower,GF7,1,5,2014,119,4,N,Strategy,N
2826180,Batman: Arkham City - Game of the Year Edition,02/05/2024,655,TRUE,632,GTX 750,Lower,GF7,1,5,2014,119,4,N,Free To Play,N
34030,Total War: NAPOLEON ' Definitive Edition,25/02/2010,929,TRUE,515,GTX 750,Lower,GF7,1,5,2014,119,4,N,Action,N
34030,Total War: NAPOLEON ' Definitive Edition,25/02/2010,929,TRUE,515,GTX 750,Lower,GF7,1,5,2014,119,4,N,Indie,N
34030,Total War: NAPOLEON ' Definitive Edition,25/02/2010,929,TRUE,515,GTX 750,Lower,GF7,1,5,2014,119,4,N,Adventure,N
34030,Total War: NAPOLEON ' Definitive Edition,25/02/2010,929,TRUE,515,GTX 750,Lower,GF7,1,5,2014,119,4,N,Simulation,N
34030,Total War: NAPOLEON ' Definitive Edition,25/02/2010,929,TRUE,515,GTX 750,Lower,GF7,1,5,2014,119,4,N,RPG,N
34030,Total War: NAPOLEON ' Definitive Edition,25/02/2010,929,TRUE,515,GTX 750,Lower,GF7,1,5,2014,119,4,N,Strategy,Y
34030,Total War: NAPOLEON ' Definitive Edition,25/02/2010,929,TRUE,515,GTX 750,Lower,GF7,1,5,2014,119,4,N,Free To Play,N
1265820,Mortal Kombat X,02/12/2021,426,FALSE,848,GTX 750,Lower,GF7,1,5,2014,119,4,N,Action,Y
1265820,Mortal Kombat X,02/12/2021,426,FALSE,848,GTX 750,Lower,GF7,1,5,2014,119,4,N,Indie,N
1265820,Mortal Kombat X,02/12/2021,426,FALSE,848,GTX 750,Lower,GF7,1,5,2014,119,4,N,Adventure,N
1265820,Mortal Kombat X,02/12/2021,426,FALSE,848,GTX 750,Lower,GF7,1,5,2014,119,4,N,Simulation,N
1265820,Mortal Kombat X,02/12/2021,426,FALSE,848,GTX 750,Lower,GF7,1,5,2014,119,4,N,RPG,N
1265820,Mortal Kombat X,02/12/2021,426,FALSE,848,GTX 750,Lower,GF7,1,5,2014,119,4,N,Strategy,Y
1265820,Mortal Kombat X,02/12/2021,426,FALSE,848,GTX 750,Lower,GF7,1,5,2014,119,4,N,Free To Play,N
2552430,KINGDOM HEARTS -HD 1.5+2.5 ReMIX-,13/06/2024,886,FALSE,531,GTX 750,Lower,GF7,1,5,2014,119,4,N,Action,Y
2552430,KINGDOM HEARTS -HD 1.5+2.5 ReMIX-,13/06/2024,886,FALSE,531,GTX 750,Lower,GF7,1,5,2014,119,4,N,Indie,N
2552430,KINGDOM HEARTS -HD 1.5+2.5 ReMIX-,13/06/2024,886,FALSE,531,GTX 750,Lower,GF7,1,5,2014,119,4,N,Adventure,Y
2552430,KINGDOM HEARTS -HD 1.5+2.5 ReMIX-,13/06/2024,886,FALSE,531,GTX 750,Lower,GF7,1,5,2014,119,4,N,Simulation,N
2552430,KINGDOM HEARTS -HD 1.5+2.5 ReMIX-,13/06/2024,886,FALSE,531,GTX 750,Lower,GF7,1,5,2014,119,4,N,RPG,Y
2552430,KINGDOM HEARTS -HD 1.5+2.5 ReMIX-,13/06/2024,886,FALSE,531,GTX 750,Lower,GF7,1,5,2014,119,4,N,Strategy,N
2552430,KINGDOM HEARTS -HD 1.5+2.5 ReMIX-,13/06/2024,886,FALSE,531,GTX 750,Lower,GF7,1,5,2014,119,4,N,Free To Play,N
1105420,Imperator: Rome,14/11/2019,547,FALSE,724,GTX 750,Lower,GF7,1,5,2014,119,4,N,Action,N
1105420,Imperator: Rome,14/11/2019,547,FALSE,724,GTX 750,Lower,GF7,1,5,2014,119,4,N,Indie,N
1105420,Imperator: Rome,14/11/2019,547,FALSE,724,GTX 750,Lower,GF7,1,5,2014,119,4,N,Adventure,N
1105420,Imperator: Rome,14/11/2019,547,FALSE,724,GTX 750,Lower,GF7,1,5,2014,119,4,N,Simulation,Y
1105420,Imperator: Rome,14/11/2019,547,FALSE,724,GTX 750,Lower,GF7,1,5,2014,119,4,N,RPG,Y
1105420,Imperator: Rome,14/11/2019,547,FALSE,724,GTX 750,Lower,GF7,1,5,2014,119,4,N,Strategy,Y
1105420,Imperator: Rome,14/11/2019,547,FALSE,724,GTX 750,Lower,GF7,1,5,2014,119,4,N,Free To Play,Y
3204020,Across the Obelisk,04/06/2025,538,FALSE,732,GTX 750,Lower,GF7,1,5,2014,119,4,N,Action,N
3204020,Across the Obelisk,04/06/2025,538,FALSE,732,GTX 750,Lower,GF7,1,5,2014,119,4,N,Indie,Y
3204020,Across the Obelisk,04/06/2025,538,FALSE,732,GTX 750,Lower,GF7,1,5,2014,119,4,N,Adventure,N
3204020,Across the Obelisk,04/06/2025,538,FALSE,732,GTX 750,Lower,GF7,1,5,2014,119,4,N,Simulation,N
3204020,Across the Obelisk,04/06/2025,538,FALSE,732,GTX 750,Lower,GF7,1,5,2014,119,4,N,RPG,N
3204020,Across the Obelisk,04/06/2025,538,FALSE,732,GTX 750,Lower,GF7,1,5,2014,119,4,N,Strategy,N
3204020,Across the Obelisk,04/06/2025,538,FALSE,732,GTX 750,Lower,GF7,1,5,2014,119,4,N,Free To Play,N
620,Portal 2,18/04/2011,1959,FALSE,308,GTX 750,Lower,GF7,1,5,2014,119,4,N,Action,Y
620,Portal 2,18/04/2011,1959,FALSE,308,GTX 750,Lower,GF7,1,5,2014,119,4,N,Indie,N
620,Portal 2,18/04/2011,1959,FALSE,308,GTX 750,Lower,GF7,1,5,2014,119,4,N,Adventure,Y
620,Portal 2,18/04/2011,1959,FALSE,308,GTX 750,Lower,GF7,1,5,2014,119,4,N,Simulation,N
620,Portal 2,18/04/2011,1959,FALSE,308,GTX 750,Lower,GF7,1,5,2014,119,4,N,RPG,N
620,Portal 2,18/04/2011,1959,FALSE,308,GTX 750,Lower,GF7,1,5,2014,119,4,N,Strategy,N
620,Portal 2,18/04/2011,1959,FALSE,308,GTX 750,Lower,GF7,1,5,2014,119,4,N,Free To Play,N
977950,A Dance of Fire and Ice,24/01/2019,1870,TRUE,310,GTX 750,Lower,GF7,1,5,2014,119,4,N,Action,N
977950,A Dance of Fire and Ice,24/01/2019,1870,TRUE,310,GTX 750,Lower,GF7,1,5,2014,119,4,N,Indie,Y
977950,A Dance of Fire and Ice,24/01/2019,1870,TRUE,310,GTX 750,Lower,GF7,1,5,2014,119,4,N,Adventure,N
977950,A Dance of Fire and Ice,24/01/2019,1870,TRUE,310,GTX 750,Lower,GF7,1,5,2014,119,4,N,Simulation,N
977950,A Dance of Fire and Ice,24/01/2019,1870,TRUE,310,GTX 750,Lower,GF7,1,5,2014,119,4,N,RPG,N
977950,A Dance of Fire and Ice,24/01/2019,1870,TRUE,310,GTX 750,Lower,GF7,1,5,2014,119,4,N,Strategy,N
977950,A Dance of Fire and Ice,24/01/2019,1870,TRUE,310,GTX 750,Lower,GF7,1,5,2014,119,4,N,Free To Play,N
701160,Kingdom Two Crowns,11/12/2018,1305,TRUE,416,GTX 750,Lower,GF7,1,5,2014,119,4,N,Action,N
701160,Kingdom Two Crowns,11/12/2018,1305,TRUE,416,GTX 750,Lower,GF7,1,5,2014,119,4,N,Indie,Y
701160,Kingdom Two Crowns,11/12/2018,1305,TRUE,416,GTX 750,Lower,GF7,1,5,2014,119,4,N,Adventure,Y
701160,Kingdom Two Crowns,11/12/2018,1305,TRUE,416,GTX 750,Lower,GF7,1,5,2014,119,4,N,Simulation,Y
701160,Kingdom Two Crowns,11/12/2018,1305,TRUE,416,GTX 750,Lower,GF7,1,5,2014,119,4,N,RPG,N
701160,Kingdom Two Crowns,11/12/2018,1305,TRUE,416,GTX 750,Lower,GF7,1,5,2014,119,4,N,Strategy,Y
701160,Kingdom Two Crowns,11/12/2018,1305,TRUE,416,GTX 750,Lower,GF7,1,5,2014,119,4,N,Free To Play,N
72850,The Elder Scrolls V: Skyrim,10/11/2011,1463,FALSE,381,GTX 750,Lower,GF7,1,5,2014,119,4,N,Action,N
72850,The Elder Scrolls V: Skyrim,10/11/2011,1463,FALSE,381,GTX 750,Lower,GF7,1,5,2014,119,4,N,Indie,N
72850,The Elder Scrolls V: Skyrim,10/11/2011,1463,FALSE,381,GTX 750,Lower,GF7,1,5,2014,119,4,N,Adventure,N
72850,The Elder Scrolls V: Skyrim,10/11/2011,1463,FALSE,381,GTX 750,Lower,GF7,1,5,2014,119,4,N,Simulation,N
72850,The Elder Scrolls V: Skyrim,10/11/2011,1463,FALSE,381,GTX 750,Lower,GF7,1,5,2014,119,4,N,RPG,Y
72850,The Elder Scrolls V: Skyrim,10/11/2011,1463,FALSE,381,GTX 750,Lower,GF7,1,5,2014,119,4,N,Strategy,N
72850,The Elder Scrolls V: Skyrim,10/11/2011,1463,FALSE,381,GTX 750,Lower,GF7,1,5,2014,119,4,N,Free To Play,N
799600,From the Depths,24/10/2022,482,FALSE,789,GTX 750,Lower,GF7,1,5,2014,119,4,N,Action,N
799600,From the Depths,24/10/2022,482,FALSE,789,GTX 750,Lower,GF7,1,5,2014,119,4,N,Indie,N
799600,From the Depths,24/10/2022,482,FALSE,789,GTX 750,Lower,GF7,1,5,2014,119,4,N,Adventure,N
799600,From the Depths,24/10/2022,482,FALSE,789,GTX 750,Lower,GF7,1,5,2014,119,4,N,Simulation,Y
799600,From the Depths,24/10/2022,482,FALSE,789,GTX 750,Lower,GF7,1,5,2014,119,4,N,RPG,N
799600,From the Depths,24/10/2022,482,FALSE,789,GTX 750,Lower,GF7,1,5,2014,119,4,N,Strategy,Y
799600,From the Depths,24/10/2022,482,FALSE,789,GTX 750,Lower,GF7,1,5,2014,119,4,N,Free To Play,N
1256670,Library Of Ruina,10/08/2021,1299,FALSE,420,GTX 750,Lower,GF7,1,5,2014,119,4,N,Action,N
1256670,Library Of Ruina,10/08/2021,1299,FALSE,420,GTX 750,Lower,GF7,1,5,2014,119,4,N,Indie,Y
1256670,Library Of Ruina,10/08/2021,1299,FALSE,420,GTX 750,Lower,GF7,1,5,2014,119,4,N,Adventure,N
1256670,Library Of Ruina,10/08/2021,1299,FALSE,420,GTX 750,Lower,GF7,1,5,2014,119,4,N,Simulation,N
1256670,Library Of Ruina,10/08/2021,1299,FALSE,420,GTX 750,Lower,GF7,1,5,2014,119,4,N,RPG,Y
1256670,Library Of Ruina,10/08/2021,1299,FALSE,420,GTX 750,Lower,GF7,1,5,2014,119,4,N,Strategy,Y
1256670,Library Of Ruina,10/08/2021,1299,FALSE,420,GTX 750,Lower,GF7,1,5,2014,119,4,N,Free To Play,N
244450,Men of War: Assault Squad 2,15/05/2014,711,FALSE,597,GTX 750,Lower,GF7,1,5,2014,119,4,N,Action,Y
244450,Men of War: Assault Squad 2,15/05/2014,711,FALSE,597,GTX 750,Lower,GF7,1,5,2014,119,4,N,Indie,N
244450,Men of War: Assault Squad 2,15/05/2014,711,FALSE,597,GTX 750,Lower,GF7,1,5,2014,119,4,N,Adventure,N
244450,Men of War: Assault Squad 2,15/05/2014,711,FALSE,597,GTX 750,Lower,GF7,1,5,2014,119,4,N,Simulation,Y
244450,Men of War: Assault Squad 2,15/05/2014,711,FALSE,597,GTX 750,Lower,GF7,1,5,2014,119,4,N,RPG,N
244450,Men of War: Assault Squad 2,15/05/2014,711,FALSE,597,GTX 750,Lower,GF7,1,5,2014,119,4,N,Strategy,Y
244450,Men of War: Assault Squad 2,15/05/2014,711,FALSE,597,GTX 750,Lower,GF7,1,5,2014,119,4,N,Free To Play,N
2014780,Far Cry 3,17/12/2022,489,TRUE,782,GTX 750,Lower,GF7,1,5,2014,119,4,N,Action,N
2014780,Far Cry 3,17/12/2022,489,TRUE,782,GTX 750,Lower,GF7,1,5,2014,119,4,N,Indie,N
2014780,Far Cry 3,17/12/2022,489,TRUE,782,GTX 750,Lower,GF7,1,5,2014,119,4,N,Adventure,N
2014780,Far Cry 3,17/12/2022,489,TRUE,782,GTX 750,Lower,GF7,1,5,2014,119,4,N,Simulation,Y
2014780,Far Cry 3,17/12/2022,489,TRUE,782,GTX 750,Lower,GF7,1,5,2014,119,4,N,RPG,N
2014780,Far Cry 3,17/12/2022,489,TRUE,782,GTX 750,Lower,GF7,1,5,2014,119,4,N,Strategy,N
2014780,Far Cry 3,17/12/2022,489,TRUE,782,GTX 750,Lower,GF7,1,5,2014,119,4,N,Free To Play,N
603850,DRAGON BALL FighterZ,21/11/2018,513,FALSE,753,GTX 750,Lower,GF7,1,5,2014,119,4,N,Action,N
603850,DRAGON BALL FighterZ,21/11/2018,513,FALSE,753,GTX 750,Lower,GF7,1,5,2014,119,4,N,Indie,N
603850,DRAGON BALL FighterZ,21/11/2018,513,FALSE,753,GTX 750,Lower,GF7,1,5,2014,119,4,N,Adventure,N
603850,DRAGON BALL FighterZ,21/11/2018,513,FALSE,753,GTX 750,Lower,GF7,1,5,2014,119,4,N,Simulation,N
603850,DRAGON BALL FighterZ,21/11/2018,513,FALSE,753,GTX 750,Lower,GF7,1,5,2014,119,4,N,RPG,N
603850,DRAGON BALL FighterZ,21/11/2018,513,FALSE,753,GTX 750,Lower,GF7,1,5,2014,119,4,N,Strategy,Y
603850,DRAGON BALL FighterZ,21/11/2018,513,FALSE,753,GTX 750,Lower,GF7,1,5,2014,119,4,N,Free To Play,N
544810,KARDS - The WW2 Card Game,15/04/2020,4796,FALSE,163,Intel UHD Graphics,APU,INT UHD,0,2,2017,59,3,Y,Action,N
544810,KARDS - The WW2 Card Game,15/04/2020,4796,FALSE,163,Intel UHD Graphics,APU,INT UHD,0,2,2017,59,3,Y,Indie,Y
544810,KARDS - The WW2 Card Game,15/04/2020,4796,FALSE,163,Intel UHD Graphics,APU,INT UHD,0,2,2017,59,3,Y,Adventure,N
544810,KARDS - The WW2 Card Game,15/04/2020,4796,FALSE,163,Intel UHD Graphics,APU,INT UHD,0,2,2017,59,3,Y,Simulation,N
544810,KARDS - The WW2 Card Game,15/04/2020,4796,FALSE,163,Intel UHD Graphics,APU,INT UHD,0,2,2017,59,3,Y,RPG,N
544810,KARDS - The WW2 Card Game,15/04/2020,4796,FALSE,163,Intel UHD Graphics,APU,INT UHD,0,2,2017,59,3,Y,Strategy,Y
544810,KARDS - The WW2 Card Game,15/04/2020,4796,FALSE,163,Intel UHD Graphics,APU,INT UHD,0,2,2017,59,3,Y,Free To Play,Y
787860,Farming Simulator 19,19/11/2018,983,TRUE,497,Radeon Vega 8,APU,R VEGA 8,0,2,2017,59,3,Y,Action,N
787860,Farming Simulator 19,19/11/2018,983,TRUE,497,Radeon Vega 8,APU,R VEGA 8,0,2,2017,59,3,Y,Indie,N
787860,Farming Simulator 19,19/11/2018,983,TRUE,497,Radeon Vega 8,APU,R VEGA 8,0,2,2017,59,3,Y,Adventure,N
787860,Farming Simulator 19,19/11/2018,983,TRUE,497,Radeon Vega 8,APU,R VEGA 8,0,2,2017,59,3,Y,Simulation,Y
787860,Farming Simulator 19,19/11/2018,983,TRUE,497,Radeon Vega 8,APU,R VEGA 8,0,2,2017,59,3,Y,RPG,N
787860,Farming Simulator 19,19/11/2018,983,TRUE,497,Radeon Vega 8,APU,R VEGA 8,0,2,2017,59,3,Y,Strategy,N
787860,Farming Simulator 19,19/11/2018,983,TRUE,497,Radeon Vega 8,APU,R VEGA 8,0,2,2017,59,3,Y,Free To Play,N
636480,The Witcher: Enhanced Edition Director's Cut,18/05/2017,617,TRUE,664,Radeon Vega 8,APU,R VEGA 8,0,2,2017,59,3,Y,Action,Y
636480,The Witcher: Enhanced Edition Director's Cut,18/05/2017,617,TRUE,664,Radeon Vega 8,APU,R VEGA 8,0,2,2017,59,3,Y,Indie,Y
636480,The Witcher: Enhanced Edition Director's Cut,18/05/2017,617,TRUE,664,Radeon Vega 8,APU,R VEGA 8,0,2,2017,59,3,Y,Adventure,N
636480,The Witcher: Enhanced Edition Director's Cut,18/05/2017,617,TRUE,664,Radeon Vega 8,APU,R VEGA 8,0,2,2017,59,3,Y,Simulation,N
636480,The Witcher: Enhanced Edition Director's Cut,18/05/2017,617,TRUE,664,Radeon Vega 8,APU,R VEGA 8,0,2,2017,59,3,Y,RPG,N
636480,The Witcher: Enhanced Edition Director's Cut,18/05/2017,617,TRUE,664,Radeon Vega 8,APU,R VEGA 8,0,2,2017,59,3,Y,Strategy,N
636480,The Witcher: Enhanced Edition Director's Cut,18/05/2017,617,TRUE,664,Radeon Vega 8,APU,R VEGA 8,0,2,2017,59,3,Y,Free To Play,N
551170,The Sims 2 Legacy Collection,18/04/2018,412,FALSE,865,Radeon Vega 8,APU,R VEGA 8,0,2,2017,59,3,Y,Action,N
551170,The Sims 2 Legacy Collection,18/04/2018,412,FALSE,865,Radeon Vega 8,APU,R VEGA 8,0,2,2017,59,3,Y,Indie,N
551170,The Sims 2 Legacy Collection,18/04/2018,412,FALSE,865,Radeon Vega 8,APU,R VEGA 8,0,2,2017,59,3,Y,Adventure,Y
551170,The Sims 2 Legacy Collection,18/04/2018,412,FALSE,865,Radeon Vega 8,APU,R VEGA 8,0,2,2017,59,3,Y,Simulation,N
551170,The Sims 2 Legacy Collection,18/04/2018,412,FALSE,865,Radeon Vega 8,APU,R VEGA 8,0,2,2017,59,3,Y,RPG,Y
551170,The Sims 2 Legacy Collection,18/04/2018,412,FALSE,865,Radeon Vega 8,APU,R VEGA 8,0,2,2017,59,3,Y,Strategy,Y
551170,The Sims 2 Legacy Collection,18/04/2018,412,FALSE,865,Radeon Vega 8,APU,R VEGA 8,0,2,2017,59,3,Y,Free To Play,N
702320,March of Empires,11/12/2017,846,FALSE,548,Radeon Vega 8,APU,R VEGA 8,0,2,2017,59,3,Y,Action,N
702320,March of Empires,11/12/2017,846,FALSE,548,Radeon Vega 8,APU,R VEGA 8,0,2,2017,59,3,Y,Indie,N
702320,March of Empires,11/12/2017,846,FALSE,548,Radeon Vega 8,APU,R VEGA 8,0,2,2017,59,3,Y,Adventure,N
702320,March of Empires,11/12/2017,846,FALSE,548,Radeon Vega 8,APU,R VEGA 8,0,2,2017,59,3,Y,Simulation,N
702320,March of Empires,11/12/2017,846,FALSE,548,Radeon Vega 8,APU,R VEGA 8,0,2,2017,59,3,Y,RPG,Y
702320,March of Empires,11/12/2017,846,FALSE,548,Radeon Vega 8,APU,R VEGA 8,0,2,2017,59,3,Y,Strategy,Y
702320,March of Empires,11/12/2017,846,FALSE,548,Radeon Vega 8,APU,R VEGA 8,0,2,2017,59,3,Y,Free To Play,Y
363890,Soul Dossier,23/10/2015,657,TRUE,629,Radeon Vega 8,APU,R VEGA 8,0,2,2017,59,3,Y,Action,N
363890,Soul Dossier,23/10/2015,657,TRUE,629,Radeon Vega 8,APU,R VEGA 8,0,2,2017,59,3,Y,Indie,N
363890,Soul Dossier,23/10/2015,657,TRUE,629,Radeon Vega 8,APU,R VEGA 8,0,2,2017,59,3,Y,Adventure,N
363890,Soul Dossier,23/10/2015,657,TRUE,629,Radeon Vega 8,APU,R VEGA 8,0,2,2017,59,3,Y,Simulation,N
363890,Soul Dossier,23/10/2015,657,TRUE,629,Radeon Vega 8,APU,R VEGA 8,0,2,2017,59,3,Y,RPG,Y
363890,Soul Dossier,23/10/2015,657,TRUE,629,Radeon Vega 8,APU,R VEGA 8,0,2,2017,59,3,Y,Strategy,N
363890,Soul Dossier,23/10/2015,657,TRUE,629,Radeon Vega 8,APU,R VEGA 8,0,2,2017,59,3,Y,Free To Play,N
813780,Age of Empires II: Definitive Edition,14/11/2019,13465,FALSE,77,Radeon Vega 8,APU,R VEGA 8,0,2,2017,59,3,Y,Action,N
813780,Age of Empires II: Definitive Edition,14/11/2019,13465,FALSE,77,Radeon Vega 8,APU,R VEGA 8,0,2,2017,59,3,Y,Indie,N
813780,Age of Empires II: Definitive Edition,14/11/2019,13465,FALSE,77,Radeon Vega 8,APU,R VEGA 8,0,2,2017,59,3,Y,Adventure,N
813780,Age of Empires II: Definitive Edition,14/11/2019,13465,FALSE,77,Radeon Vega 8,APU,R VEGA 8,0,2,2017,59,3,Y,Simulation,N
813780,Age of Empires II: Definitive Edition,14/11/2019,13465,FALSE,77,Radeon Vega 8,APU,R VEGA 8,0,2,2017,59,3,Y,RPG,N
813780,Age of Empires II: Definitive Edition,14/11/2019,13465,FALSE,77,Radeon Vega 8,APU,R VEGA 8,0,2,2017,59,3,Y,Strategy,Y
813780,Age of Empires II: Definitive Edition,14/11/2019,13465,FALSE,77,Radeon Vega 8,APU,R VEGA 8,0,2,2017,59,3,Y,Free To Play,N
253710,Wolfenstein: The New Order,03/06/2014,417,FALSE,860,GTX 780,Top,GF7,3,25,2013,649,3,N,Action,Y
253710,Wolfenstein: The New Order,03/06/2014,417,FALSE,860,GTX 780,Top,GF7,3,25,2013,649,3,N,Indie,N
253710,Wolfenstein: The New Order,03/06/2014,417,FALSE,860,GTX 780,Top,GF7,3,25,2013,649,3,N,Adventure,Y
253710,Wolfenstein: The New Order,03/06/2014,417,FALSE,860,GTX 780,Top,GF7,3,25,2013,649,3,N,Simulation,Y
253710,Wolfenstein: The New Order,03/06/2014,417,FALSE,860,GTX 780,Top,GF7,3,25,2013,649,3,N,RPG,N
253710,Wolfenstein: The New Order,03/06/2014,417,FALSE,860,GTX 780,Top,GF7,3,25,2013,649,3,N,Strategy,N
253710,Wolfenstein: The New Order,03/06/2014,417,FALSE,860,GTX 780,Top,GF7,3,25,2013,649,3,N,Free To Play,Y
920490,Driver Booster for Steam,01/11/2018,826,FALSE,554,Radeon Vega 8,APU,R VEGA 8,0,2,2017,59,3,Y,Action,N
920490,Driver Booster for Steam,01/11/2018,826,FALSE,554,Radeon Vega 8,APU,R VEGA 8,0,2,2017,59,3,Y,Indie,N
920490,Driver Booster for Steam,01/11/2018,826,FALSE,554,Radeon Vega 8,APU,R VEGA 8,0,2,2017,59,3,Y,Adventure,N
920490,Driver Booster for Steam,01/11/2018,826,FALSE,554,Radeon Vega 8,APU,R VEGA 8,0,2,2017,59,3,Y,Simulation,N
920490,Driver Booster for Steam,01/11/2018,826,FALSE,554,Radeon Vega 8,APU,R VEGA 8,0,2,2017,59,3,Y,RPG,N
920490,Driver Booster for Steam,01/11/2018,826,FALSE,554,Radeon Vega 8,APU,R VEGA 8,0,2,2017,59,3,Y,Strategy,N
920490,Driver Booster for Steam,01/11/2018,826,FALSE,554,Radeon Vega 8,APU,R VEGA 8,0,2,2017,59,3,Y,Free To Play,N
992070,Slime Rancher 2,24/01/2019,524,TRUE,741,Radeon Vega 8,APU,R VEGA 8,0,2,2017,59,3,Y,Action,N
992070,Slime Rancher 2,24/01/2019,524,TRUE,741,Radeon Vega 8,APU,R VEGA 8,0,2,2017,59,3,Y,Indie,Y
992070,Slime Rancher 2,24/01/2019,524,TRUE,741,Radeon Vega 8,APU,R VEGA 8,0,2,2017,59,3,Y,Adventure,N
992070,Slime Rancher 2,24/01/2019,524,TRUE,741,Radeon Vega 8,APU,R VEGA 8,0,2,2017,59,3,Y,Simulation,N
992070,Slime Rancher 2,24/01/2019,524,TRUE,741,Radeon Vega 8,APU,R VEGA 8,0,2,2017,59,3,Y,RPG,N
992070,Slime Rancher 2,24/01/2019,524,TRUE,741,Radeon Vega 8,APU,R VEGA 8,0,2,2017,59,3,Y,Strategy,N
992070,Slime Rancher 2,24/01/2019,524,TRUE,741,Radeon Vega 8,APU,R VEGA 8,0,2,2017,59,3,Y,Free To Play,Y
1468810,ｬｼｰｷｫ Tale of Immortal,26/05/2023,4116,FALSE,185,Intel UHD Graphics,APU,INT UHD,0,2,2017,59,3,Y,Action,Y
1468810,ｬｼｰｷｫ Tale of Immortal,26/05/2023,4116,FALSE,185,Intel UHD Graphics,APU,INT UHD,0,2,2017,59,3,Y,Indie,Y
1468810,ｬｼｰｷｫ Tale of Immortal,26/05/2023,4116,FALSE,185,Intel UHD Graphics,APU,INT UHD,0,2,2017,59,3,Y,Adventure,Y
1468810,ｬｼｰｷｫ Tale of Immortal,26/05/2023,4116,FALSE,185,Intel UHD Graphics,APU,INT UHD,0,2,2017,59,3,Y,Simulation,Y
1468810,ｬｼｰｷｫ Tale of Immortal,26/05/2023,4116,FALSE,185,Intel UHD Graphics,APU,INT UHD,0,2,2017,59,3,Y,RPG,Y
1468810,ｬｼｰｷｫ Tale of Immortal,26/05/2023,4116,FALSE,185,Intel UHD Graphics,APU,INT UHD,0,2,2017,59,3,Y,Strategy,N
1468810,ｬｼｰｷｫ Tale of Immortal,26/05/2023,4116,FALSE,185,Intel UHD Graphics,APU,INT UHD,0,2,2017,59,3,Y,Free To Play,N
291550,Brawlhalla,17/10/2017,14169,TRUE,75,Radeon Vega 8,APU,R VEGA 8,0,2,2017,59,3,Y,Action,Y
291550,Brawlhalla,17/10/2017,14169,TRUE,75,Radeon Vega 8,APU,R VEGA 8,0,2,2017,59,3,Y,Indie,Y
291550,Brawlhalla,17/10/2017,14169,TRUE,75,Radeon Vega 8,APU,R VEGA 8,0,2,2017,59,3,Y,Adventure,N
291550,Brawlhalla,17/10/2017,14169,TRUE,75,Radeon Vega 8,APU,R VEGA 8,0,2,2017,59,3,Y,Simulation,N
291550,Brawlhalla,17/10/2017,14169,TRUE,75,Radeon Vega 8,APU,R VEGA 8,0,2,2017,59,3,Y,RPG,N
291550,Brawlhalla,17/10/2017,14169,TRUE,75,Radeon Vega 8,APU,R VEGA 8,0,2,2017,59,3,Y,Strategy,N
291550,Brawlhalla,17/10/2017,14169,TRUE,75,Radeon Vega 8,APU,R VEGA 8,0,2,2017,59,3,Y,Free To Play,Y
629520,Soundpad,30/09/2017,15279,FALSE,64,Radeon Vega 8,APU,R VEGA 8,0,2,2017,59,3,Y,Action,N
629520,Soundpad,30/09/2017,15279,FALSE,64,Radeon Vega 8,APU,R VEGA 8,0,2,2017,59,3,Y,Indie,N
629520,Soundpad,30/09/2017,15279,FALSE,64,Radeon Vega 8,APU,R VEGA 8,0,2,2017,59,3,Y,Adventure,N
629520,Soundpad,30/09/2017,15279,FALSE,64,Radeon Vega 8,APU,R VEGA 8,0,2,2017,59,3,Y,Simulation,N
629520,Soundpad,30/09/2017,15279,FALSE,64,Radeon Vega 8,APU,R VEGA 8,0,2,2017,59,3,Y,RPG,N
629520,Soundpad,30/09/2017,15279,FALSE,64,Radeon Vega 8,APU,R VEGA 8,0,2,2017,59,3,Y,Strategy,N
629520,Soundpad,30/09/2017,15279,FALSE,64,Radeon Vega 8,APU,R VEGA 8,0,2,2017,59,3,Y,Free To Play,N
1227890,Summer Memories,14/06/2020,1585,FALSE,357,Radeon Vega 8,APU,R VEGA 8,0,2,2017,59,3,Y,Action,N
1227890,Summer Memories,14/06/2020,1585,FALSE,357,Radeon Vega 8,APU,R VEGA 8,0,2,2017,59,3,Y,Indie,N
1227890,Summer Memories,14/06/2020,1585,FALSE,357,Radeon Vega 8,APU,R VEGA 8,0,2,2017,59,3,Y,Adventure,Y
1227890,Summer Memories,14/06/2020,1585,FALSE,357,Radeon Vega 8,APU,R VEGA 8,0,2,2017,59,3,Y,Simulation,N
1227890,Summer Memories,14/06/2020,1585,FALSE,357,Radeon Vega 8,APU,R VEGA 8,0,2,2017,59,3,Y,RPG,Y
1227890,Summer Memories,14/06/2020,1585,FALSE,357,Radeon Vega 8,APU,R VEGA 8,0,2,2017,59,3,Y,Strategy,N
1227890,Summer Memories,14/06/2020,1585,FALSE,357,Radeon Vega 8,APU,R VEGA 8,0,2,2017,59,3,Y,Free To Play,N
945360,Among Us,16/11/2018,3832,FALSE,191,Radeon Vega 8,APU,R VEGA 8,0,2,2017,59,3,Y,Action,N
945360,Among Us,16/11/2018,3832,FALSE,191,Radeon Vega 8,APU,R VEGA 8,0,2,2017,59,3,Y,Indie,N
945360,Among Us,16/11/2018,3832,FALSE,191,Radeon Vega 8,APU,R VEGA 8,0,2,2017,59,3,Y,Adventure,N
945360,Among Us,16/11/2018,3832,FALSE,191,Radeon Vega 8,APU,R VEGA 8,0,2,2017,59,3,Y,Simulation,N
945360,Among Us,16/11/2018,3832,FALSE,191,Radeon Vega 8,APU,R VEGA 8,0,2,2017,59,3,Y,RPG,N
945360,Among Us,16/11/2018,3832,FALSE,191,Radeon Vega 8,APU,R VEGA 8,0,2,2017,59,3,Y,Strategy,N
945360,Among Us,16/11/2018,3832,FALSE,191,Radeon Vega 8,APU,R VEGA 8,0,2,2017,59,3,Y,Free To Play,N
761890,Albion Online,16/05/2018,8184,TRUE,109,Radeon Vega 8,APU,R VEGA 8,0,2,2017,59,3,Y,Action,N
761890,Albion Online,16/05/2018,8184,TRUE,109,Radeon Vega 8,APU,R VEGA 8,0,2,2017,59,3,Y,Indie,N
761890,Albion Online,16/05/2018,8184,TRUE,109,Radeon Vega 8,APU,R VEGA 8,0,2,2017,59,3,Y,Adventure,N
761890,Albion Online,16/05/2018,8184,TRUE,109,Radeon Vega 8,APU,R VEGA 8,0,2,2017,59,3,Y,Simulation,N
761890,Albion Online,16/05/2018,8184,TRUE,109,Radeon Vega 8,APU,R VEGA 8,0,2,2017,59,3,Y,RPG,Y
761890,Albion Online,16/05/2018,8184,TRUE,109,Radeon Vega 8,APU,R VEGA 8,0,2,2017,59,3,Y,Strategy,N
761890,Albion Online,16/05/2018,8184,TRUE,109,Radeon Vega 8,APU,R VEGA 8,0,2,2017,59,3,Y,Free To Play,Y
1113000,Persona 4 Golden,13/06/2020,962,FALSE,505,Radeon Vega 8,APU,R VEGA 8,0,2,2017,59,3,Y,Action,N
1113000,Persona 4 Golden,13/06/2020,962,FALSE,505,Radeon Vega 8,APU,R VEGA 8,0,2,2017,59,3,Y,Indie,N
1113000,Persona 4 Golden,13/06/2020,962,FALSE,505,Radeon Vega 8,APU,R VEGA 8,0,2,2017,59,3,Y,Adventure,N
1113000,Persona 4 Golden,13/06/2020,962,FALSE,505,Radeon Vega 8,APU,R VEGA 8,0,2,2017,59,3,Y,Simulation,N
1113000,Persona 4 Golden,13/06/2020,962,FALSE,505,Radeon Vega 8,APU,R VEGA 8,0,2,2017,59,3,Y,RPG,Y
1113000,Persona 4 Golden,13/06/2020,962,FALSE,505,Radeon Vega 8,APU,R VEGA 8,0,2,2017,59,3,Y,Strategy,N
1113000,Persona 4 Golden,13/06/2020,962,FALSE,505,Radeon Vega 8,APU,R VEGA 8,0,2,2017,59,3,Y,Free To Play,N
544730,Catan Universe,25/04/2017,848,TRUE,546,Radeon Vega 8,APU,R VEGA 8,0,2,2017,59,3,Y,Action,N
544730,Catan Universe,25/04/2017,848,TRUE,546,Radeon Vega 8,APU,R VEGA 8,0,2,2017,59,3,Y,Indie,N
544730,Catan Universe,25/04/2017,848,TRUE,546,Radeon Vega 8,APU,R VEGA 8,0,2,2017,59,3,Y,Adventure,N
544730,Catan Universe,25/04/2017,848,TRUE,546,Radeon Vega 8,APU,R VEGA 8,0,2,2017,59,3,Y,Simulation,N
544730,Catan Universe,25/04/2017,848,TRUE,546,Radeon Vega 8,APU,R VEGA 8,0,2,2017,59,3,Y,RPG,N
544730,Catan Universe,25/04/2017,848,TRUE,546,Radeon Vega 8,APU,R VEGA 8,0,2,2017,59,3,Y,Strategy,Y
544730,Catan Universe,25/04/2017,848,TRUE,546,Radeon Vega 8,APU,R VEGA 8,0,2,2017,59,3,Y,Free To Play,N
464920,OMORI,15/03/2018,507,TRUE,757,Radeon Vega 8,APU,R VEGA 8,0,2,2017,59,3,Y,Action,N
464920,OMORI,15/03/2018,507,TRUE,757,Radeon Vega 8,APU,R VEGA 8,0,2,2017,59,3,Y,Indie,N
464920,OMORI,15/03/2018,507,TRUE,757,Radeon Vega 8,APU,R VEGA 8,0,2,2017,59,3,Y,Adventure,N
464920,OMORI,15/03/2018,507,TRUE,757,Radeon Vega 8,APU,R VEGA 8,0,2,2017,59,3,Y,Simulation,Y
464920,OMORI,15/03/2018,507,TRUE,757,Radeon Vega 8,APU,R VEGA 8,0,2,2017,59,3,Y,RPG,N
464920,OMORI,15/03/2018,507,TRUE,757,Radeon Vega 8,APU,R VEGA 8,0,2,2017,59,3,Y,Strategy,Y
464920,OMORI,15/03/2018,507,TRUE,757,Radeon Vega 8,APU,R VEGA 8,0,2,2017,59,3,Y,Free To Play,N
269950,Forts,30/03/2017,381,TRUE,901,Intel UHD Graphics,APU,INT UHD,0,2,2017,59,3,Y,Action,N
269950,Forts,30/03/2017,381,TRUE,901,Intel UHD Graphics,APU,INT UHD,0,2,2017,59,3,Y,Indie,N
269950,Forts,30/03/2017,381,TRUE,901,Intel UHD Graphics,APU,INT UHD,0,2,2017,59,3,Y,Adventure,N
269950,Forts,30/03/2017,381,TRUE,901,Intel UHD Graphics,APU,INT UHD,0,2,2017,59,3,Y,Simulation,Y
269950,Forts,30/03/2017,381,TRUE,901,Intel UHD Graphics,APU,INT UHD,0,2,2017,59,3,Y,RPG,N
269950,Forts,30/03/2017,381,TRUE,901,Intel UHD Graphics,APU,INT UHD,0,2,2017,59,3,Y,Strategy,N
269950,Forts,30/03/2017,381,TRUE,901,Intel UHD Graphics,APU,INT UHD,0,2,2017,59,3,Y,Free To Play,N
389430,Knight Online,25/01/2016,1421,FALSE,390,Radeon Vega 8,APU,R VEGA 8,0,2,2017,59,3,Y,Action,Y
389430,Knight Online,25/01/2016,1421,FALSE,390,Radeon Vega 8,APU,R VEGA 8,0,2,2017,59,3,Y,Indie,N
389430,Knight Online,25/01/2016,1421,FALSE,390,Radeon Vega 8,APU,R VEGA 8,0,2,2017,59,3,Y,Adventure,Y
389430,Knight Online,25/01/2016,1421,FALSE,390,Radeon Vega 8,APU,R VEGA 8,0,2,2017,59,3,Y,Simulation,N
389430,Knight Online,25/01/2016,1421,FALSE,390,Radeon Vega 8,APU,R VEGA 8,0,2,2017,59,3,Y,RPG,Y
389430,Knight Online,25/01/2016,1421,FALSE,390,Radeon Vega 8,APU,R VEGA 8,0,2,2017,59,3,Y,Strategy,N
389430,Knight Online,25/01/2016,1421,FALSE,390,Radeon Vega 8,APU,R VEGA 8,0,2,2017,59,3,Y,Free To Play,Y
960090,Bloons TD 6,17/12/2018,7489,TRUE,117,Radeon Vega 8,APU,R VEGA 8,0,2,2017,59,3,Y,Action,N
960090,Bloons TD 6,17/12/2018,7489,TRUE,117,Radeon Vega 8,APU,R VEGA 8,0,2,2017,59,3,Y,Indie,N
960090,Bloons TD 6,17/12/2018,7489,TRUE,117,Radeon Vega 8,APU,R VEGA 8,0,2,2017,59,3,Y,Adventure,N
960090,Bloons TD 6,17/12/2018,7489,TRUE,117,Radeon Vega 8,APU,R VEGA 8,0,2,2017,59,3,Y,Simulation,N
960090,Bloons TD 6,17/12/2018,7489,TRUE,117,Radeon Vega 8,APU,R VEGA 8,0,2,2017,59,3,Y,RPG,N
960090,Bloons TD 6,17/12/2018,7489,TRUE,117,Radeon Vega 8,APU,R VEGA 8,0,2,2017,59,3,Y,Strategy,Y
960090,Bloons TD 6,17/12/2018,7489,TRUE,117,Radeon Vega 8,APU,R VEGA 8,0,2,2017,59,3,Y,Free To Play,N
438040,Shakes and Fidget,24/02/2016,1389,TRUE,397,Radeon Vega 8,APU,R VEGA 8,0,2,2017,59,3,Y,Action,N
438040,Shakes and Fidget,24/02/2016,1389,TRUE,397,Radeon Vega 8,APU,R VEGA 8,0,2,2017,59,3,Y,Indie,Y
438040,Shakes and Fidget,24/02/2016,1389,TRUE,397,Radeon Vega 8,APU,R VEGA 8,0,2,2017,59,3,Y,Adventure,Y
438040,Shakes and Fidget,24/02/2016,1389,TRUE,397,Radeon Vega 8,APU,R VEGA 8,0,2,2017,59,3,Y,Simulation,N
438040,Shakes and Fidget,24/02/2016,1389,TRUE,397,Radeon Vega 8,APU,R VEGA 8,0,2,2017,59,3,Y,RPG,Y
438040,Shakes and Fidget,24/02/2016,1389,TRUE,397,Radeon Vega 8,APU,R VEGA 8,0,2,2017,59,3,Y,Strategy,Y
438040,Shakes and Fidget,24/02/2016,1389,TRUE,397,Radeon Vega 8,APU,R VEGA 8,0,2,2017,59,3,Y,Free To Play,Y
1562430,ｪ Warm Snow,30/03/2023,517,TRUE,747,Radeon Vega 8,APU,R VEGA 8,0,2,2017,59,3,Y,Action,N
1562430,ｪ Warm Snow,30/03/2023,517,TRUE,747,Radeon Vega 8,APU,R VEGA 8,0,2,2017,59,3,Y,Indie,N
1562430,ｪ Warm Snow,30/03/2023,517,TRUE,747,Radeon Vega 8,APU,R VEGA 8,0,2,2017,59,3,Y,Adventure,Y
1562430,ｪ Warm Snow,30/03/2023,517,TRUE,747,Radeon Vega 8,APU,R VEGA 8,0,2,2017,59,3,Y,Simulation,N
1562430,ｪ Warm Snow,30/03/2023,517,TRUE,747,Radeon Vega 8,APU,R VEGA 8,0,2,2017,59,3,Y,RPG,Y
1562430,ｪ Warm Snow,30/03/2023,517,TRUE,747,Radeon Vega 8,APU,R VEGA 8,0,2,2017,59,3,Y,Strategy,N
1562430,ｪ Warm Snow,30/03/2023,517,TRUE,747,Radeon Vega 8,APU,R VEGA 8,0,2,2017,59,3,Y,Free To Play,N
2784470,9 Kings,23/05/2025,6920,TRUE,124,Radeon Vega 8,APU,R VEGA 8,0,2,2017,59,3,Y,Action,N
2784470,9 Kings,23/05/2025,6920,TRUE,124,Radeon Vega 8,APU,R VEGA 8,0,2,2017,59,3,Y,Indie,N
2784470,9 Kings,23/05/2025,6920,TRUE,124,Radeon Vega 8,APU,R VEGA 8,0,2,2017,59,3,Y,Adventure,N
2784470,9 Kings,23/05/2025,6920,TRUE,124,Radeon Vega 8,APU,R VEGA 8,0,2,2017,59,3,Y,Simulation,N
2784470,9 Kings,23/05/2025,6920,TRUE,124,Radeon Vega 8,APU,R VEGA 8,0,2,2017,59,3,Y,RPG,Y
2784470,9 Kings,23/05/2025,6920,TRUE,124,Radeon Vega 8,APU,R VEGA 8,0,2,2017,59,3,Y,Strategy,Y
2784470,9 Kings,23/05/2025,6920,TRUE,124,Radeon Vega 8,APU,R VEGA 8,0,2,2017,59,3,Y,Free To Play,N
373420,FINAL FANTASY VII,27/10/2015,387,TRUE,890,Radeon Vega 8,APU,R VEGA 8,0,2,2017,59,3,Y,Action,N
373420,FINAL FANTASY VII,27/10/2015,387,TRUE,890,Radeon Vega 8,APU,R VEGA 8,0,2,2017,59,3,Y,Indie,Y
373420,FINAL FANTASY VII,27/10/2015,387,TRUE,890,Radeon Vega 8,APU,R VEGA 8,0,2,2017,59,3,Y,Adventure,Y
373420,FINAL FANTASY VII,27/10/2015,387,TRUE,890,Radeon Vega 8,APU,R VEGA 8,0,2,2017,59,3,Y,Simulation,N
373420,FINAL FANTASY VII,27/10/2015,387,TRUE,890,Radeon Vega 8,APU,R VEGA 8,0,2,2017,59,3,Y,RPG,Y
373420,FINAL FANTASY VII,27/10/2015,387,TRUE,890,Radeon Vega 8,APU,R VEGA 8,0,2,2017,59,3,Y,Strategy,Y
373420,FINAL FANTASY VII,27/10/2015,387,TRUE,890,Radeon Vega 8,APU,R VEGA 8,0,2,2017,59,3,Y,Free To Play,N
294100,RimWorld,17/10/2018,19211,TRUE,51,Intel UHD Graphics,APU,INT UHD,0,2,2017,59,3,Y,Action,N
294100,RimWorld,17/10/2018,19211,TRUE,51,Intel UHD Graphics,APU,INT UHD,0,2,2017,59,3,Y,Indie,Y
294100,RimWorld,17/10/2018,19211,TRUE,51,Intel UHD Graphics,APU,INT UHD,0,2,2017,59,3,Y,Adventure,N
294100,RimWorld,17/10/2018,19211,TRUE,51,Intel UHD Graphics,APU,INT UHD,0,2,2017,59,3,Y,Simulation,Y
294100,RimWorld,17/10/2018,19211,TRUE,51,Intel UHD Graphics,APU,INT UHD,0,2,2017,59,3,Y,RPG,N
294100,RimWorld,17/10/2018,19211,TRUE,51,Intel UHD Graphics,APU,INT UHD,0,2,2017,59,3,Y,Strategy,Y
294100,RimWorld,17/10/2018,19211,TRUE,51,Intel UHD Graphics,APU,INT UHD,0,2,2017,59,3,Y,Free To Play,N
433340,Slime Rancher,01/08/2017,858,TRUE,540,Radeon Vega 8,APU,R VEGA 8,0,2,2017,59,3,Y,Action,Y
433340,Slime Rancher,01/08/2017,858,TRUE,540,Radeon Vega 8,APU,R VEGA 8,0,2,2017,59,3,Y,Indie,Y
433340,Slime Rancher,01/08/2017,858,TRUE,540,Radeon Vega 8,APU,R VEGA 8,0,2,2017,59,3,Y,Adventure,Y
433340,Slime Rancher,01/08/2017,858,TRUE,540,Radeon Vega 8,APU,R VEGA 8,0,2,2017,59,3,Y,Simulation,Y
433340,Slime Rancher,01/08/2017,858,TRUE,540,Radeon Vega 8,APU,R VEGA 8,0,2,2017,59,3,Y,RPG,N
433340,Slime Rancher,01/08/2017,858,TRUE,540,Radeon Vega 8,APU,R VEGA 8,0,2,2017,59,3,Y,Strategy,N
433340,Slime Rancher,01/08/2017,858,TRUE,540,Radeon Vega 8,APU,R VEGA 8,0,2,2017,59,3,Y,Free To Play,N
960170,DJMAX RESPECT V,11/03/2020,854,FALSE,542,Radeon Vega 8,APU,R VEGA 8,0,2,2017,59,3,Y,Action,Y
960170,DJMAX RESPECT V,11/03/2020,854,FALSE,542,Radeon Vega 8,APU,R VEGA 8,0,2,2017,59,3,Y,Indie,N
960170,DJMAX RESPECT V,11/03/2020,854,FALSE,542,Radeon Vega 8,APU,R VEGA 8,0,2,2017,59,3,Y,Adventure,N
960170,DJMAX RESPECT V,11/03/2020,854,FALSE,542,Radeon Vega 8,APU,R VEGA 8,0,2,2017,59,3,Y,Simulation,N
960170,DJMAX RESPECT V,11/03/2020,854,FALSE,542,Radeon Vega 8,APU,R VEGA 8,0,2,2017,59,3,Y,RPG,N
960170,DJMAX RESPECT V,11/03/2020,854,FALSE,542,Radeon Vega 8,APU,R VEGA 8,0,2,2017,59,3,Y,Strategy,N
960170,DJMAX RESPECT V,11/03/2020,854,FALSE,542,Radeon Vega 8,APU,R VEGA 8,0,2,2017,59,3,Y,Free To Play,N
1718570,ASTLIBRA Revision,13/10/2022,742,FALSE,586,Radeon Vega 8,APU,R VEGA 8,0,2,2017,59,3,Y,Action,Y
1718570,ASTLIBRA Revision,13/10/2022,742,FALSE,586,Radeon Vega 8,APU,R VEGA 8,0,2,2017,59,3,Y,Indie,N
1718570,ASTLIBRA Revision,13/10/2022,742,FALSE,586,Radeon Vega 8,APU,R VEGA 8,0,2,2017,59,3,Y,Adventure,Y
1718570,ASTLIBRA Revision,13/10/2022,742,FALSE,586,Radeon Vega 8,APU,R VEGA 8,0,2,2017,59,3,Y,Simulation,N
1718570,ASTLIBRA Revision,13/10/2022,742,FALSE,586,Radeon Vega 8,APU,R VEGA 8,0,2,2017,59,3,Y,RPG,Y
1718570,ASTLIBRA Revision,13/10/2022,742,FALSE,586,Radeon Vega 8,APU,R VEGA 8,0,2,2017,59,3,Y,Strategy,N
1718570,ASTLIBRA Revision,13/10/2022,742,FALSE,586,Radeon Vega 8,APU,R VEGA 8,0,2,2017,59,3,Y,Free To Play,N
444200,World of Tanks Blitz,09/11/2016,5707,TRUE,141,Radeon Vega 8,APU,R VEGA 8,0,2,2017,59,3,Y,Action,Y
444200,World of Tanks Blitz,09/11/2016,5707,TRUE,141,Radeon Vega 8,APU,R VEGA 8,0,2,2017,59,3,Y,Indie,N
444200,World of Tanks Blitz,09/11/2016,5707,TRUE,141,Radeon Vega 8,APU,R VEGA 8,0,2,2017,59,3,Y,Adventure,N
444200,World of Tanks Blitz,09/11/2016,5707,TRUE,141,Radeon Vega 8,APU,R VEGA 8,0,2,2017,59,3,Y,Simulation,Y
444200,World of Tanks Blitz,09/11/2016,5707,TRUE,141,Radeon Vega 8,APU,R VEGA 8,0,2,2017,59,3,Y,RPG,N
444200,World of Tanks Blitz,09/11/2016,5707,TRUE,141,Radeon Vega 8,APU,R VEGA 8,0,2,2017,59,3,Y,Strategy,Y
444200,World of Tanks Blitz,09/11/2016,5707,TRUE,141,Radeon Vega 8,APU,R VEGA 8,0,2,2017,59,3,Y,Free To Play,Y
670290,Real Pool 3D - Poolians,04/01/2018,911,FALSE,524,Radeon Vega 8,APU,R VEGA 8,0,2,2017,59,3,Y,Action,Y
670290,Real Pool 3D - Poolians,04/01/2018,911,FALSE,524,Radeon Vega 8,APU,R VEGA 8,0,2,2017,59,3,Y,Indie,Y
670290,Real Pool 3D - Poolians,04/01/2018,911,FALSE,524,Radeon Vega 8,APU,R VEGA 8,0,2,2017,59,3,Y,Adventure,N
670290,Real Pool 3D - Poolians,04/01/2018,911,FALSE,524,Radeon Vega 8,APU,R VEGA 8,0,2,2017,59,3,Y,Simulation,Y
670290,Real Pool 3D - Poolians,04/01/2018,911,FALSE,524,Radeon Vega 8,APU,R VEGA 8,0,2,2017,59,3,Y,RPG,N
670290,Real Pool 3D - Poolians,04/01/2018,911,FALSE,524,Radeon Vega 8,APU,R VEGA 8,0,2,2017,59,3,Y,Strategy,Y
670290,Real Pool 3D - Poolians,04/01/2018,911,FALSE,524,Radeon Vega 8,APU,R VEGA 8,0,2,2017,59,3,Y,Free To Play,Y
975370,Dwarf Fortress,06/12/2022,915,FALSE,521,Intel UHD Graphics,APU,INT UHD,0,2,2017,59,3,Y,Action,N
975370,Dwarf Fortress,06/12/2022,915,FALSE,521,Intel UHD Graphics,APU,INT UHD,0,2,2017,59,3,Y,Indie,Y
975370,Dwarf Fortress,06/12/2022,915,FALSE,521,Intel UHD Graphics,APU,INT UHD,0,2,2017,59,3,Y,Adventure,N
975370,Dwarf Fortress,06/12/2022,915,FALSE,521,Intel UHD Graphics,APU,INT UHD,0,2,2017,59,3,Y,Simulation,Y
975370,Dwarf Fortress,06/12/2022,915,FALSE,521,Intel UHD Graphics,APU,INT UHD,0,2,2017,59,3,Y,RPG,N
975370,Dwarf Fortress,06/12/2022,915,FALSE,521,Intel UHD Graphics,APU,INT UHD,0,2,2017,59,3,Y,Strategy,Y
975370,Dwarf Fortress,06/12/2022,915,FALSE,521,Intel UHD Graphics,APU,INT UHD,0,2,2017,59,3,Y,Free To Play,N
10180,OCTOPATH TRAVELER II,11/11/2009,399,TRUE,880,GTX 780,Top,GF7,3,25,2013,649,3,N,Action,Y
10180,OCTOPATH TRAVELER II,11/11/2009,399,TRUE,880,GTX 780,Top,GF7,3,25,2013,649,3,N,Indie,N
10180,OCTOPATH TRAVELER II,11/11/2009,399,TRUE,880,GTX 780,Top,GF7,3,25,2013,649,3,N,Adventure,N
10180,OCTOPATH TRAVELER II,11/11/2009,399,TRUE,880,GTX 780,Top,GF7,3,25,2013,649,3,N,Simulation,N
10180,OCTOPATH TRAVELER II,11/11/2009,399,TRUE,880,GTX 780,Top,GF7,3,25,2013,649,3,N,RPG,N
10180,OCTOPATH TRAVELER II,11/11/2009,399,TRUE,880,GTX 780,Top,GF7,3,25,2013,649,3,N,Strategy,N
10180,OCTOPATH TRAVELER II,11/11/2009,399,TRUE,880,GTX 780,Top,GF7,3,25,2013,649,3,N,Free To Play,N
463530,Call of Duty: Modern Warfare 2 (2009),07/06/2024,399,TRUE,880,Radeon Vega 8,APU,R VEGA 8,0,2,2017,59,3,Y,Action,N
463530,Call of Duty: Modern Warfare 2 (2009),07/06/2024,399,TRUE,880,Radeon Vega 8,APU,R VEGA 8,0,2,2017,59,3,Y,Indie,N
463530,Call of Duty: Modern Warfare 2 (2009),07/06/2024,399,TRUE,880,Radeon Vega 8,APU,R VEGA 8,0,2,2017,59,3,Y,Adventure,N
463530,Call of Duty: Modern Warfare 2 (2009),07/06/2024,399,TRUE,880,Radeon Vega 8,APU,R VEGA 8,0,2,2017,59,3,Y,Simulation,Y
463530,Call of Duty: Modern Warfare 2 (2009),07/06/2024,399,TRUE,880,Radeon Vega 8,APU,R VEGA 8,0,2,2017,59,3,Y,RPG,N
463530,Call of Duty: Modern Warfare 2 (2009),07/06/2024,399,TRUE,880,Radeon Vega 8,APU,R VEGA 8,0,2,2017,59,3,Y,Strategy,Y
463530,Call of Duty: Modern Warfare 2 (2009),07/06/2024,399,TRUE,880,Radeon Vega 8,APU,R VEGA 8,0,2,2017,59,3,Y,Free To Play,N
663090,Granado Espada,15/10/2017,1313,FALSE,414,Radeon Vega 8,APU,R VEGA 8,0,2,2017,59,3,Y,Action,N
663090,Granado Espada,15/10/2017,1313,FALSE,414,Radeon Vega 8,APU,R VEGA 8,0,2,2017,59,3,Y,Indie,N
663090,Granado Espada,15/10/2017,1313,FALSE,414,Radeon Vega 8,APU,R VEGA 8,0,2,2017,59,3,Y,Adventure,N
663090,Granado Espada,15/10/2017,1313,FALSE,414,Radeon Vega 8,APU,R VEGA 8,0,2,2017,59,3,Y,Simulation,N
663090,Granado Espada,15/10/2017,1313,FALSE,414,Radeon Vega 8,APU,R VEGA 8,0,2,2017,59,3,Y,RPG,Y
663090,Granado Espada,15/10/2017,1313,FALSE,414,Radeon Vega 8,APU,R VEGA 8,0,2,2017,59,3,Y,Strategy,N
663090,Granado Espada,15/10/2017,1313,FALSE,414,Radeon Vega 8,APU,R VEGA 8,0,2,2017,59,3,Y,Free To Play,Y
1244090,Necesse,28/08/2023,509,FALSE,755,Radeon Vega 8,APU,R VEGA 8,0,2,2017,59,3,Y,Action,N
1244090,Necesse,28/08/2023,509,FALSE,755,Radeon Vega 8,APU,R VEGA 8,0,2,2017,59,3,Y,Indie,Y
1244090,Necesse,28/08/2023,509,FALSE,755,Radeon Vega 8,APU,R VEGA 8,0,2,2017,59,3,Y,Adventure,Y
1244090,Necesse,28/08/2023,509,FALSE,755,Radeon Vega 8,APU,R VEGA 8,0,2,2017,59,3,Y,Simulation,N
1244090,Necesse,28/08/2023,509,FALSE,755,Radeon Vega 8,APU,R VEGA 8,0,2,2017,59,3,Y,RPG,Y
1244090,Necesse,28/08/2023,509,FALSE,755,Radeon Vega 8,APU,R VEGA 8,0,2,2017,59,3,Y,Strategy,N
1244090,Necesse,28/08/2023,509,FALSE,755,Radeon Vega 8,APU,R VEGA 8,0,2,2017,59,3,Y,Free To Play,N
1169040,War Selection,16/10/2025,507,TRUE,757,Radeon Vega 8,APU,R VEGA 8,0,2,2017,59,3,Y,Action,Y
1169040,War Selection,16/10/2025,507,TRUE,757,Radeon Vega 8,APU,R VEGA 8,0,2,2017,59,3,Y,Indie,Y
1169040,War Selection,16/10/2025,507,TRUE,757,Radeon Vega 8,APU,R VEGA 8,0,2,2017,59,3,Y,Adventure,Y
1169040,War Selection,16/10/2025,507,TRUE,757,Radeon Vega 8,APU,R VEGA 8,0,2,2017,59,3,Y,Simulation,N
1169040,War Selection,16/10/2025,507,TRUE,757,Radeon Vega 8,APU,R VEGA 8,0,2,2017,59,3,Y,RPG,Y
1169040,War Selection,16/10/2025,507,TRUE,757,Radeon Vega 8,APU,R VEGA 8,0,2,2017,59,3,Y,Strategy,N
1169040,War Selection,16/10/2025,507,TRUE,757,Radeon Vega 8,APU,R VEGA 8,0,2,2017,59,3,Y,Free To Play,N
246620,Plague Inc: Evolved,18/02/2016,1494,TRUE,372,Radeon Vega 8,APU,R VEGA 8,0,2,2017,59,3,Y,Action,N
246620,Plague Inc: Evolved,18/02/2016,1494,TRUE,372,Radeon Vega 8,APU,R VEGA 8,0,2,2017,59,3,Y,Indie,Y
246620,Plague Inc: Evolved,18/02/2016,1494,TRUE,372,Radeon Vega 8,APU,R VEGA 8,0,2,2017,59,3,Y,Adventure,N
246620,Plague Inc: Evolved,18/02/2016,1494,TRUE,372,Radeon Vega 8,APU,R VEGA 8,0,2,2017,59,3,Y,Simulation,Y
246620,Plague Inc: Evolved,18/02/2016,1494,TRUE,372,Radeon Vega 8,APU,R VEGA 8,0,2,2017,59,3,Y,RPG,N
246620,Plague Inc: Evolved,18/02/2016,1494,TRUE,372,Radeon Vega 8,APU,R VEGA 8,0,2,2017,59,3,Y,Strategy,Y
246620,Plague Inc: Evolved,18/02/2016,1494,TRUE,372,Radeon Vega 8,APU,R VEGA 8,0,2,2017,59,3,Y,Free To Play,N
1222670,The Sims 4,18/06/2020,25276,FALSE,39,Radeon Vega 8,APU,R VEGA 8,0,2,2017,59,3,Y,Action,N
1222670,The Sims 4,18/06/2020,25276,FALSE,39,Radeon Vega 8,APU,R VEGA 8,0,2,2017,59,3,Y,Indie,N
1222670,The Sims 4,18/06/2020,25276,FALSE,39,Radeon Vega 8,APU,R VEGA 8,0,2,2017,59,3,Y,Adventure,Y
1222670,The Sims 4,18/06/2020,25276,FALSE,39,Radeon Vega 8,APU,R VEGA 8,0,2,2017,59,3,Y,Simulation,Y
1222670,The Sims 4,18/06/2020,25276,FALSE,39,Radeon Vega 8,APU,R VEGA 8,0,2,2017,59,3,Y,RPG,N
1222670,The Sims 4,18/06/2020,25276,FALSE,39,Radeon Vega 8,APU,R VEGA 8,0,2,2017,59,3,Y,Strategy,N
1222670,The Sims 4,18/06/2020,25276,FALSE,39,Radeon Vega 8,APU,R VEGA 8,0,2,2017,59,3,Y,Free To Play,Y
477160,Human Fall Flat,22/07/2016,950,TRUE,509,Radeon Vega 8,APU,R VEGA 8,0,2,2017,59,3,Y,Action,N
477160,Human Fall Flat,22/07/2016,950,TRUE,509,Radeon Vega 8,APU,R VEGA 8,0,2,2017,59,3,Y,Indie,Y
477160,Human Fall Flat,22/07/2016,950,TRUE,509,Radeon Vega 8,APU,R VEGA 8,0,2,2017,59,3,Y,Adventure,Y
477160,Human Fall Flat,22/07/2016,950,TRUE,509,Radeon Vega 8,APU,R VEGA 8,0,2,2017,59,3,Y,Simulation,Y
477160,Human Fall Flat,22/07/2016,950,TRUE,509,Radeon Vega 8,APU,R VEGA 8,0,2,2017,59,3,Y,RPG,N
477160,Human Fall Flat,22/07/2016,950,TRUE,509,Radeon Vega 8,APU,R VEGA 8,0,2,2017,59,3,Y,Strategy,N
477160,Human Fall Flat,22/07/2016,950,TRUE,509,Radeon Vega 8,APU,R VEGA 8,0,2,2017,59,3,Y,Free To Play,N
774361,Banished,10/09/2019,479,TRUE,793,Radeon Vega 8,APU,R VEGA 8,0,2,2017,59,3,Y,Action,Y
774361,Banished,10/09/2019,479,TRUE,793,Radeon Vega 8,APU,R VEGA 8,0,2,2017,59,3,Y,Indie,Y
774361,Banished,10/09/2019,479,TRUE,793,Radeon Vega 8,APU,R VEGA 8,0,2,2017,59,3,Y,Adventure,Y
774361,Banished,10/09/2019,479,TRUE,793,Radeon Vega 8,APU,R VEGA 8,0,2,2017,59,3,Y,Simulation,N
774361,Banished,10/09/2019,479,TRUE,793,Radeon Vega 8,APU,R VEGA 8,0,2,2017,59,3,Y,RPG,N
774361,Banished,10/09/2019,479,TRUE,793,Radeon Vega 8,APU,R VEGA 8,0,2,2017,59,3,Y,Strategy,N
774361,Banished,10/09/2019,479,TRUE,793,Radeon Vega 8,APU,R VEGA 8,0,2,2017,59,3,Y,Free To Play,N
3188910,Clicker Cuties - Anime Idler,03/12/2024,28258,TRUE,33,Radeon Vega 8,APU,R VEGA 8,0,2,2017,59,3,Y,Action,N
3188910,Clicker Cuties - Anime Idler,03/12/2024,28258,TRUE,33,Radeon Vega 8,APU,R VEGA 8,0,2,2017,59,3,Y,Indie,Y
3188910,Clicker Cuties - Anime Idler,03/12/2024,28258,TRUE,33,Radeon Vega 8,APU,R VEGA 8,0,2,2017,59,3,Y,Adventure,N
3188910,Clicker Cuties - Anime Idler,03/12/2024,28258,TRUE,33,Radeon Vega 8,APU,R VEGA 8,0,2,2017,59,3,Y,Simulation,Y
3188910,Clicker Cuties - Anime Idler,03/12/2024,28258,TRUE,33,Radeon Vega 8,APU,R VEGA 8,0,2,2017,59,3,Y,RPG,Y
3188910,Clicker Cuties - Anime Idler,03/12/2024,28258,TRUE,33,Radeon Vega 8,APU,R VEGA 8,0,2,2017,59,3,Y,Strategy,N
3188910,Clicker Cuties - Anime Idler,03/12/2024,28258,TRUE,33,Radeon Vega 8,APU,R VEGA 8,0,2,2017,59,3,Y,Free To Play,Y
242760,The Forest,30/04/2018,2892,FALSE,234,Radeon Vega 8,APU,R VEGA 8,0,2,2017,59,3,Y,Action,Y
242760,The Forest,30/04/2018,2892,FALSE,234,Radeon Vega 8,APU,R VEGA 8,0,2,2017,59,3,Y,Indie,Y
242760,The Forest,30/04/2018,2892,FALSE,234,Radeon Vega 8,APU,R VEGA 8,0,2,2017,59,3,Y,Adventure,Y
242760,The Forest,30/04/2018,2892,FALSE,234,Radeon Vega 8,APU,R VEGA 8,0,2,2017,59,3,Y,Simulation,Y
242760,The Forest,30/04/2018,2892,FALSE,234,Radeon Vega 8,APU,R VEGA 8,0,2,2017,59,3,Y,RPG,N
242760,The Forest,30/04/2018,2892,FALSE,234,Radeon Vega 8,APU,R VEGA 8,0,2,2017,59,3,Y,Strategy,N
242760,The Forest,30/04/2018,2892,FALSE,234,Radeon Vega 8,APU,R VEGA 8,0,2,2017,59,3,Y,Free To Play,N
1263850,Football Manager 2021,24/11/2020,1122,TRUE,459,Radeon Vega 8,APU,R VEGA 8,0,2,2017,59,3,Y,Action,N
1263850,Football Manager 2021,24/11/2020,1122,TRUE,459,Radeon Vega 8,APU,R VEGA 8,0,2,2017,59,3,Y,Indie,N
1263850,Football Manager 2021,24/11/2020,1122,TRUE,459,Radeon Vega 8,APU,R VEGA 8,0,2,2017,59,3,Y,Adventure,N
1263850,Football Manager 2021,24/11/2020,1122,TRUE,459,Radeon Vega 8,APU,R VEGA 8,0,2,2017,59,3,Y,Simulation,Y
1263850,Football Manager 2021,24/11/2020,1122,TRUE,459,Radeon Vega 8,APU,R VEGA 8,0,2,2017,59,3,Y,RPG,N
1263850,Football Manager 2021,24/11/2020,1122,TRUE,459,Radeon Vega 8,APU,R VEGA 8,0,2,2017,59,3,Y,Strategy,N
1263850,Football Manager 2021,24/11/2020,1122,TRUE,459,Radeon Vega 8,APU,R VEGA 8,0,2,2017,59,3,Y,Free To Play,N
1782210,Crab Game,29/10/2021,2921,TRUE,233,Radeon Vega 8,APU,R VEGA 8,0,2,2017,59,3,Y,Action,Y
1782210,Crab Game,29/10/2021,2921,TRUE,233,Radeon Vega 8,APU,R VEGA 8,0,2,2017,59,3,Y,Indie,Y
1782210,Crab Game,29/10/2021,2921,TRUE,233,Radeon Vega 8,APU,R VEGA 8,0,2,2017,59,3,Y,Adventure,N
1782210,Crab Game,29/10/2021,2921,TRUE,233,Radeon Vega 8,APU,R VEGA 8,0,2,2017,59,3,Y,Simulation,N
1782210,Crab Game,29/10/2021,2921,TRUE,233,Radeon Vega 8,APU,R VEGA 8,0,2,2017,59,3,Y,RPG,N
1782210,Crab Game,29/10/2021,2921,TRUE,233,Radeon Vega 8,APU,R VEGA 8,0,2,2017,59,3,Y,Strategy,N
1782210,Crab Game,29/10/2021,2921,TRUE,233,Radeon Vega 8,APU,R VEGA 8,0,2,2017,59,3,Y,Free To Play,Y
322330,Don't Starve Together,21/04/2016,30542,TRUE,30,Radeon Vega 8,APU,R VEGA 8,0,2,2017,59,3,Y,Action,Y
322330,Don't Starve Together,21/04/2016,30542,TRUE,30,Radeon Vega 8,APU,R VEGA 8,0,2,2017,59,3,Y,Indie,Y
322330,Don't Starve Together,21/04/2016,30542,TRUE,30,Radeon Vega 8,APU,R VEGA 8,0,2,2017,59,3,Y,Adventure,Y
322330,Don't Starve Together,21/04/2016,30542,TRUE,30,Radeon Vega 8,APU,R VEGA 8,0,2,2017,59,3,Y,Simulation,Y
322330,Don't Starve Together,21/04/2016,30542,TRUE,30,Radeon Vega 8,APU,R VEGA 8,0,2,2017,59,3,Y,RPG,Y
322330,Don't Starve Together,21/04/2016,30542,TRUE,30,Radeon Vega 8,APU,R VEGA 8,0,2,2017,59,3,Y,Strategy,Y
322330,Don't Starve Together,21/04/2016,30542,TRUE,30,Radeon Vega 8,APU,R VEGA 8,0,2,2017,59,3,Y,Free To Play,N
3511030,Mini Cozy Room: Lo-Fi,30/03/2025,821,FALSE,556,Radeon Vega 8,APU,R VEGA 8,0,2,2017,59,3,Y,Action,N
3511030,Mini Cozy Room: Lo-Fi,30/03/2025,821,FALSE,556,Radeon Vega 8,APU,R VEGA 8,0,2,2017,59,3,Y,Indie,Y
3511030,Mini Cozy Room: Lo-Fi,30/03/2025,821,FALSE,556,Radeon Vega 8,APU,R VEGA 8,0,2,2017,59,3,Y,Adventure,N
3511030,Mini Cozy Room: Lo-Fi,30/03/2025,821,FALSE,556,Radeon Vega 8,APU,R VEGA 8,0,2,2017,59,3,Y,Simulation,N
3511030,Mini Cozy Room: Lo-Fi,30/03/2025,821,FALSE,556,Radeon Vega 8,APU,R VEGA 8,0,2,2017,59,3,Y,RPG,N
3511030,Mini Cozy Room: Lo-Fi,30/03/2025,821,FALSE,556,Radeon Vega 8,APU,R VEGA 8,0,2,2017,59,3,Y,Strategy,N
3511030,Mini Cozy Room: Lo-Fi,30/03/2025,821,FALSE,556,Radeon Vega 8,APU,R VEGA 8,0,2,2017,59,3,Y,Free To Play,N
397900,Business Tour - Board Game with Online Multiplayer,27/07/2017,809,TRUE,557,Radeon Vega 8,APU,R VEGA 8,0,2,2017,59,3,Y,Action,N
397900,Business Tour - Board Game with Online Multiplayer,27/07/2017,809,TRUE,557,Radeon Vega 8,APU,R VEGA 8,0,2,2017,59,3,Y,Indie,Y
397900,Business Tour - Board Game with Online Multiplayer,27/07/2017,809,TRUE,557,Radeon Vega 8,APU,R VEGA 8,0,2,2017,59,3,Y,Adventure,Y
397900,Business Tour - Board Game with Online Multiplayer,27/07/2017,809,TRUE,557,Radeon Vega 8,APU,R VEGA 8,0,2,2017,59,3,Y,Simulation,Y
397900,Business Tour - Board Game with Online Multiplayer,27/07/2017,809,TRUE,557,Radeon Vega 8,APU,R VEGA 8,0,2,2017,59,3,Y,RPG,N
397900,Business Tour - Board Game with Online Multiplayer,27/07/2017,809,TRUE,557,Radeon Vega 8,APU,R VEGA 8,0,2,2017,59,3,Y,Strategy,Y
397900,Business Tour - Board Game with Online Multiplayer,27/07/2017,809,TRUE,557,Radeon Vega 8,APU,R VEGA 8,0,2,2017,59,3,Y,Free To Play,Y
264710,Subnautica,23/01/2018,2719,TRUE,245,Radeon Vega 8,APU,R VEGA 8,0,2,2017,59,3,Y,Action,N
264710,Subnautica,23/01/2018,2719,TRUE,245,Radeon Vega 8,APU,R VEGA 8,0,2,2017,59,3,Y,Indie,Y
264710,Subnautica,23/01/2018,2719,TRUE,245,Radeon Vega 8,APU,R VEGA 8,0,2,2017,59,3,Y,Adventure,Y
264710,Subnautica,23/01/2018,2719,TRUE,245,Radeon Vega 8,APU,R VEGA 8,0,2,2017,59,3,Y,Simulation,N
264710,Subnautica,23/01/2018,2719,TRUE,245,Radeon Vega 8,APU,R VEGA 8,0,2,2017,59,3,Y,RPG,N
264710,Subnautica,23/01/2018,2719,TRUE,245,Radeon Vega 8,APU,R VEGA 8,0,2,2017,59,3,Y,Strategy,N
264710,Subnautica,23/01/2018,2719,TRUE,245,Radeon Vega 8,APU,R VEGA 8,0,2,2017,59,3,Y,Free To Play,N
329110,Gems of War - Puzzle RPG,20/11/2014,2002,FALSE,305,Radeon Vega 8,APU,R VEGA 8,0,2,2017,59,3,Y,Action,Y
329110,Gems of War - Puzzle RPG,20/11/2014,2002,FALSE,305,Radeon Vega 8,APU,R VEGA 8,0,2,2017,59,3,Y,Indie,N
329110,Gems of War - Puzzle RPG,20/11/2014,2002,FALSE,305,Radeon Vega 8,APU,R VEGA 8,0,2,2017,59,3,Y,Adventure,Y
329110,Gems of War - Puzzle RPG,20/11/2014,2002,FALSE,305,Radeon Vega 8,APU,R VEGA 8,0,2,2017,59,3,Y,Simulation,N
329110,Gems of War - Puzzle RPG,20/11/2014,2002,FALSE,305,Radeon Vega 8,APU,R VEGA 8,0,2,2017,59,3,Y,RPG,Y
329110,Gems of War - Puzzle RPG,20/11/2014,2002,FALSE,305,Radeon Vega 8,APU,R VEGA 8,0,2,2017,59,3,Y,Strategy,Y
329110,Gems of War - Puzzle RPG,20/11/2014,2002,FALSE,305,Radeon Vega 8,APU,R VEGA 8,0,2,2017,59,3,Y,Free To Play,Y
305620,The Long Dark,01/08/2017,2575,TRUE,254,Radeon Vega 8,APU,R VEGA 8,0,2,2017,59,3,Y,Action,N
305620,The Long Dark,01/08/2017,2575,TRUE,254,Radeon Vega 8,APU,R VEGA 8,0,2,2017,59,3,Y,Indie,Y
305620,The Long Dark,01/08/2017,2575,TRUE,254,Radeon Vega 8,APU,R VEGA 8,0,2,2017,59,3,Y,Adventure,Y
305620,The Long Dark,01/08/2017,2575,TRUE,254,Radeon Vega 8,APU,R VEGA 8,0,2,2017,59,3,Y,Simulation,Y
305620,The Long Dark,01/08/2017,2575,TRUE,254,Radeon Vega 8,APU,R VEGA 8,0,2,2017,59,3,Y,RPG,N
305620,The Long Dark,01/08/2017,2575,TRUE,254,Radeon Vega 8,APU,R VEGA 8,0,2,2017,59,3,Y,Strategy,Y
305620,The Long Dark,01/08/2017,2575,TRUE,254,Radeon Vega 8,APU,R VEGA 8,0,2,2017,59,3,Y,Free To Play,N
588650,Dead Cells,06/08/2018,2559,TRUE,256,Radeon Vega 8,APU,R VEGA 8,0,2,2017,59,3,Y,Action,Y
588650,Dead Cells,06/08/2018,2559,TRUE,256,Radeon Vega 8,APU,R VEGA 8,0,2,2017,59,3,Y,Indie,Y
588650,Dead Cells,06/08/2018,2559,TRUE,256,Radeon Vega 8,APU,R VEGA 8,0,2,2017,59,3,Y,Adventure,Y
588650,Dead Cells,06/08/2018,2559,TRUE,256,Radeon Vega 8,APU,R VEGA 8,0,2,2017,59,3,Y,Simulation,N
588650,Dead Cells,06/08/2018,2559,TRUE,256,Radeon Vega 8,APU,R VEGA 8,0,2,2017,59,3,Y,RPG,N
588650,Dead Cells,06/08/2018,2559,TRUE,256,Radeon Vega 8,APU,R VEGA 8,0,2,2017,59,3,Y,Strategy,N
588650,Dead Cells,06/08/2018,2559,TRUE,256,Radeon Vega 8,APU,R VEGA 8,0,2,2017,59,3,Y,Free To Play,N
236110,Spyro Reignited Trilogy,20/06/2017,351,FALSE,942,Radeon Vega 8,APU,R VEGA 8,0,2,2017,59,3,Y,Action,Y
236110,Spyro Reignited Trilogy,20/06/2017,351,FALSE,942,Radeon Vega 8,APU,R VEGA 8,0,2,2017,59,3,Y,Indie,Y
236110,Spyro Reignited Trilogy,20/06/2017,351,FALSE,942,Radeon Vega 8,APU,R VEGA 8,0,2,2017,59,3,Y,Adventure,N
236110,Spyro Reignited Trilogy,20/06/2017,351,FALSE,942,Radeon Vega 8,APU,R VEGA 8,0,2,2017,59,3,Y,Simulation,N
236110,Spyro Reignited Trilogy,20/06/2017,351,FALSE,942,Radeon Vega 8,APU,R VEGA 8,0,2,2017,59,3,Y,RPG,Y
236110,Spyro Reignited Trilogy,20/06/2017,351,FALSE,942,Radeon Vega 8,APU,R VEGA 8,0,2,2017,59,3,Y,Strategy,Y
236110,Spyro Reignited Trilogy,20/06/2017,351,FALSE,942,Radeon Vega 8,APU,R VEGA 8,0,2,2017,59,3,Y,Free To Play,Y
377840,Better Mart Simulator,14/04/2016,351,FALSE,942,Radeon Vega 8,APU,R VEGA 8,0,2,2017,59,3,Y,Action,N
377840,Better Mart Simulator,14/04/2016,351,FALSE,942,Radeon Vega 8,APU,R VEGA 8,0,2,2017,59,3,Y,Indie,N
377840,Better Mart Simulator,14/04/2016,351,FALSE,942,Radeon Vega 8,APU,R VEGA 8,0,2,2017,59,3,Y,Adventure,N
377840,Better Mart Simulator,14/04/2016,351,FALSE,942,Radeon Vega 8,APU,R VEGA 8,0,2,2017,59,3,Y,Simulation,N
377840,Better Mart Simulator,14/04/2016,351,FALSE,942,Radeon Vega 8,APU,R VEGA 8,0,2,2017,59,3,Y,RPG,Y
377840,Better Mart Simulator,14/04/2016,351,FALSE,942,Radeon Vega 8,APU,R VEGA 8,0,2,2017,59,3,Y,Strategy,N
377840,Better Mart Simulator,14/04/2016,351,FALSE,942,Radeon Vega 8,APU,R VEGA 8,0,2,2017,59,3,Y,Free To Play,N
504230,Celeste,25/01/2018,1174,TRUE,444,Intel UHD Graphics,APU,INT UHD,0,2,2017,59,3,Y,Action,Y
504230,Celeste,25/01/2018,1174,TRUE,444,Intel UHD Graphics,APU,INT UHD,0,2,2017,59,3,Y,Indie,Y
504230,Celeste,25/01/2018,1174,TRUE,444,Intel UHD Graphics,APU,INT UHD,0,2,2017,59,3,Y,Adventure,Y
504230,Celeste,25/01/2018,1174,TRUE,444,Intel UHD Graphics,APU,INT UHD,0,2,2017,59,3,Y,Simulation,N
504230,Celeste,25/01/2018,1174,TRUE,444,Intel UHD Graphics,APU,INT UHD,0,2,2017,59,3,Y,RPG,N
504230,Celeste,25/01/2018,1174,TRUE,444,Intel UHD Graphics,APU,INT UHD,0,2,2017,59,3,Y,Strategy,N
504230,Celeste,25/01/2018,1174,TRUE,444,Intel UHD Graphics,APU,INT UHD,0,2,2017,59,3,Y,Free To Play,N
386940,GROUND BRANCH,04/03/2016,350,TRUE,946,Radeon Vega 8,APU,R VEGA 8,0,2,2017,59,3,Y,Action,Y
386940,GROUND BRANCH,04/03/2016,350,TRUE,946,Radeon Vega 8,APU,R VEGA 8,0,2,2017,59,3,Y,Indie,Y
386940,GROUND BRANCH,04/03/2016,350,TRUE,946,Radeon Vega 8,APU,R VEGA 8,0,2,2017,59,3,Y,Adventure,N
386940,GROUND BRANCH,04/03/2016,350,TRUE,946,Radeon Vega 8,APU,R VEGA 8,0,2,2017,59,3,Y,Simulation,N
386940,GROUND BRANCH,04/03/2016,350,TRUE,946,Radeon Vega 8,APU,R VEGA 8,0,2,2017,59,3,Y,RPG,N
386940,GROUND BRANCH,04/03/2016,350,TRUE,946,Radeon Vega 8,APU,R VEGA 8,0,2,2017,59,3,Y,Strategy,N
386940,GROUND BRANCH,04/03/2016,350,TRUE,946,Radeon Vega 8,APU,R VEGA 8,0,2,2017,59,3,Y,Free To Play,N
1017900,Panzer Corps 2,19/08/2019,559,FALSE,709,Radeon Vega 8,APU,R VEGA 8,0,2,2017,59,3,Y,Action,N
1017900,Panzer Corps 2,19/08/2019,559,FALSE,709,Radeon Vega 8,APU,R VEGA 8,0,2,2017,59,3,Y,Indie,N
1017900,Panzer Corps 2,19/08/2019,559,FALSE,709,Radeon Vega 8,APU,R VEGA 8,0,2,2017,59,3,Y,Adventure,N
1017900,Panzer Corps 2,19/08/2019,559,FALSE,709,Radeon Vega 8,APU,R VEGA 8,0,2,2017,59,3,Y,Simulation,N
1017900,Panzer Corps 2,19/08/2019,559,FALSE,709,Radeon Vega 8,APU,R VEGA 8,0,2,2017,59,3,Y,RPG,N
1017900,Panzer Corps 2,19/08/2019,559,FALSE,709,Radeon Vega 8,APU,R VEGA 8,0,2,2017,59,3,Y,Strategy,Y
1017900,Panzer Corps 2,19/08/2019,559,FALSE,709,Radeon Vega 8,APU,R VEGA 8,0,2,2017,59,3,Y,Free To Play,N
268650,Age of History 3,06/11/2020,482,TRUE,789,Radeon Vega 8,APU,R VEGA 8,0,2,2017,59,3,Y,Action,Y
268650,Age of History 3,06/11/2020,482,TRUE,789,Radeon Vega 8,APU,R VEGA 8,0,2,2017,59,3,Y,Indie,Y
268650,Age of History 3,06/11/2020,482,TRUE,789,Radeon Vega 8,APU,R VEGA 8,0,2,2017,59,3,Y,Adventure,Y
268650,Age of History 3,06/11/2020,482,TRUE,789,Radeon Vega 8,APU,R VEGA 8,0,2,2017,59,3,Y,Simulation,Y
268650,Age of History 3,06/11/2020,482,TRUE,789,Radeon Vega 8,APU,R VEGA 8,0,2,2017,59,3,Y,RPG,N
268650,Age of History 3,06/11/2020,482,TRUE,789,Radeon Vega 8,APU,R VEGA 8,0,2,2017,59,3,Y,Strategy,Y
268650,Age of History 3,06/11/2020,482,TRUE,789,Radeon Vega 8,APU,R VEGA 8,0,2,2017,59,3,Y,Free To Play,N
1282730,Stacklands,04/03/2021,348,TRUE,949,Radeon Vega 8,APU,R VEGA 8,0,2,2017,59,3,Y,Action,N
1282730,Stacklands,04/03/2021,348,TRUE,949,Radeon Vega 8,APU,R VEGA 8,0,2,2017,59,3,Y,Indie,Y
1282730,Stacklands,04/03/2021,348,TRUE,949,Radeon Vega 8,APU,R VEGA 8,0,2,2017,59,3,Y,Adventure,N
1282730,Stacklands,04/03/2021,348,TRUE,949,Radeon Vega 8,APU,R VEGA 8,0,2,2017,59,3,Y,Simulation,N
1282730,Stacklands,04/03/2021,348,TRUE,949,Radeon Vega 8,APU,R VEGA 8,0,2,2017,59,3,Y,RPG,Y
1282730,Stacklands,04/03/2021,348,TRUE,949,Radeon Vega 8,APU,R VEGA 8,0,2,2017,59,3,Y,Strategy,Y
1282730,Stacklands,04/03/2021,348,TRUE,949,Radeon Vega 8,APU,R VEGA 8,0,2,2017,59,3,Y,Free To Play,N
728880,Overcooked! 2,07/08/2018,2107,TRUE,296,Radeon Vega 8,APU,R VEGA 8,0,2,2017,59,3,Y,Action,Y
728880,Overcooked! 2,07/08/2018,2107,TRUE,296,Radeon Vega 8,APU,R VEGA 8,0,2,2017,59,3,Y,Indie,Y
728880,Overcooked! 2,07/08/2018,2107,TRUE,296,Radeon Vega 8,APU,R VEGA 8,0,2,2017,59,3,Y,Adventure,N
728880,Overcooked! 2,07/08/2018,2107,TRUE,296,Radeon Vega 8,APU,R VEGA 8,0,2,2017,59,3,Y,Simulation,N
728880,Overcooked! 2,07/08/2018,2107,TRUE,296,Radeon Vega 8,APU,R VEGA 8,0,2,2017,59,3,Y,RPG,N
728880,Overcooked! 2,07/08/2018,2107,TRUE,296,Radeon Vega 8,APU,R VEGA 8,0,2,2017,59,3,Y,Strategy,N
728880,Overcooked! 2,07/08/2018,2107,TRUE,296,Radeon Vega 8,APU,R VEGA 8,0,2,2017,59,3,Y,Free To Play,N
268910,Cuphead,29/09/2017,2080,TRUE,297,Radeon Vega 8,APU,R VEGA 8,0,2,2017,59,3,Y,Action,Y
268910,Cuphead,29/09/2017,2080,TRUE,297,Radeon Vega 8,APU,R VEGA 8,0,2,2017,59,3,Y,Indie,Y
268910,Cuphead,29/09/2017,2080,TRUE,297,Radeon Vega 8,APU,R VEGA 8,0,2,2017,59,3,Y,Adventure,N
268910,Cuphead,29/09/2017,2080,TRUE,297,Radeon Vega 8,APU,R VEGA 8,0,2,2017,59,3,Y,Simulation,N
268910,Cuphead,29/09/2017,2080,TRUE,297,Radeon Vega 8,APU,R VEGA 8,0,2,2017,59,3,Y,RPG,N
268910,Cuphead,29/09/2017,2080,TRUE,297,Radeon Vega 8,APU,R VEGA 8,0,2,2017,59,3,Y,Strategy,N
268910,Cuphead,29/09/2017,2080,TRUE,297,Radeon Vega 8,APU,R VEGA 8,0,2,2017,59,3,Y,Free To Play,N
2772750,Bopl Battle,23/10/2024,481,TRUE,791,Radeon Vega 8,APU,R VEGA 8,0,2,2017,59,3,Y,Action,N
2772750,Bopl Battle,23/10/2024,481,TRUE,791,Radeon Vega 8,APU,R VEGA 8,0,2,2017,59,3,Y,Indie,N
2772750,Bopl Battle,23/10/2024,481,TRUE,791,Radeon Vega 8,APU,R VEGA 8,0,2,2017,59,3,Y,Adventure,N
2772750,Bopl Battle,23/10/2024,481,TRUE,791,Radeon Vega 8,APU,R VEGA 8,0,2,2017,59,3,Y,Simulation,Y
2772750,Bopl Battle,23/10/2024,481,TRUE,791,Radeon Vega 8,APU,R VEGA 8,0,2,2017,59,3,Y,RPG,N
2772750,Bopl Battle,23/10/2024,481,TRUE,791,Radeon Vega 8,APU,R VEGA 8,0,2,2017,59,3,Y,Strategy,Y
2772750,Bopl Battle,23/10/2024,481,TRUE,791,Radeon Vega 8,APU,R VEGA 8,0,2,2017,59,3,Y,Free To Play,N
2445690,Lost Castle 2,24/07/2024,1121,FALSE,461,Radeon Vega 8,APU,R VEGA 8,0,2,2017,59,3,Y,Action,Y
2445690,Lost Castle 2,24/07/2024,1121,FALSE,461,Radeon Vega 8,APU,R VEGA 8,0,2,2017,59,3,Y,Indie,Y
2445690,Lost Castle 2,24/07/2024,1121,FALSE,461,Radeon Vega 8,APU,R VEGA 8,0,2,2017,59,3,Y,Adventure,Y
2445690,Lost Castle 2,24/07/2024,1121,FALSE,461,Radeon Vega 8,APU,R VEGA 8,0,2,2017,59,3,Y,Simulation,N
2445690,Lost Castle 2,24/07/2024,1121,FALSE,461,Radeon Vega 8,APU,R VEGA 8,0,2,2017,59,3,Y,RPG,Y
2445690,Lost Castle 2,24/07/2024,1121,FALSE,461,Radeon Vega 8,APU,R VEGA 8,0,2,2017,59,3,Y,Strategy,N
2445690,Lost Castle 2,24/07/2024,1121,FALSE,461,Radeon Vega 8,APU,R VEGA 8,0,2,2017,59,3,Y,Free To Play,N
211820,Starbound,22/07/2016,894,TRUE,529,Radeon Vega 8,APU,R VEGA 8,0,2,2017,59,3,Y,Action,Y
211820,Starbound,22/07/2016,894,TRUE,529,Radeon Vega 8,APU,R VEGA 8,0,2,2017,59,3,Y,Indie,Y
211820,Starbound,22/07/2016,894,TRUE,529,Radeon Vega 8,APU,R VEGA 8,0,2,2017,59,3,Y,Adventure,Y
211820,Starbound,22/07/2016,894,TRUE,529,Radeon Vega 8,APU,R VEGA 8,0,2,2017,59,3,Y,Simulation,N
211820,Starbound,22/07/2016,894,TRUE,529,Radeon Vega 8,APU,R VEGA 8,0,2,2017,59,3,Y,RPG,Y
211820,Starbound,22/07/2016,894,TRUE,529,Radeon Vega 8,APU,R VEGA 8,0,2,2017,59,3,Y,Strategy,N
211820,Starbound,22/07/2016,894,TRUE,529,Radeon Vega 8,APU,R VEGA 8,0,2,2017,59,3,Y,Free To Play,N
872790,Train Sim World 5,02/11/2018,581,TRUE,694,Radeon Vega 8,APU,R VEGA 8,0,2,2017,59,3,Y,Action,N
872790,Train Sim World 5,02/11/2018,581,TRUE,694,Radeon Vega 8,APU,R VEGA 8,0,2,2017,59,3,Y,Indie,N
872790,Train Sim World 5,02/11/2018,581,TRUE,694,Radeon Vega 8,APU,R VEGA 8,0,2,2017,59,3,Y,Adventure,N
872790,Train Sim World 5,02/11/2018,581,TRUE,694,Radeon Vega 8,APU,R VEGA 8,0,2,2017,59,3,Y,Simulation,Y
872790,Train Sim World 5,02/11/2018,581,TRUE,694,Radeon Vega 8,APU,R VEGA 8,0,2,2017,59,3,Y,RPG,N
872790,Train Sim World 5,02/11/2018,581,TRUE,694,Radeon Vega 8,APU,R VEGA 8,0,2,2017,59,3,Y,Strategy,N
872790,Train Sim World 5,02/11/2018,581,TRUE,694,Radeon Vega 8,APU,R VEGA 8,0,2,2017,59,3,Y,Free To Play,N
1147560,Skul: The Hero Slayer,20/01/2021,1205,TRUE,441,Radeon Vega 8,APU,R VEGA 8,0,2,2017,59,3,Y,Action,Y
1147560,Skul: The Hero Slayer,20/01/2021,1205,TRUE,441,Radeon Vega 8,APU,R VEGA 8,0,2,2017,59,3,Y,Indie,Y
1147560,Skul: The Hero Slayer,20/01/2021,1205,TRUE,441,Radeon Vega 8,APU,R VEGA 8,0,2,2017,59,3,Y,Adventure,N
1147560,Skul: The Hero Slayer,20/01/2021,1205,TRUE,441,Radeon Vega 8,APU,R VEGA 8,0,2,2017,59,3,Y,Simulation,N
1147560,Skul: The Hero Slayer,20/01/2021,1205,TRUE,441,Radeon Vega 8,APU,R VEGA 8,0,2,2017,59,3,Y,RPG,N
1147560,Skul: The Hero Slayer,20/01/2021,1205,TRUE,441,Radeon Vega 8,APU,R VEGA 8,0,2,2017,59,3,Y,Strategy,N
1147560,Skul: The Hero Slayer,20/01/2021,1205,TRUE,441,Radeon Vega 8,APU,R VEGA 8,0,2,2017,59,3,Y,Free To Play,N
640820,Poppy Playtime,25/09/2018,590,TRUE,687,Radeon Vega 8,APU,R VEGA 8,0,2,2017,59,3,Y,Action,N
640820,Poppy Playtime,25/09/2018,590,TRUE,687,Radeon Vega 8,APU,R VEGA 8,0,2,2017,59,3,Y,Indie,N
640820,Poppy Playtime,25/09/2018,590,TRUE,687,Radeon Vega 8,APU,R VEGA 8,0,2,2017,59,3,Y,Adventure,Y
640820,Poppy Playtime,25/09/2018,590,TRUE,687,Radeon Vega 8,APU,R VEGA 8,0,2,2017,59,3,Y,Simulation,N
640820,Poppy Playtime,25/09/2018,590,TRUE,687,Radeon Vega 8,APU,R VEGA 8,0,2,2017,59,3,Y,RPG,Y
640820,Poppy Playtime,25/09/2018,590,TRUE,687,Radeon Vega 8,APU,R VEGA 8,0,2,2017,59,3,Y,Strategy,N
640820,Poppy Playtime,25/09/2018,590,TRUE,687,Radeon Vega 8,APU,R VEGA 8,0,2,2017,59,3,Y,Free To Play,N
705210,Rome: Total War - Collection,30/10/2017,552,FALSE,718,Radeon Vega 8,APU,R VEGA 8,0,2,2017,59,3,Y,Action,Y
705210,Rome: Total War - Collection,30/10/2017,552,FALSE,718,Radeon Vega 8,APU,R VEGA 8,0,2,2017,59,3,Y,Indie,Y
705210,Rome: Total War - Collection,30/10/2017,552,FALSE,718,Radeon Vega 8,APU,R VEGA 8,0,2,2017,59,3,Y,Adventure,N
705210,Rome: Total War - Collection,30/10/2017,552,FALSE,718,Radeon Vega 8,APU,R VEGA 8,0,2,2017,59,3,Y,Simulation,N
705210,Rome: Total War - Collection,30/10/2017,552,FALSE,718,Radeon Vega 8,APU,R VEGA 8,0,2,2017,59,3,Y,RPG,N
705210,Rome: Total War - Collection,30/10/2017,552,FALSE,718,Radeon Vega 8,APU,R VEGA 8,0,2,2017,59,3,Y,Strategy,N
705210,Rome: Total War - Collection,30/10/2017,552,FALSE,718,Radeon Vega 8,APU,R VEGA 8,0,2,2017,59,3,Y,Free To Play,N
359870,FINAL FANTASY X/X-2 HD Remaster,12/05/2016,776,FALSE,571,Radeon Vega 8,APU,R VEGA 8,0,2,2017,59,3,Y,Action,N
359870,FINAL FANTASY X/X-2 HD Remaster,12/05/2016,776,FALSE,571,Radeon Vega 8,APU,R VEGA 8,0,2,2017,59,3,Y,Indie,N
359870,FINAL FANTASY X/X-2 HD Remaster,12/05/2016,776,FALSE,571,Radeon Vega 8,APU,R VEGA 8,0,2,2017,59,3,Y,Adventure,N
359870,FINAL FANTASY X/X-2 HD Remaster,12/05/2016,776,FALSE,571,Radeon Vega 8,APU,R VEGA 8,0,2,2017,59,3,Y,Simulation,N
359870,FINAL FANTASY X/X-2 HD Remaster,12/05/2016,776,FALSE,571,Radeon Vega 8,APU,R VEGA 8,0,2,2017,59,3,Y,RPG,Y
359870,FINAL FANTASY X/X-2 HD Remaster,12/05/2016,776,FALSE,571,Radeon Vega 8,APU,R VEGA 8,0,2,2017,59,3,Y,Strategy,N
359870,FINAL FANTASY X/X-2 HD Remaster,12/05/2016,776,FALSE,571,Radeon Vega 8,APU,R VEGA 8,0,2,2017,59,3,Y,Free To Play,N
1569040,Football Manager 2022,09/11/2021,1742,TRUE,330,Intel UHD Graphics,APU,INT UHD,0,2,2017,59,3,Y,Action,N
1569040,Football Manager 2022,09/11/2021,1742,TRUE,330,Intel UHD Graphics,APU,INT UHD,0,2,2017,59,3,Y,Indie,N
1569040,Football Manager 2022,09/11/2021,1742,TRUE,330,Intel UHD Graphics,APU,INT UHD,0,2,2017,59,3,Y,Adventure,N
1569040,Football Manager 2022,09/11/2021,1742,TRUE,330,Intel UHD Graphics,APU,INT UHD,0,2,2017,59,3,Y,Simulation,Y
1569040,Football Manager 2022,09/11/2021,1742,TRUE,330,Intel UHD Graphics,APU,INT UHD,0,2,2017,59,3,Y,RPG,N
1569040,Football Manager 2022,09/11/2021,1742,TRUE,330,Intel UHD Graphics,APU,INT UHD,0,2,2017,59,3,Y,Strategy,N
1569040,Football Manager 2022,09/11/2021,1742,TRUE,330,Intel UHD Graphics,APU,INT UHD,0,2,2017,59,3,Y,Free To Play,N
1046930,Dota Underlords,20/06/2019,1008,TRUE,484,Intel UHD Graphics,APU,INT UHD,0,2,2017,59,3,Y,Action,N
1046930,Dota Underlords,20/06/2019,1008,TRUE,484,Intel UHD Graphics,APU,INT UHD,0,2,2017,59,3,Y,Indie,N
1046930,Dota Underlords,20/06/2019,1008,TRUE,484,Intel UHD Graphics,APU,INT UHD,0,2,2017,59,3,Y,Adventure,N
1046930,Dota Underlords,20/06/2019,1008,TRUE,484,Intel UHD Graphics,APU,INT UHD,0,2,2017,59,3,Y,Simulation,N
1046930,Dota Underlords,20/06/2019,1008,TRUE,484,Intel UHD Graphics,APU,INT UHD,0,2,2017,59,3,Y,RPG,N
1046930,Dota Underlords,20/06/2019,1008,TRUE,484,Intel UHD Graphics,APU,INT UHD,0,2,2017,59,3,Y,Strategy,Y
1046930,Dota Underlords,20/06/2019,1008,TRUE,484,Intel UHD Graphics,APU,INT UHD,0,2,2017,59,3,Y,Free To Play,Y
1100600,Football Manager 2020,19/11/2019,1012,TRUE,481,Radeon Vega 8,APU,R VEGA 8,0,2,2017,59,3,Y,Action,N
1100600,Football Manager 2020,19/11/2019,1012,TRUE,481,Radeon Vega 8,APU,R VEGA 8,0,2,2017,59,3,Y,Indie,N
1100600,Football Manager 2020,19/11/2019,1012,TRUE,481,Radeon Vega 8,APU,R VEGA 8,0,2,2017,59,3,Y,Adventure,N
1100600,Football Manager 2020,19/11/2019,1012,TRUE,481,Radeon Vega 8,APU,R VEGA 8,0,2,2017,59,3,Y,Simulation,Y
1100600,Football Manager 2020,19/11/2019,1012,TRUE,481,Radeon Vega 8,APU,R VEGA 8,0,2,2017,59,3,Y,RPG,N
1100600,Football Manager 2020,19/11/2019,1012,TRUE,481,Radeon Vega 8,APU,R VEGA 8,0,2,2017,59,3,Y,Strategy,N
1100600,Football Manager 2020,19/11/2019,1012,TRUE,481,Radeon Vega 8,APU,R VEGA 8,0,2,2017,59,3,Y,Free To Play,N
2135150,Elin,01/11/2024,1277,FALSE,430,Intel UHD Graphics,APU,INT UHD,0,2,2017,59,3,Y,Action,N
2135150,Elin,01/11/2024,1277,FALSE,430,Intel UHD Graphics,APU,INT UHD,0,2,2017,59,3,Y,Indie,Y
2135150,Elin,01/11/2024,1277,FALSE,430,Intel UHD Graphics,APU,INT UHD,0,2,2017,59,3,Y,Adventure,N
2135150,Elin,01/11/2024,1277,FALSE,430,Intel UHD Graphics,APU,INT UHD,0,2,2017,59,3,Y,Simulation,Y
2135150,Elin,01/11/2024,1277,FALSE,430,Intel UHD Graphics,APU,INT UHD,0,2,2017,59,3,Y,RPG,Y
2135150,Elin,01/11/2024,1277,FALSE,430,Intel UHD Graphics,APU,INT UHD,0,2,2017,59,3,Y,Strategy,Y
2135150,Elin,01/11/2024,1277,FALSE,430,Intel UHD Graphics,APU,INT UHD,0,2,2017,59,3,Y,Free To Play,N
610080,Nice Day for Fishing,15/06/2017,595,TRUE,683,Radeon Vega 8,APU,R VEGA 8,0,2,2017,59,3,Y,Action,N
610080,Nice Day for Fishing,15/06/2017,595,TRUE,683,Radeon Vega 8,APU,R VEGA 8,0,2,2017,59,3,Y,Indie,N
610080,Nice Day for Fishing,15/06/2017,595,TRUE,683,Radeon Vega 8,APU,R VEGA 8,0,2,2017,59,3,Y,Adventure,N
610080,Nice Day for Fishing,15/06/2017,595,TRUE,683,Radeon Vega 8,APU,R VEGA 8,0,2,2017,59,3,Y,Simulation,N
610080,Nice Day for Fishing,15/06/2017,595,TRUE,683,Radeon Vega 8,APU,R VEGA 8,0,2,2017,59,3,Y,RPG,Y
610080,Nice Day for Fishing,15/06/2017,595,TRUE,683,Radeon Vega 8,APU,R VEGA 8,0,2,2017,59,3,Y,Strategy,Y
610080,Nice Day for Fishing,15/06/2017,595,TRUE,683,Radeon Vega 8,APU,R VEGA 8,0,2,2017,59,3,Y,Free To Play,Y
361280,Turmoil,02/06/2016,767,TRUE,575,Radeon Graphics,APU,R GRAPHICS,0,1,2011,99,1,N,Action,N
361280,Turmoil,02/06/2016,767,TRUE,575,Radeon Graphics,APU,R GRAPHICS,0,1,2011,99,1,N,Indie,Y
361280,Turmoil,02/06/2016,767,TRUE,575,Radeon Graphics,APU,R GRAPHICS,0,1,2011,99,1,N,Adventure,N
361280,Turmoil,02/06/2016,767,TRUE,575,Radeon Graphics,APU,R GRAPHICS,0,1,2011,99,1,N,Simulation,Y
361280,Turmoil,02/06/2016,767,TRUE,575,Radeon Graphics,APU,R GRAPHICS,0,1,2011,99,1,N,RPG,N
361280,Turmoil,02/06/2016,767,TRUE,575,Radeon Graphics,APU,R GRAPHICS,0,1,2011,99,1,N,Strategy,Y
361280,Turmoil,02/06/2016,767,TRUE,575,Radeon Graphics,APU,R GRAPHICS,0,1,2011,99,1,N,Free To Play,N
32440,Roots of Pacha,12/11/2009,334,FALSE,962,Radeon Graphics,APU,R GRAPHICS,0,1,2011,99,1,N,Action,N
32440,Roots of Pacha,12/11/2009,334,FALSE,962,Radeon Graphics,APU,R GRAPHICS,0,1,2011,99,1,N,Indie,N
32440,Roots of Pacha,12/11/2009,334,FALSE,962,Radeon Graphics,APU,R GRAPHICS,0,1,2011,99,1,N,Adventure,Y
32440,Roots of Pacha,12/11/2009,334,FALSE,962,Radeon Graphics,APU,R GRAPHICS,0,1,2011,99,1,N,Simulation,N
32440,Roots of Pacha,12/11/2009,334,FALSE,962,Radeon Graphics,APU,R GRAPHICS,0,1,2011,99,1,N,RPG,N
32440,Roots of Pacha,12/11/2009,334,FALSE,962,Radeon Graphics,APU,R GRAPHICS,0,1,2011,99,1,N,Strategy,N
32440,Roots of Pacha,12/11/2009,334,FALSE,962,Radeon Graphics,APU,R GRAPHICS,0,1,2011,99,1,N,Free To Play,N
228200,Company of Heroes,11/09/2006,864,FALSE,538,Intel HD Graphics,APU,INT HD,0,1,2010,99,1,N,Action,Y
228200,Company of Heroes,11/09/2006,864,FALSE,538,Intel HD Graphics,APU,INT HD,0,1,2010,99,1,N,Indie,N
228200,Company of Heroes,11/09/2006,864,FALSE,538,Intel HD Graphics,APU,INT HD,0,1,2010,99,1,N,Adventure,N
228200,Company of Heroes,11/09/2006,864,FALSE,538,Intel HD Graphics,APU,INT HD,0,1,2010,99,1,N,Simulation,N
228200,Company of Heroes,11/09/2006,864,FALSE,538,Intel HD Graphics,APU,INT HD,0,1,2010,99,1,N,RPG,N
228200,Company of Heroes,11/09/2006,864,FALSE,538,Intel HD Graphics,APU,INT HD,0,1,2010,99,1,N,Strategy,Y
228200,Company of Heroes,11/09/2006,864,FALSE,538,Intel HD Graphics,APU,INT HD,0,1,2010,99,1,N,Free To Play,N
3330,Blade and Sorcery,30/08/2006,658,TRUE,627,Intel HD Graphics,APU,INT HD,0,1,2010,99,1,N,Action,N
3330,Blade and Sorcery,30/08/2006,658,TRUE,627,Intel HD Graphics,APU,INT HD,0,1,2010,99,1,N,Indie,N
3330,Blade and Sorcery,30/08/2006,658,TRUE,627,Intel HD Graphics,APU,INT HD,0,1,2010,99,1,N,Adventure,N
3330,Blade and Sorcery,30/08/2006,658,TRUE,627,Intel HD Graphics,APU,INT HD,0,1,2010,99,1,N,Simulation,N
3330,Blade and Sorcery,30/08/2006,658,TRUE,627,Intel HD Graphics,APU,INT HD,0,1,2010,99,1,N,RPG,N
3330,Blade and Sorcery,30/08/2006,658,TRUE,627,Intel HD Graphics,APU,INT HD,0,1,2010,99,1,N,Strategy,N
3330,Blade and Sorcery,30/08/2006,658,TRUE,627,Intel HD Graphics,APU,INT HD,0,1,2010,99,1,N,Free To Play,N
254700,Muse Dash,27/02/2014,673,FALSE,621,Radeon Graphics,APU,R GRAPHICS,0,1,2011,99,1,N,Action,Y
254700,Muse Dash,27/02/2014,673,FALSE,621,Radeon Graphics,APU,R GRAPHICS,0,1,2011,99,1,N,Indie,N
254700,Muse Dash,27/02/2014,673,FALSE,621,Radeon Graphics,APU,R GRAPHICS,0,1,2011,99,1,N,Adventure,Y
254700,Muse Dash,27/02/2014,673,FALSE,621,Radeon Graphics,APU,R GRAPHICS,0,1,2011,99,1,N,Simulation,N
254700,Muse Dash,27/02/2014,673,FALSE,621,Radeon Graphics,APU,R GRAPHICS,0,1,2011,99,1,N,RPG,N
254700,Muse Dash,27/02/2014,673,FALSE,621,Radeon Graphics,APU,R GRAPHICS,0,1,2011,99,1,N,Strategy,N
254700,Muse Dash,27/02/2014,673,FALSE,621,Radeon Graphics,APU,R GRAPHICS,0,1,2011,99,1,N,Free To Play,N
17480,Ithya: Magic Studies,08/01/2009,362,FALSE,927,Radeon Graphics,APU,R GRAPHICS,0,1,2011,99,1,N,Action,Y
17480,Ithya: Magic Studies,08/01/2009,362,FALSE,927,Radeon Graphics,APU,R GRAPHICS,0,1,2011,99,1,N,Indie,N
17480,Ithya: Magic Studies,08/01/2009,362,FALSE,927,Radeon Graphics,APU,R GRAPHICS,0,1,2011,99,1,N,Adventure,N
17480,Ithya: Magic Studies,08/01/2009,362,FALSE,927,Radeon Graphics,APU,R GRAPHICS,0,1,2011,99,1,N,Simulation,N
17480,Ithya: Magic Studies,08/01/2009,362,FALSE,927,Radeon Graphics,APU,R GRAPHICS,0,1,2011,99,1,N,RPG,N
17480,Ithya: Magic Studies,08/01/2009,362,FALSE,927,Radeon Graphics,APU,R GRAPHICS,0,1,2011,99,1,N,Strategy,Y
17480,Ithya: Magic Studies,08/01/2009,362,FALSE,927,Radeon Graphics,APU,R GRAPHICS,0,1,2011,99,1,N,Free To Play,N
9450,Resident Evil 4 (2005),05/03/2008,673,FALSE,621,Radeon Graphics,APU,R GRAPHICS,0,1,2011,99,1,N,Action,N
9450,Resident Evil 4 (2005),05/03/2008,673,FALSE,621,Radeon Graphics,APU,R GRAPHICS,0,1,2011,99,1,N,Indie,N
9450,Resident Evil 4 (2005),05/03/2008,673,FALSE,621,Radeon Graphics,APU,R GRAPHICS,0,1,2011,99,1,N,Adventure,N
9450,Resident Evil 4 (2005),05/03/2008,673,FALSE,621,Radeon Graphics,APU,R GRAPHICS,0,1,2011,99,1,N,Simulation,N
9450,Resident Evil 4 (2005),05/03/2008,673,FALSE,621,Radeon Graphics,APU,R GRAPHICS,0,1,2011,99,1,N,RPG,N
9450,Resident Evil 4 (2005),05/03/2008,673,FALSE,621,Radeon Graphics,APU,R GRAPHICS,0,1,2011,99,1,N,Strategy,Y
9450,Resident Evil 4 (2005),05/03/2008,673,FALSE,621,Radeon Graphics,APU,R GRAPHICS,0,1,2011,99,1,N,Free To Play,N
7940,Marvel's Spider-Man: Miles Morales,12/11/2017,377,TRUE,906,Radeon Graphics,APU,R GRAPHICS,0,1,2011,99,1,N,Action,Y
7940,Marvel's Spider-Man: Miles Morales,12/11/2017,377,TRUE,906,Radeon Graphics,APU,R GRAPHICS,0,1,2011,99,1,N,Indie,N
7940,Marvel's Spider-Man: Miles Morales,12/11/2017,377,TRUE,906,Radeon Graphics,APU,R GRAPHICS,0,1,2011,99,1,N,Adventure,N
7940,Marvel's Spider-Man: Miles Morales,12/11/2017,377,TRUE,906,Radeon Graphics,APU,R GRAPHICS,0,1,2011,99,1,N,Simulation,N
7940,Marvel's Spider-Man: Miles Morales,12/11/2017,377,TRUE,906,Radeon Graphics,APU,R GRAPHICS,0,1,2011,99,1,N,RPG,N
7940,Marvel's Spider-Man: Miles Morales,12/11/2017,377,TRUE,906,Radeon Graphics,APU,R GRAPHICS,0,1,2011,99,1,N,Strategy,N
7940,Marvel's Spider-Man: Miles Morales,12/11/2017,377,TRUE,906,Radeon Graphics,APU,R GRAPHICS,0,1,2011,99,1,N,Free To Play,N
413150,Stardew Valley,26/02/2016,50662,TRUE,17,Intel HD Graphics,APU,INT HD,0,1,2010,99,1,N,Action,N
413150,Stardew Valley,26/02/2016,50662,TRUE,17,Intel HD Graphics,APU,INT HD,0,1,2010,99,1,N,Indie,Y
413150,Stardew Valley,26/02/2016,50662,TRUE,17,Intel HD Graphics,APU,INT HD,0,1,2010,99,1,N,Adventure,N
413150,Stardew Valley,26/02/2016,50662,TRUE,17,Intel HD Graphics,APU,INT HD,0,1,2010,99,1,N,Simulation,Y
413150,Stardew Valley,26/02/2016,50662,TRUE,17,Intel HD Graphics,APU,INT HD,0,1,2010,99,1,N,RPG,Y
413150,Stardew Valley,26/02/2016,50662,TRUE,17,Intel HD Graphics,APU,INT HD,0,1,2010,99,1,N,Strategy,N
413150,Stardew Valley,26/02/2016,50662,TRUE,17,Intel HD Graphics,APU,INT HD,0,1,2010,99,1,N,Free To Play,N
4000,Garry's Mod,29/11/2006,18400,TRUE,52,Intel HD Graphics,APU,INT HD,0,1,2010,99,1,N,Action,N
4000,Garry's Mod,29/11/2006,18400,TRUE,52,Intel HD Graphics,APU,INT HD,0,1,2010,99,1,N,Indie,Y
4000,Garry's Mod,29/11/2006,18400,TRUE,52,Intel HD Graphics,APU,INT HD,0,1,2010,99,1,N,Adventure,N
4000,Garry's Mod,29/11/2006,18400,TRUE,52,Intel HD Graphics,APU,INT HD,0,1,2010,99,1,N,Simulation,Y
4000,Garry's Mod,29/11/2006,18400,TRUE,52,Intel HD Graphics,APU,INT HD,0,1,2010,99,1,N,RPG,N
4000,Garry's Mod,29/11/2006,18400,TRUE,52,Intel HD Graphics,APU,INT HD,0,1,2010,99,1,N,Strategy,N
4000,Garry's Mod,29/11/2006,18400,TRUE,52,Intel HD Graphics,APU,INT HD,0,1,2010,99,1,N,Free To Play,N
108600,Project Zomboid,08/11/2013,22864,TRUE,44,Radeon Graphics,APU,R GRAPHICS,0,1,2011,99,1,N,Action,N
108600,Project Zomboid,08/11/2013,22864,TRUE,44,Radeon Graphics,APU,R GRAPHICS,0,1,2011,99,1,N,Indie,Y
108600,Project Zomboid,08/11/2013,22864,TRUE,44,Radeon Graphics,APU,R GRAPHICS,0,1,2011,99,1,N,Adventure,N
108600,Project Zomboid,08/11/2013,22864,TRUE,44,Radeon Graphics,APU,R GRAPHICS,0,1,2011,99,1,N,Simulation,Y
108600,Project Zomboid,08/11/2013,22864,TRUE,44,Radeon Graphics,APU,R GRAPHICS,0,1,2011,99,1,N,RPG,Y
108600,Project Zomboid,08/11/2013,22864,TRUE,44,Radeon Graphics,APU,R GRAPHICS,0,1,2011,99,1,N,Strategy,N
108600,Project Zomboid,08/11/2013,22864,TRUE,44,Radeon Graphics,APU,R GRAPHICS,0,1,2011,99,1,N,Free To Play,N
233450,Prison Architect,06/10/2015,781,TRUE,568,Radeon Graphics,APU,R GRAPHICS,0,1,2011,99,1,N,Action,N
233450,Prison Architect,06/10/2015,781,TRUE,568,Radeon Graphics,APU,R GRAPHICS,0,1,2011,99,1,N,Indie,Y
233450,Prison Architect,06/10/2015,781,TRUE,568,Radeon Graphics,APU,R GRAPHICS,0,1,2011,99,1,N,Adventure,N
233450,Prison Architect,06/10/2015,781,TRUE,568,Radeon Graphics,APU,R GRAPHICS,0,1,2011,99,1,N,Simulation,Y
233450,Prison Architect,06/10/2015,781,TRUE,568,Radeon Graphics,APU,R GRAPHICS,0,1,2011,99,1,N,RPG,N
233450,Prison Architect,06/10/2015,781,TRUE,568,Radeon Graphics,APU,R GRAPHICS,0,1,2011,99,1,N,Strategy,Y
233450,Prison Architect,06/10/2015,781,TRUE,568,Radeon Graphics,APU,R GRAPHICS,0,1,2011,99,1,N,Free To Play,N
9420,Pro Soccer Online,28/09/2011,691,FALSE,607,Radeon Graphics,APU,R GRAPHICS,0,1,2011,99,1,N,Action,N
9420,Pro Soccer Online,28/09/2011,691,FALSE,607,Radeon Graphics,APU,R GRAPHICS,0,1,2011,99,1,N,Indie,N
9420,Pro Soccer Online,28/09/2011,691,FALSE,607,Radeon Graphics,APU,R GRAPHICS,0,1,2011,99,1,N,Adventure,N
9420,Pro Soccer Online,28/09/2011,691,FALSE,607,Radeon Graphics,APU,R GRAPHICS,0,1,2011,99,1,N,Simulation,N
9420,Pro Soccer Online,28/09/2011,691,FALSE,607,Radeon Graphics,APU,R GRAPHICS,0,1,2011,99,1,N,RPG,N
9420,Pro Soccer Online,28/09/2011,691,FALSE,607,Radeon Graphics,APU,R GRAPHICS,0,1,2011,99,1,N,Strategy,Y
9420,Pro Soccer Online,28/09/2011,691,FALSE,607,Radeon Graphics,APU,R GRAPHICS,0,1,2011,99,1,N,Free To Play,N
105600,Terraria,16/05/2011,24580,TRUE,43,Radeon Graphics,APU,R GRAPHICS,0,1,2011,99,1,N,Action,Y
105600,Terraria,16/05/2011,24580,TRUE,43,Radeon Graphics,APU,R GRAPHICS,0,1,2011,99,1,N,Indie,Y
105600,Terraria,16/05/2011,24580,TRUE,43,Radeon Graphics,APU,R GRAPHICS,0,1,2011,99,1,N,Adventure,Y
105600,Terraria,16/05/2011,24580,TRUE,43,Radeon Graphics,APU,R GRAPHICS,0,1,2011,99,1,N,Simulation,N
105600,Terraria,16/05/2011,24580,TRUE,43,Radeon Graphics,APU,R GRAPHICS,0,1,2011,99,1,N,RPG,Y
105600,Terraria,16/05/2011,24580,TRUE,43,Radeon Graphics,APU,R GRAPHICS,0,1,2011,99,1,N,Strategy,N
105600,Terraria,16/05/2011,24580,TRUE,43,Radeon Graphics,APU,R GRAPHICS,0,1,2011,99,1,N,Free To Play,N
212500,The Lord of the Rings Online,06/06/2012,793,FALSE,563,Radeon Graphics,APU,R GRAPHICS,0,1,2011,99,1,N,Action,Y
212500,The Lord of the Rings Online,06/06/2012,793,FALSE,563,Radeon Graphics,APU,R GRAPHICS,0,1,2011,99,1,N,Indie,N
212500,The Lord of the Rings Online,06/06/2012,793,FALSE,563,Radeon Graphics,APU,R GRAPHICS,0,1,2011,99,1,N,Adventure,Y
212500,The Lord of the Rings Online,06/06/2012,793,FALSE,563,Radeon Graphics,APU,R GRAPHICS,0,1,2011,99,1,N,Simulation,N
212500,The Lord of the Rings Online,06/06/2012,793,FALSE,563,Radeon Graphics,APU,R GRAPHICS,0,1,2011,99,1,N,RPG,Y
212500,The Lord of the Rings Online,06/06/2012,793,FALSE,563,Radeon Graphics,APU,R GRAPHICS,0,1,2011,99,1,N,Strategy,N
212500,The Lord of the Rings Online,06/06/2012,793,FALSE,563,Radeon Graphics,APU,R GRAPHICS,0,1,2011,99,1,N,Free To Play,Y
40970,Stronghold Crusader HD (2012),21/10/2013,746,FALSE,584,Radeon Graphics,APU,R GRAPHICS,0,1,2011,99,1,N,Action,N
40970,Stronghold Crusader HD (2012),21/10/2013,746,FALSE,584,Radeon Graphics,APU,R GRAPHICS,0,1,2011,99,1,N,Indie,N
40970,Stronghold Crusader HD (2012),21/10/2013,746,FALSE,584,Radeon Graphics,APU,R GRAPHICS,0,1,2011,99,1,N,Adventure,N
40970,Stronghold Crusader HD (2012),21/10/2013,746,FALSE,584,Radeon Graphics,APU,R GRAPHICS,0,1,2011,99,1,N,Simulation,Y
40970,Stronghold Crusader HD (2012),21/10/2013,746,FALSE,584,Radeon Graphics,APU,R GRAPHICS,0,1,2011,99,1,N,RPG,N
40970,Stronghold Crusader HD (2012),21/10/2013,746,FALSE,584,Radeon Graphics,APU,R GRAPHICS,0,1,2011,99,1,N,Strategy,Y
40970,Stronghold Crusader HD (2012),21/10/2013,746,FALSE,584,Radeon Graphics,APU,R GRAPHICS,0,1,2011,99,1,N,Free To Play,N
250900,The Binding of Isaac: Rebirth,04/11/2014,14904,TRUE,69,Intel HD Graphics,APU,INT HD,0,1,2010,99,1,N,Action,Y
250900,The Binding of Isaac: Rebirth,04/11/2014,14904,TRUE,69,Intel HD Graphics,APU,INT HD,0,1,2010,99,1,N,Indie,N
250900,The Binding of Isaac: Rebirth,04/11/2014,14904,TRUE,69,Intel HD Graphics,APU,INT HD,0,1,2010,99,1,N,Adventure,N
250900,The Binding of Isaac: Rebirth,04/11/2014,14904,TRUE,69,Intel HD Graphics,APU,INT HD,0,1,2010,99,1,N,Simulation,N
250900,The Binding of Isaac: Rebirth,04/11/2014,14904,TRUE,69,Intel HD Graphics,APU,INT HD,0,1,2010,99,1,N,RPG,N
250900,The Binding of Isaac: Rebirth,04/11/2014,14904,TRUE,69,Intel HD Graphics,APU,INT HD,0,1,2010,99,1,N,Strategy,N
250900,The Binding of Isaac: Rebirth,04/11/2014,14904,TRUE,69,Intel HD Graphics,APU,INT HD,0,1,2010,99,1,N,Free To Play,N
550,Left 4 Dead 2,16/11/2009,25122,FALSE,40,Radeon Graphics,APU,R GRAPHICS,0,1,2011,99,1,N,Action,Y
550,Left 4 Dead 2,16/11/2009,25122,FALSE,40,Radeon Graphics,APU,R GRAPHICS,0,1,2011,99,1,N,Indie,N
550,Left 4 Dead 2,16/11/2009,25122,FALSE,40,Radeon Graphics,APU,R GRAPHICS,0,1,2011,99,1,N,Adventure,N
550,Left 4 Dead 2,16/11/2009,25122,FALSE,40,Radeon Graphics,APU,R GRAPHICS,0,1,2011,99,1,N,Simulation,N
550,Left 4 Dead 2,16/11/2009,25122,FALSE,40,Radeon Graphics,APU,R GRAPHICS,0,1,2011,99,1,N,RPG,N
550,Left 4 Dead 2,16/11/2009,25122,FALSE,40,Radeon Graphics,APU,R GRAPHICS,0,1,2011,99,1,N,Strategy,N
550,Left 4 Dead 2,16/11/2009,25122,FALSE,40,Radeon Graphics,APU,R GRAPHICS,0,1,2011,99,1,N,Free To Play,N
440,Team Fortress 2,10/10/2007,43819,FALSE,21,Radeon Graphics,APU,R GRAPHICS,0,1,2011,99,1,N,Action,Y
440,Team Fortress 2,10/10/2007,43819,FALSE,21,Radeon Graphics,APU,R GRAPHICS,0,1,2011,99,1,N,Indie,N
440,Team Fortress 2,10/10/2007,43819,FALSE,21,Radeon Graphics,APU,R GRAPHICS,0,1,2011,99,1,N,Adventure,N
440,Team Fortress 2,10/10/2007,43819,FALSE,21,Radeon Graphics,APU,R GRAPHICS,0,1,2011,99,1,N,Simulation,N
440,Team Fortress 2,10/10/2007,43819,FALSE,21,Radeon Graphics,APU,R GRAPHICS,0,1,2011,99,1,N,RPG,N
440,Team Fortress 2,10/10/2007,43819,FALSE,21,Radeon Graphics,APU,R GRAPHICS,0,1,2011,99,1,N,Strategy,N
440,Team Fortress 2,10/10/2007,43819,FALSE,21,Radeon Graphics,APU,R GRAPHICS,0,1,2011,99,1,N,Free To Play,Y
500,Left 4 Dead,17/11/2008,774,FALSE,572,Radeon Graphics,APU,R GRAPHICS,0,1,2011,99,1,N,Action,Y
500,Left 4 Dead,17/11/2008,774,FALSE,572,Radeon Graphics,APU,R GRAPHICS,0,1,2011,99,1,N,Indie,N
500,Left 4 Dead,17/11/2008,774,FALSE,572,Radeon Graphics,APU,R GRAPHICS,0,1,2011,99,1,N,Adventure,N
500,Left 4 Dead,17/11/2008,774,FALSE,572,Radeon Graphics,APU,R GRAPHICS,0,1,2011,99,1,N,Simulation,N
500,Left 4 Dead,17/11/2008,774,FALSE,572,Radeon Graphics,APU,R GRAPHICS,0,1,2011,99,1,N,RPG,N
500,Left 4 Dead,17/11/2008,774,FALSE,572,Radeon Graphics,APU,R GRAPHICS,0,1,2011,99,1,N,Strategy,N
500,Left 4 Dead,17/11/2008,774,FALSE,572,Radeon Graphics,APU,R GRAPHICS,0,1,2011,99,1,N,Free To Play,N
2280,Hotel Architect,03/08/2007,345,FALSE,954,Radeon Graphics,APU,R GRAPHICS,0,1,2011,99,1,N,Action,Y
2280,Hotel Architect,03/08/2007,345,FALSE,954,Radeon Graphics,APU,R GRAPHICS,0,1,2011,99,1,N,Indie,N
2280,Hotel Architect,03/08/2007,345,FALSE,954,Radeon Graphics,APU,R GRAPHICS,0,1,2011,99,1,N,Adventure,N
2280,Hotel Architect,03/08/2007,345,FALSE,954,Radeon Graphics,APU,R GRAPHICS,0,1,2011,99,1,N,Simulation,N
2280,Hotel Architect,03/08/2007,345,FALSE,954,Radeon Graphics,APU,R GRAPHICS,0,1,2011,99,1,N,RPG,N
2280,Hotel Architect,03/08/2007,345,FALSE,954,Radeon Graphics,APU,R GRAPHICS,0,1,2011,99,1,N,Strategy,N
2280,Hotel Architect,03/08/2007,345,FALSE,954,Radeon Graphics,APU,R GRAPHICS,0,1,2011,99,1,N,Free To Play,N
200260,Like a Dragon: Infinite Wealth,07/09/2012,655,FALSE,632,Radeon Graphics,APU,R GRAPHICS,0,1,2011,99,1,N,Action,Y
200260,Like a Dragon: Infinite Wealth,07/09/2012,655,FALSE,632,Radeon Graphics,APU,R GRAPHICS,0,1,2011,99,1,N,Indie,N
200260,Like a Dragon: Infinite Wealth,07/09/2012,655,FALSE,632,Radeon Graphics,APU,R GRAPHICS,0,1,2011,99,1,N,Adventure,Y
200260,Like a Dragon: Infinite Wealth,07/09/2012,655,FALSE,632,Radeon Graphics,APU,R GRAPHICS,0,1,2011,99,1,N,Simulation,N
200260,Like a Dragon: Infinite Wealth,07/09/2012,655,FALSE,632,Radeon Graphics,APU,R GRAPHICS,0,1,2011,99,1,N,RPG,N
200260,Like a Dragon: Infinite Wealth,07/09/2012,655,FALSE,632,Radeon Graphics,APU,R GRAPHICS,0,1,2011,99,1,N,Strategy,N
200260,Like a Dragon: Infinite Wealth,07/09/2012,655,FALSE,632,Radeon Graphics,APU,R GRAPHICS,0,1,2011,99,1,N,Free To Play,N
8930,Sid Meier's Civilization V,21/09/2010,12206,TRUE,85,Radeon Graphics,APU,R GRAPHICS,0,1,2011,99,1,N,Action,N
8930,Sid Meier's Civilization V,21/09/2010,12206,TRUE,85,Radeon Graphics,APU,R GRAPHICS,0,1,2011,99,1,N,Indie,N
8930,Sid Meier's Civilization V,21/09/2010,12206,TRUE,85,Radeon Graphics,APU,R GRAPHICS,0,1,2011,99,1,N,Adventure,N
8930,Sid Meier's Civilization V,21/09/2010,12206,TRUE,85,Radeon Graphics,APU,R GRAPHICS,0,1,2011,99,1,N,Simulation,N
8930,Sid Meier's Civilization V,21/09/2010,12206,TRUE,85,Radeon Graphics,APU,R GRAPHICS,0,1,2011,99,1,N,RPG,N
8930,Sid Meier's Civilization V,21/09/2010,12206,TRUE,85,Radeon Graphics,APU,R GRAPHICS,0,1,2011,99,1,N,Strategy,Y
8930,Sid Meier's Civilization V,21/09/2010,12206,TRUE,85,Radeon Graphics,APU,R GRAPHICS,0,1,2011,99,1,N,Free To Play,N
24810,Easy Red 2,13/11/2009,346,FALSE,951,Radeon Graphics,APU,R GRAPHICS,0,1,2011,99,1,N,Action,Y
24810,Easy Red 2,13/11/2009,346,FALSE,951,Radeon Graphics,APU,R GRAPHICS,0,1,2011,99,1,N,Indie,N
24810,Easy Red 2,13/11/2009,346,FALSE,951,Radeon Graphics,APU,R GRAPHICS,0,1,2011,99,1,N,Adventure,N
24810,Easy Red 2,13/11/2009,346,FALSE,951,Radeon Graphics,APU,R GRAPHICS,0,1,2011,99,1,N,Simulation,N
24810,Easy Red 2,13/11/2009,346,FALSE,951,Radeon Graphics,APU,R GRAPHICS,0,1,2011,99,1,N,RPG,N
24810,Easy Red 2,13/11/2009,346,FALSE,951,Radeon Graphics,APU,R GRAPHICS,0,1,2011,99,1,N,Strategy,Y
24810,Easy Red 2,13/11/2009,346,FALSE,951,Radeon Graphics,APU,R GRAPHICS,0,1,2011,99,1,N,Free To Play,N
258890,Liar's Bar,06/11/2013,611,TRUE,670,Radeon Graphics,APU,R GRAPHICS,0,1,2011,99,1,N,Action,Y
258890,Liar's Bar,06/11/2013,611,TRUE,670,Radeon Graphics,APU,R GRAPHICS,0,1,2011,99,1,N,Indie,Y
258890,Liar's Bar,06/11/2013,611,TRUE,670,Radeon Graphics,APU,R GRAPHICS,0,1,2011,99,1,N,Adventure,Y
258890,Liar's Bar,06/11/2013,611,TRUE,670,Radeon Graphics,APU,R GRAPHICS,0,1,2011,99,1,N,Simulation,N
258890,Liar's Bar,06/11/2013,611,TRUE,670,Radeon Graphics,APU,R GRAPHICS,0,1,2011,99,1,N,RPG,N
258890,Liar's Bar,06/11/2013,611,TRUE,670,Radeon Graphics,APU,R GRAPHICS,0,1,2011,99,1,N,Strategy,N
258890,Liar's Bar,06/11/2013,611,TRUE,670,Radeon Graphics,APU,R GRAPHICS,0,1,2011,99,1,N,Free To Play,N
10,Counter-Strike,01/11/2000,7323,TRUE,119,Intel HD Graphics,APU,INT HD,0,1,2010,99,1,N,Action,Y
10,Counter-Strike,01/11/2000,7323,TRUE,119,Intel HD Graphics,APU,INT HD,0,1,2010,99,1,N,Indie,N
10,Counter-Strike,01/11/2000,7323,TRUE,119,Intel HD Graphics,APU,INT HD,0,1,2010,99,1,N,Adventure,N
10,Counter-Strike,01/11/2000,7323,TRUE,119,Intel HD Graphics,APU,INT HD,0,1,2010,99,1,N,Simulation,N
10,Counter-Strike,01/11/2000,7323,TRUE,119,Intel HD Graphics,APU,INT HD,0,1,2010,99,1,N,RPG,N
10,Counter-Strike,01/11/2000,7323,TRUE,119,Intel HD Graphics,APU,INT HD,0,1,2010,99,1,N,Strategy,N
10,Counter-Strike,01/11/2000,7323,TRUE,119,Intel HD Graphics,APU,INT HD,0,1,2010,99,1,N,Free To Play,N
4700,Total War: MEDIEVAL II ' Definitive Edition,15/11/2006,2814,TRUE,239,Intel HD Graphics,APU,INT HD,0,1,2010,99,1,N,Action,N
4700,Total War: MEDIEVAL II ' Definitive Edition,15/11/2006,2814,TRUE,239,Intel HD Graphics,APU,INT HD,0,1,2010,99,1,N,Indie,N
4700,Total War: MEDIEVAL II ' Definitive Edition,15/11/2006,2814,TRUE,239,Intel HD Graphics,APU,INT HD,0,1,2010,99,1,N,Adventure,N
4700,Total War: MEDIEVAL II ' Definitive Edition,15/11/2006,2814,TRUE,239,Intel HD Graphics,APU,INT HD,0,1,2010,99,1,N,Simulation,N
4700,Total War: MEDIEVAL II ' Definitive Edition,15/11/2006,2814,TRUE,239,Intel HD Graphics,APU,INT HD,0,1,2010,99,1,N,RPG,N
4700,Total War: MEDIEVAL II ' Definitive Edition,15/11/2006,2814,TRUE,239,Intel HD Graphics,APU,INT HD,0,1,2010,99,1,N,Strategy,Y
4700,Total War: MEDIEVAL II ' Definitive Edition,15/11/2006,2814,TRUE,239,Intel HD Graphics,APU,INT HD,0,1,2010,99,1,N,Free To Play,N
3590,Plants vs. Zombies GOTY Edition,05/05/2009,2656,TRUE,248,Radeon Graphics,APU,R GRAPHICS,0,1,2011,99,1,N,Action,N
3590,Plants vs. Zombies GOTY Edition,05/05/2009,2656,TRUE,248,Radeon Graphics,APU,R GRAPHICS,0,1,2011,99,1,N,Indie,N
3590,Plants vs. Zombies GOTY Edition,05/05/2009,2656,TRUE,248,Radeon Graphics,APU,R GRAPHICS,0,1,2011,99,1,N,Adventure,N
3590,Plants vs. Zombies GOTY Edition,05/05/2009,2656,TRUE,248,Radeon Graphics,APU,R GRAPHICS,0,1,2011,99,1,N,Simulation,N
3590,Plants vs. Zombies GOTY Edition,05/05/2009,2656,TRUE,248,Radeon Graphics,APU,R GRAPHICS,0,1,2011,99,1,N,RPG,N
3590,Plants vs. Zombies GOTY Edition,05/05/2009,2656,TRUE,248,Radeon Graphics,APU,R GRAPHICS,0,1,2011,99,1,N,Strategy,Y
3590,Plants vs. Zombies GOTY Edition,05/05/2009,2656,TRUE,248,Radeon Graphics,APU,R GRAPHICS,0,1,2011,99,1,N,Free To Play,N
22330,The Elder Scrolls IV: Oblivion Game of the Year Edition (2009),16/06/2009,1156,FALSE,451,Radeon Graphics,APU,R GRAPHICS,0,1,2011,99,1,N,Action,N
22330,The Elder Scrolls IV: Oblivion Game of the Year Edition (2009),16/06/2009,1156,FALSE,451,Radeon Graphics,APU,R GRAPHICS,0,1,2011,99,1,N,Indie,N
22330,The Elder Scrolls IV: Oblivion Game of the Year Edition (2009),16/06/2009,1156,FALSE,451,Radeon Graphics,APU,R GRAPHICS,0,1,2011,99,1,N,Adventure,N
22330,The Elder Scrolls IV: Oblivion Game of the Year Edition (2009),16/06/2009,1156,FALSE,451,Radeon Graphics,APU,R GRAPHICS,0,1,2011,99,1,N,Simulation,N
22330,The Elder Scrolls IV: Oblivion Game of the Year Edition (2009),16/06/2009,1156,FALSE,451,Radeon Graphics,APU,R GRAPHICS,0,1,2011,99,1,N,RPG,Y
22330,The Elder Scrolls IV: Oblivion Game of the Year Edition (2009),16/06/2009,1156,FALSE,451,Radeon Graphics,APU,R GRAPHICS,0,1,2011,99,1,N,Strategy,N
22330,The Elder Scrolls IV: Oblivion Game of the Year Edition (2009),16/06/2009,1156,FALSE,451,Radeon Graphics,APU,R GRAPHICS,0,1,2011,99,1,N,Free To Play,N
388080,Wingspan,23/07/2015,569,FALSE,701,Radeon Graphics,APU,R GRAPHICS,0,1,2011,99,1,N,Action,Y
388080,Wingspan,23/07/2015,569,FALSE,701,Radeon Graphics,APU,R GRAPHICS,0,1,2011,99,1,N,Indie,N
388080,Wingspan,23/07/2015,569,FALSE,701,Radeon Graphics,APU,R GRAPHICS,0,1,2011,99,1,N,Adventure,N
388080,Wingspan,23/07/2015,569,FALSE,701,Radeon Graphics,APU,R GRAPHICS,0,1,2011,99,1,N,Simulation,N
388080,Wingspan,23/07/2015,569,FALSE,701,Radeon Graphics,APU,R GRAPHICS,0,1,2011,99,1,N,RPG,N
388080,Wingspan,23/07/2015,569,FALSE,701,Radeon Graphics,APU,R GRAPHICS,0,1,2011,99,1,N,Strategy,N
388080,Wingspan,23/07/2015,569,FALSE,701,Radeon Graphics,APU,R GRAPHICS,0,1,2011,99,1,N,Free To Play,N
466170,Idling to Rule the Gods,27/05/2016,1157,TRUE,450,Radeon Graphics,APU,R GRAPHICS,0,1,2011,99,1,N,Action,N
466170,Idling to Rule the Gods,27/05/2016,1157,TRUE,450,Radeon Graphics,APU,R GRAPHICS,0,1,2011,99,1,N,Indie,Y
466170,Idling to Rule the Gods,27/05/2016,1157,TRUE,450,Radeon Graphics,APU,R GRAPHICS,0,1,2011,99,1,N,Adventure,N
466170,Idling to Rule the Gods,27/05/2016,1157,TRUE,450,Radeon Graphics,APU,R GRAPHICS,0,1,2011,99,1,N,Simulation,Y
466170,Idling to Rule the Gods,27/05/2016,1157,TRUE,450,Radeon Graphics,APU,R GRAPHICS,0,1,2011,99,1,N,RPG,N
466170,Idling to Rule the Gods,27/05/2016,1157,TRUE,450,Radeon Graphics,APU,R GRAPHICS,0,1,2011,99,1,N,Strategy,Y
466170,Idling to Rule the Gods,27/05/2016,1157,TRUE,450,Radeon Graphics,APU,R GRAPHICS,0,1,2011,99,1,N,Free To Play,Y
221380,Age of Empires II (Retired),09/04/2013,2278,FALSE,278,Radeon Graphics,APU,R GRAPHICS,0,1,2011,99,1,N,Action,N
221380,Age of Empires II (Retired),09/04/2013,2278,FALSE,278,Radeon Graphics,APU,R GRAPHICS,0,1,2011,99,1,N,Indie,N
221380,Age of Empires II (Retired),09/04/2013,2278,FALSE,278,Radeon Graphics,APU,R GRAPHICS,0,1,2011,99,1,N,Adventure,N
221380,Age of Empires II (Retired),09/04/2013,2278,FALSE,278,Radeon Graphics,APU,R GRAPHICS,0,1,2011,99,1,N,Simulation,N
221380,Age of Empires II (Retired),09/04/2013,2278,FALSE,278,Radeon Graphics,APU,R GRAPHICS,0,1,2011,99,1,N,RPG,N
221380,Age of Empires II (Retired),09/04/2013,2278,FALSE,278,Radeon Graphics,APU,R GRAPHICS,0,1,2011,99,1,N,Strategy,Y
221380,Age of Empires II (Retired),09/04/2013,2278,FALSE,278,Radeon Graphics,APU,R GRAPHICS,0,1,2011,99,1,N,Free To Play,N
21690,Command & Conquer Remastered Collection,15/09/2009,566,FALSE,706,Radeon Graphics,APU,R GRAPHICS,0,1,2011,99,1,N,Action,Y
21690,Command & Conquer Remastered Collection,15/09/2009,566,FALSE,706,Radeon Graphics,APU,R GRAPHICS,0,1,2011,99,1,N,Indie,N
21690,Command & Conquer Remastered Collection,15/09/2009,566,FALSE,706,Radeon Graphics,APU,R GRAPHICS,0,1,2011,99,1,N,Adventure,Y
21690,Command & Conquer Remastered Collection,15/09/2009,566,FALSE,706,Radeon Graphics,APU,R GRAPHICS,0,1,2011,99,1,N,Simulation,N
21690,Command & Conquer Remastered Collection,15/09/2009,566,FALSE,706,Radeon Graphics,APU,R GRAPHICS,0,1,2011,99,1,N,RPG,N
21690,Command & Conquer Remastered Collection,15/09/2009,566,FALSE,706,Radeon Graphics,APU,R GRAPHICS,0,1,2011,99,1,N,Strategy,N
21690,Command & Conquer Remastered Collection,15/09/2009,566,FALSE,706,Radeon Graphics,APU,R GRAPHICS,0,1,2011,99,1,N,Free To Play,N
311690,Enter the Gungeon,05/04/2016,1165,FALSE,446,Radeon Graphics,APU,R GRAPHICS,0,1,2011,99,1,N,Action,Y
311690,Enter the Gungeon,05/04/2016,1165,FALSE,446,Radeon Graphics,APU,R GRAPHICS,0,1,2011,99,1,N,Indie,Y
311690,Enter the Gungeon,05/04/2016,1165,FALSE,446,Radeon Graphics,APU,R GRAPHICS,0,1,2011,99,1,N,Adventure,Y
311690,Enter the Gungeon,05/04/2016,1165,FALSE,446,Radeon Graphics,APU,R GRAPHICS,0,1,2011,99,1,N,Simulation,N
311690,Enter the Gungeon,05/04/2016,1165,FALSE,446,Radeon Graphics,APU,R GRAPHICS,0,1,2011,99,1,N,RPG,N
311690,Enter the Gungeon,05/04/2016,1165,FALSE,446,Radeon Graphics,APU,R GRAPHICS,0,1,2011,99,1,N,Strategy,N
311690,Enter the Gungeon,05/04/2016,1165,FALSE,446,Radeon Graphics,APU,R GRAPHICS,0,1,2011,99,1,N,Free To Play,N
212200,Age of Empires: Definitive Edition,06/12/2012,559,FALSE,709,Radeon Graphics,APU,R GRAPHICS,0,1,2011,99,1,N,Action,Y
212200,Age of Empires: Definitive Edition,06/12/2012,559,FALSE,709,Radeon Graphics,APU,R GRAPHICS,0,1,2011,99,1,N,Indie,N
212200,Age of Empires: Definitive Edition,06/12/2012,559,FALSE,709,Radeon Graphics,APU,R GRAPHICS,0,1,2011,99,1,N,Adventure,Y
212200,Age of Empires: Definitive Edition,06/12/2012,559,FALSE,709,Radeon Graphics,APU,R GRAPHICS,0,1,2011,99,1,N,Simulation,Y
212200,Age of Empires: Definitive Edition,06/12/2012,559,FALSE,709,Radeon Graphics,APU,R GRAPHICS,0,1,2011,99,1,N,RPG,Y
212200,Age of Empires: Definitive Edition,06/12/2012,559,FALSE,709,Radeon Graphics,APU,R GRAPHICS,0,1,2011,99,1,N,Strategy,N
212200,Age of Empires: Definitive Edition,06/12/2012,559,FALSE,709,Radeon Graphics,APU,R GRAPHICS,0,1,2011,99,1,N,Free To Play,Y
224260,Satisfactory Modeler,31/10/2013,473,FALSE,799,Radeon Graphics,APU,R GRAPHICS,0,1,2011,99,1,N,Action,Y
224260,Satisfactory Modeler,31/10/2013,473,FALSE,799,Radeon Graphics,APU,R GRAPHICS,0,1,2011,99,1,N,Indie,Y
224260,Satisfactory Modeler,31/10/2013,473,FALSE,799,Radeon Graphics,APU,R GRAPHICS,0,1,2011,99,1,N,Adventure,N
224260,Satisfactory Modeler,31/10/2013,473,FALSE,799,Radeon Graphics,APU,R GRAPHICS,0,1,2011,99,1,N,Simulation,N
224260,Satisfactory Modeler,31/10/2013,473,FALSE,799,Radeon Graphics,APU,R GRAPHICS,0,1,2011,99,1,N,RPG,N
224260,Satisfactory Modeler,31/10/2013,473,FALSE,799,Radeon Graphics,APU,R GRAPHICS,0,1,2011,99,1,N,Strategy,N
224260,Satisfactory Modeler,31/10/2013,473,FALSE,799,Radeon Graphics,APU,R GRAPHICS,0,1,2011,99,1,N,Free To Play,Y
10500,Total War: EMPIRE ' Definitive Edition,04/03/2009,2028,TRUE,301,Radeon Graphics,APU,R GRAPHICS,0,1,2011,99,1,N,Action,N
10500,Total War: EMPIRE ' Definitive Edition,04/03/2009,2028,TRUE,301,Radeon Graphics,APU,R GRAPHICS,0,1,2011,99,1,N,Indie,N
10500,Total War: EMPIRE ' Definitive Edition,04/03/2009,2028,TRUE,301,Radeon Graphics,APU,R GRAPHICS,0,1,2011,99,1,N,Adventure,N
10500,Total War: EMPIRE ' Definitive Edition,04/03/2009,2028,TRUE,301,Radeon Graphics,APU,R GRAPHICS,0,1,2011,99,1,N,Simulation,N
10500,Total War: EMPIRE ' Definitive Edition,04/03/2009,2028,TRUE,301,Radeon Graphics,APU,R GRAPHICS,0,1,2011,99,1,N,RPG,N
10500,Total War: EMPIRE ' Definitive Edition,04/03/2009,2028,TRUE,301,Radeon Graphics,APU,R GRAPHICS,0,1,2011,99,1,N,Strategy,Y
10500,Total War: EMPIRE ' Definitive Edition,04/03/2009,2028,TRUE,301,Radeon Graphics,APU,R GRAPHICS,0,1,2011,99,1,N,Free To Play,N
20920,Blasphemous,16/04/2012,479,TRUE,793,Radeon Graphics,APU,R GRAPHICS,0,1,2011,99,1,N,Action,N
20920,Blasphemous,16/04/2012,479,TRUE,793,Radeon Graphics,APU,R GRAPHICS,0,1,2011,99,1,N,Indie,N
20920,Blasphemous,16/04/2012,479,TRUE,793,Radeon Graphics,APU,R GRAPHICS,0,1,2011,99,1,N,Adventure,N
20920,Blasphemous,16/04/2012,479,TRUE,793,Radeon Graphics,APU,R GRAPHICS,0,1,2011,99,1,N,Simulation,N
20920,Blasphemous,16/04/2012,479,TRUE,793,Radeon Graphics,APU,R GRAPHICS,0,1,2011,99,1,N,RPG,Y
20920,Blasphemous,16/04/2012,479,TRUE,793,Radeon Graphics,APU,R GRAPHICS,0,1,2011,99,1,N,Strategy,N
20920,Blasphemous,16/04/2012,479,TRUE,793,Radeon Graphics,APU,R GRAPHICS,0,1,2011,99,1,N,Free To Play,N
363970,Clicker Heroes,13/05/2015,2019,TRUE,303,Radeon Graphics,APU,R GRAPHICS,0,1,2011,99,1,N,Action,N
363970,Clicker Heroes,13/05/2015,2019,TRUE,303,Radeon Graphics,APU,R GRAPHICS,0,1,2011,99,1,N,Indie,Y
363970,Clicker Heroes,13/05/2015,2019,TRUE,303,Radeon Graphics,APU,R GRAPHICS,0,1,2011,99,1,N,Adventure,Y
363970,Clicker Heroes,13/05/2015,2019,TRUE,303,Radeon Graphics,APU,R GRAPHICS,0,1,2011,99,1,N,Simulation,Y
363970,Clicker Heroes,13/05/2015,2019,TRUE,303,Radeon Graphics,APU,R GRAPHICS,0,1,2011,99,1,N,RPG,Y
363970,Clicker Heroes,13/05/2015,2019,TRUE,303,Radeon Graphics,APU,R GRAPHICS,0,1,2011,99,1,N,Strategy,Y
363970,Clicker Heroes,13/05/2015,2019,TRUE,303,Radeon Graphics,APU,R GRAPHICS,0,1,2011,99,1,N,Free To Play,Y
203160,ROUNDS,04/03/2013,556,TRUE,713,Radeon Graphics,APU,R GRAPHICS,0,1,2011,99,1,N,Action,Y
203160,ROUNDS,04/03/2013,556,TRUE,713,Radeon Graphics,APU,R GRAPHICS,0,1,2011,99,1,N,Indie,N
203160,ROUNDS,04/03/2013,556,TRUE,713,Radeon Graphics,APU,R GRAPHICS,0,1,2011,99,1,N,Adventure,Y
203160,ROUNDS,04/03/2013,556,TRUE,713,Radeon Graphics,APU,R GRAPHICS,0,1,2011,99,1,N,Simulation,N
203160,ROUNDS,04/03/2013,556,TRUE,713,Radeon Graphics,APU,R GRAPHICS,0,1,2011,99,1,N,RPG,N
203160,ROUNDS,04/03/2013,556,TRUE,713,Radeon Graphics,APU,R GRAPHICS,0,1,2011,99,1,N,Strategy,N
203160,ROUNDS,04/03/2013,556,TRUE,713,Radeon Graphics,APU,R GRAPHICS,0,1,2011,99,1,N,Free To Play,N
32470,STAR WARS Empire at War - Gold Pack,25/05/2010,2818,FALSE,238,Radeon Graphics,APU,R GRAPHICS,0,1,2011,99,1,N,Action,N
32470,STAR WARS Empire at War - Gold Pack,25/05/2010,2818,FALSE,238,Radeon Graphics,APU,R GRAPHICS,0,1,2011,99,1,N,Indie,N
32470,STAR WARS Empire at War - Gold Pack,25/05/2010,2818,FALSE,238,Radeon Graphics,APU,R GRAPHICS,0,1,2011,99,1,N,Adventure,N
32470,STAR WARS Empire at War - Gold Pack,25/05/2010,2818,FALSE,238,Radeon Graphics,APU,R GRAPHICS,0,1,2011,99,1,N,Simulation,N
32470,STAR WARS Empire at War - Gold Pack,25/05/2010,2818,FALSE,238,Radeon Graphics,APU,R GRAPHICS,0,1,2011,99,1,N,RPG,N
32470,STAR WARS Empire at War - Gold Pack,25/05/2010,2818,FALSE,238,Radeon Graphics,APU,R GRAPHICS,0,1,2011,99,1,N,Strategy,Y
32470,STAR WARS Empire at War - Gold Pack,25/05/2010,2818,FALSE,238,Radeon Graphics,APU,R GRAPHICS,0,1,2011,99,1,N,Free To Play,N
293760,Volcano Princess,12/03/2015,554,FALSE,715,Radeon Graphics,APU,R GRAPHICS,0,1,2011,99,1,N,Action,N
293760,Volcano Princess,12/03/2015,554,FALSE,715,Radeon Graphics,APU,R GRAPHICS,0,1,2011,99,1,N,Indie,Y
293760,Volcano Princess,12/03/2015,554,FALSE,715,Radeon Graphics,APU,R GRAPHICS,0,1,2011,99,1,N,Adventure,N
293760,Volcano Princess,12/03/2015,554,FALSE,715,Radeon Graphics,APU,R GRAPHICS,0,1,2011,99,1,N,Simulation,Y
293760,Volcano Princess,12/03/2015,554,FALSE,715,Radeon Graphics,APU,R GRAPHICS,0,1,2011,99,1,N,RPG,N
293760,Volcano Princess,12/03/2015,554,FALSE,715,Radeon Graphics,APU,R GRAPHICS,0,1,2011,99,1,N,Strategy,Y
293760,Volcano Princess,12/03/2015,554,FALSE,715,Radeon Graphics,APU,R GRAPHICS,0,1,2011,99,1,N,Free To Play,N
220200,Kerbal Space Program,27/04/2015,1844,TRUE,315,Radeon Graphics,APU,R GRAPHICS,0,1,2011,99,1,N,Action,N
220200,Kerbal Space Program,27/04/2015,1844,TRUE,315,Radeon Graphics,APU,R GRAPHICS,0,1,2011,99,1,N,Indie,Y
220200,Kerbal Space Program,27/04/2015,1844,TRUE,315,Radeon Graphics,APU,R GRAPHICS,0,1,2011,99,1,N,Adventure,N
220200,Kerbal Space Program,27/04/2015,1844,TRUE,315,Radeon Graphics,APU,R GRAPHICS,0,1,2011,99,1,N,Simulation,Y
220200,Kerbal Space Program,27/04/2015,1844,TRUE,315,Radeon Graphics,APU,R GRAPHICS,0,1,2011,99,1,N,RPG,N
220200,Kerbal Space Program,27/04/2015,1844,TRUE,315,Radeon Graphics,APU,R GRAPHICS,0,1,2011,99,1,N,Strategy,N
220200,Kerbal Space Program,27/04/2015,1844,TRUE,315,Radeon Graphics,APU,R GRAPHICS,0,1,2011,99,1,N,Free To Play,N
4760,STAR WARS Knights of the Old Republic II - The Sith Lords,28/08/2007,552,FALSE,718,Radeon Graphics,APU,R GRAPHICS,0,1,2011,99,1,N,Action,N
4760,STAR WARS Knights of the Old Republic II - The Sith Lords,28/08/2007,552,FALSE,718,Radeon Graphics,APU,R GRAPHICS,0,1,2011,99,1,N,Indie,N
4760,STAR WARS Knights of the Old Republic II - The Sith Lords,28/08/2007,552,FALSE,718,Radeon Graphics,APU,R GRAPHICS,0,1,2011,99,1,N,Adventure,N
4760,STAR WARS Knights of the Old Republic II - The Sith Lords,28/08/2007,552,FALSE,718,Radeon Graphics,APU,R GRAPHICS,0,1,2011,99,1,N,Simulation,N
4760,STAR WARS Knights of the Old Republic II - The Sith Lords,28/08/2007,552,FALSE,718,Radeon Graphics,APU,R GRAPHICS,0,1,2011,99,1,N,RPG,N
4760,STAR WARS Knights of the Old Republic II - The Sith Lords,28/08/2007,552,FALSE,718,Radeon Graphics,APU,R GRAPHICS,0,1,2011,99,1,N,Strategy,Y
4760,STAR WARS Knights of the Old Republic II - The Sith Lords,28/08/2007,552,FALSE,718,Radeon Graphics,APU,R GRAPHICS,0,1,2011,99,1,N,Free To Play,N
208580,VBridger,23/08/2012,551,TRUE,720,Radeon Graphics,APU,R GRAPHICS,0,1,2011,99,1,N,Action,N
208580,VBridger,23/08/2012,551,TRUE,720,Radeon Graphics,APU,R GRAPHICS,0,1,2011,99,1,N,Indie,N
208580,VBridger,23/08/2012,551,TRUE,720,Radeon Graphics,APU,R GRAPHICS,0,1,2011,99,1,N,Adventure,N
208580,VBridger,23/08/2012,551,TRUE,720,Radeon Graphics,APU,R GRAPHICS,0,1,2011,99,1,N,Simulation,N
208580,VBridger,23/08/2012,551,TRUE,720,Radeon Graphics,APU,R GRAPHICS,0,1,2011,99,1,N,RPG,Y
208580,VBridger,23/08/2012,551,TRUE,720,Radeon Graphics,APU,R GRAPHICS,0,1,2011,99,1,N,Strategy,N
208580,VBridger,23/08/2012,551,TRUE,720,Radeon Graphics,APU,R GRAPHICS,0,1,2011,99,1,N,Free To Play,N
297000,Heroes of Might & Magic III - HD Edition,28/01/2015,1213,FALSE,438,Radeon Graphics,APU,R GRAPHICS,0,1,2011,99,1,N,Action,N
297000,Heroes of Might & Magic III - HD Edition,28/01/2015,1213,FALSE,438,Radeon Graphics,APU,R GRAPHICS,0,1,2011,99,1,N,Indie,N
297000,Heroes of Might & Magic III - HD Edition,28/01/2015,1213,FALSE,438,Radeon Graphics,APU,R GRAPHICS,0,1,2011,99,1,N,Adventure,N
297000,Heroes of Might & Magic III - HD Edition,28/01/2015,1213,FALSE,438,Radeon Graphics,APU,R GRAPHICS,0,1,2011,99,1,N,Simulation,N
297000,Heroes of Might & Magic III - HD Edition,28/01/2015,1213,FALSE,438,Radeon Graphics,APU,R GRAPHICS,0,1,2011,99,1,N,RPG,Y
297000,Heroes of Might & Magic III - HD Edition,28/01/2015,1213,FALSE,438,Radeon Graphics,APU,R GRAPHICS,0,1,2011,99,1,N,Strategy,Y
297000,Heroes of Might & Magic III - HD Edition,28/01/2015,1213,FALSE,438,Radeon Graphics,APU,R GRAPHICS,0,1,2011,99,1,N,Free To Play,N
47890,The Sims 3,27/01/2011,1264,FALSE,431,Radeon Graphics,APU,R GRAPHICS,0,1,2011,99,1,N,Action,N
47890,The Sims 3,27/01/2011,1264,FALSE,431,Radeon Graphics,APU,R GRAPHICS,0,1,2011,99,1,N,Indie,N
47890,The Sims 3,27/01/2011,1264,FALSE,431,Radeon Graphics,APU,R GRAPHICS,0,1,2011,99,1,N,Adventure,N
47890,The Sims 3,27/01/2011,1264,FALSE,431,Radeon Graphics,APU,R GRAPHICS,0,1,2011,99,1,N,Simulation,Y
47890,The Sims 3,27/01/2011,1264,FALSE,431,Radeon Graphics,APU,R GRAPHICS,0,1,2011,99,1,N,RPG,N
47890,The Sims 3,27/01/2011,1264,FALSE,431,Radeon Graphics,APU,R GRAPHICS,0,1,2011,99,1,N,Strategy,N
47890,The Sims 3,27/01/2011,1264,FALSE,431,Radeon Graphics,APU,R GRAPHICS,0,1,2011,99,1,N,Free To Play,N
335240,Transformice,30/01/2015,1284,TRUE,424,Radeon Graphics,APU,R GRAPHICS,0,1,2011,99,1,N,Action,N
335240,Transformice,30/01/2015,1284,TRUE,424,Radeon Graphics,APU,R GRAPHICS,0,1,2011,99,1,N,Indie,Y
335240,Transformice,30/01/2015,1284,TRUE,424,Radeon Graphics,APU,R GRAPHICS,0,1,2011,99,1,N,Adventure,N
335240,Transformice,30/01/2015,1284,TRUE,424,Radeon Graphics,APU,R GRAPHICS,0,1,2011,99,1,N,Simulation,N
335240,Transformice,30/01/2015,1284,TRUE,424,Radeon Graphics,APU,R GRAPHICS,0,1,2011,99,1,N,RPG,N
335240,Transformice,30/01/2015,1284,TRUE,424,Radeon Graphics,APU,R GRAPHICS,0,1,2011,99,1,N,Strategy,N
335240,Transformice,30/01/2015,1284,TRUE,424,Radeon Graphics,APU,R GRAPHICS,0,1,2011,99,1,N,Free To Play,Y
24200,Fast Food Simulator,02/11/2011,546,FALSE,727,Radeon Graphics,APU,R GRAPHICS,0,1,2011,99,1,N,Action,Y
24200,Fast Food Simulator,02/11/2011,546,FALSE,727,Radeon Graphics,APU,R GRAPHICS,0,1,2011,99,1,N,Indie,N
24200,Fast Food Simulator,02/11/2011,546,FALSE,727,Radeon Graphics,APU,R GRAPHICS,0,1,2011,99,1,N,Adventure,Y
24200,Fast Food Simulator,02/11/2011,546,FALSE,727,Radeon Graphics,APU,R GRAPHICS,0,1,2011,99,1,N,Simulation,N
24200,Fast Food Simulator,02/11/2011,546,FALSE,727,Radeon Graphics,APU,R GRAPHICS,0,1,2011,99,1,N,RPG,Y
24200,Fast Food Simulator,02/11/2011,546,FALSE,727,Radeon Graphics,APU,R GRAPHICS,0,1,2011,99,1,N,Strategy,N
24200,Fast Food Simulator,02/11/2011,546,FALSE,727,Radeon Graphics,APU,R GRAPHICS,0,1,2011,99,1,N,Free To Play,Y
212680,FTL: Faster Than Light,14/09/2012,1566,TRUE,360,Radeon Graphics,APU,R GRAPHICS,0,1,2011,99,1,N,Action,N
212680,FTL: Faster Than Light,14/09/2012,1566,TRUE,360,Radeon Graphics,APU,R GRAPHICS,0,1,2011,99,1,N,Indie,Y
212680,FTL: Faster Than Light,14/09/2012,1566,TRUE,360,Radeon Graphics,APU,R GRAPHICS,0,1,2011,99,1,N,Adventure,N
212680,FTL: Faster Than Light,14/09/2012,1566,TRUE,360,Radeon Graphics,APU,R GRAPHICS,0,1,2011,99,1,N,Simulation,Y
212680,FTL: Faster Than Light,14/09/2012,1566,TRUE,360,Radeon Graphics,APU,R GRAPHICS,0,1,2011,99,1,N,RPG,N
212680,FTL: Faster Than Light,14/09/2012,1566,TRUE,360,Radeon Graphics,APU,R GRAPHICS,0,1,2011,99,1,N,Strategy,Y
212680,FTL: Faster Than Light,14/09/2012,1566,TRUE,360,Radeon Graphics,APU,R GRAPHICS,0,1,2011,99,1,N,Free To Play,N
220,Half-Life 2,16/11/2004,1555,FALSE,363,Intel HD Graphics,APU,INT HD,0,1,2010,99,1,N,Action,Y
220,Half-Life 2,16/11/2004,1555,FALSE,363,Intel HD Graphics,APU,INT HD,0,1,2010,99,1,N,Indie,N
220,Half-Life 2,16/11/2004,1555,FALSE,363,Intel HD Graphics,APU,INT HD,0,1,2010,99,1,N,Adventure,N
220,Half-Life 2,16/11/2004,1555,FALSE,363,Intel HD Graphics,APU,INT HD,0,1,2010,99,1,N,Simulation,N
220,Half-Life 2,16/11/2004,1555,FALSE,363,Intel HD Graphics,APU,INT HD,0,1,2010,99,1,N,RPG,N
220,Half-Life 2,16/11/2004,1555,FALSE,363,Intel HD Graphics,APU,INT HD,0,1,2010,99,1,N,Strategy,N
220,Half-Life 2,16/11/2004,1555,FALSE,363,Intel HD Graphics,APU,INT HD,0,1,2010,99,1,N,Free To Play,N
203770,Crusader Kings II,14/02/2012,1373,TRUE,402,Radeon Graphics,APU,R GRAPHICS,0,1,2011,99,1,N,Action,N
203770,Crusader Kings II,14/02/2012,1373,TRUE,402,Radeon Graphics,APU,R GRAPHICS,0,1,2011,99,1,N,Indie,N
203770,Crusader Kings II,14/02/2012,1373,TRUE,402,Radeon Graphics,APU,R GRAPHICS,0,1,2011,99,1,N,Adventure,N
203770,Crusader Kings II,14/02/2012,1373,TRUE,402,Radeon Graphics,APU,R GRAPHICS,0,1,2011,99,1,N,Simulation,Y
203770,Crusader Kings II,14/02/2012,1373,TRUE,402,Radeon Graphics,APU,R GRAPHICS,0,1,2011,99,1,N,RPG,Y
203770,Crusader Kings II,14/02/2012,1373,TRUE,402,Radeon Graphics,APU,R GRAPHICS,0,1,2011,99,1,N,Strategy,Y
203770,Crusader Kings II,14/02/2012,1373,TRUE,402,Radeon Graphics,APU,R GRAPHICS,0,1,2011,99,1,N,Free To Play,Y
42700,Cyber Knights: Flashpoint,09/11/2010,527,FALSE,737,Radeon Graphics,APU,R GRAPHICS,0,1,2011,99,1,N,Action,Y
42700,Cyber Knights: Flashpoint,09/11/2010,527,FALSE,737,Radeon Graphics,APU,R GRAPHICS,0,1,2011,99,1,N,Indie,N
42700,Cyber Knights: Flashpoint,09/11/2010,527,FALSE,737,Radeon Graphics,APU,R GRAPHICS,0,1,2011,99,1,N,Adventure,N
42700,Cyber Knights: Flashpoint,09/11/2010,527,FALSE,737,Radeon Graphics,APU,R GRAPHICS,0,1,2011,99,1,N,Simulation,N
42700,Cyber Knights: Flashpoint,09/11/2010,527,FALSE,737,Radeon Graphics,APU,R GRAPHICS,0,1,2011,99,1,N,RPG,N
42700,Cyber Knights: Flashpoint,09/11/2010,527,FALSE,737,Radeon Graphics,APU,R GRAPHICS,0,1,2011,99,1,N,Strategy,N
42700,Cyber Knights: Flashpoint,09/11/2010,527,FALSE,737,Radeon Graphics,APU,R GRAPHICS,0,1,2011,99,1,N,Free To Play,N
3910,Sid Meier's Civilization III Complete,25/10/2006,1383,FALSE,399,Intel HD Graphics,APU,INT HD,0,1,2010,99,1,N,Action,N
3910,Sid Meier's Civilization III Complete,25/10/2006,1383,FALSE,399,Intel HD Graphics,APU,INT HD,0,1,2010,99,1,N,Indie,N
3910,Sid Meier's Civilization III Complete,25/10/2006,1383,FALSE,399,Intel HD Graphics,APU,INT HD,0,1,2010,99,1,N,Adventure,N
3910,Sid Meier's Civilization III Complete,25/10/2006,1383,FALSE,399,Intel HD Graphics,APU,INT HD,0,1,2010,99,1,N,Simulation,N
3910,Sid Meier's Civilization III Complete,25/10/2006,1383,FALSE,399,Intel HD Graphics,APU,INT HD,0,1,2010,99,1,N,RPG,N
3910,Sid Meier's Civilization III Complete,25/10/2006,1383,FALSE,399,Intel HD Graphics,APU,INT HD,0,1,2010,99,1,N,Strategy,Y
3910,Sid Meier's Civilization III Complete,25/10/2006,1383,FALSE,399,Intel HD Graphics,APU,INT HD,0,1,2010,99,1,N,Free To Play,N
219740,Don't Starve,23/04/2013,1472,TRUE,378,Radeon Graphics,APU,R GRAPHICS,0,1,2011,99,1,N,Action,N
219740,Don't Starve,23/04/2013,1472,TRUE,378,Radeon Graphics,APU,R GRAPHICS,0,1,2011,99,1,N,Indie,Y
219740,Don't Starve,23/04/2013,1472,TRUE,378,Radeon Graphics,APU,R GRAPHICS,0,1,2011,99,1,N,Adventure,Y
219740,Don't Starve,23/04/2013,1472,TRUE,378,Radeon Graphics,APU,R GRAPHICS,0,1,2011,99,1,N,Simulation,Y
219740,Don't Starve,23/04/2013,1472,TRUE,378,Radeon Graphics,APU,R GRAPHICS,0,1,2011,99,1,N,RPG,N
219740,Don't Starve,23/04/2013,1472,TRUE,378,Radeon Graphics,APU,R GRAPHICS,0,1,2011,99,1,N,Strategy,N
219740,Don't Starve,23/04/2013,1472,TRUE,378,Radeon Graphics,APU,R GRAPHICS,0,1,2011,99,1,N,Free To Play,N
221040,Void Crew,21/03/2013,515,FALSE,749,Radeon Graphics,APU,R GRAPHICS,0,1,2011,99,1,N,Action,Y
221040,Void Crew,21/03/2013,515,FALSE,749,Radeon Graphics,APU,R GRAPHICS,0,1,2011,99,1,N,Indie,N
221040,Void Crew,21/03/2013,515,FALSE,749,Radeon Graphics,APU,R GRAPHICS,0,1,2011,99,1,N,Adventure,Y
221040,Void Crew,21/03/2013,515,FALSE,749,Radeon Graphics,APU,R GRAPHICS,0,1,2011,99,1,N,Simulation,N
221040,Void Crew,21/03/2013,515,FALSE,749,Radeon Graphics,APU,R GRAPHICS,0,1,2011,99,1,N,RPG,N
221040,Void Crew,21/03/2013,515,FALSE,749,Radeon Graphics,APU,R GRAPHICS,0,1,2011,99,1,N,Strategy,N
221040,Void Crew,21/03/2013,515,FALSE,749,Radeon Graphics,APU,R GRAPHICS,0,1,2011,99,1,N,Free To Play,N
200210,Realm of the Mad God Exalt,20/02/2012,1853,TRUE,313,Radeon Graphics,APU,R GRAPHICS,0,1,2011,99,1,N,Action,Y
200210,Realm of the Mad God Exalt,20/02/2012,1853,TRUE,313,Radeon Graphics,APU,R GRAPHICS,0,1,2011,99,1,N,Indie,Y
200210,Realm of the Mad God Exalt,20/02/2012,1853,TRUE,313,Radeon Graphics,APU,R GRAPHICS,0,1,2011,99,1,N,Adventure,Y
200210,Realm of the Mad God Exalt,20/02/2012,1853,TRUE,313,Radeon Graphics,APU,R GRAPHICS,0,1,2011,99,1,N,Simulation,N
200210,Realm of the Mad God Exalt,20/02/2012,1853,TRUE,313,Radeon Graphics,APU,R GRAPHICS,0,1,2011,99,1,N,RPG,Y
200210,Realm of the Mad God Exalt,20/02/2012,1853,TRUE,313,Radeon Graphics,APU,R GRAPHICS,0,1,2011,99,1,N,Strategy,N
200210,Realm of the Mad God Exalt,20/02/2012,1853,TRUE,313,Radeon Graphics,APU,R GRAPHICS,0,1,2011,99,1,N,Free To Play,Y
459820,Crush Crush,18/10/2016,892,TRUE,530,Radeon Graphics,APU,R GRAPHICS,0,1,2011,99,1,N,Action,N
459820,Crush Crush,18/10/2016,892,TRUE,530,Radeon Graphics,APU,R GRAPHICS,0,1,2011,99,1,N,Indie,Y
459820,Crush Crush,18/10/2016,892,TRUE,530,Radeon Graphics,APU,R GRAPHICS,0,1,2011,99,1,N,Adventure,N
459820,Crush Crush,18/10/2016,892,TRUE,530,Radeon Graphics,APU,R GRAPHICS,0,1,2011,99,1,N,Simulation,N
459820,Crush Crush,18/10/2016,892,TRUE,530,Radeon Graphics,APU,R GRAPHICS,0,1,2011,99,1,N,RPG,N
459820,Crush Crush,18/10/2016,892,TRUE,530,Radeon Graphics,APU,R GRAPHICS,0,1,2011,99,1,N,Strategy,N
459820,Crush Crush,18/10/2016,892,TRUE,530,Radeon Graphics,APU,R GRAPHICS,0,1,2011,99,1,N,Free To Play,Y
346900,AdVenture Capitalist,30/03/2015,1109,TRUE,463,Radeon Graphics,APU,R GRAPHICS,0,1,2011,99,1,N,Action,N
346900,AdVenture Capitalist,30/03/2015,1109,TRUE,463,Radeon Graphics,APU,R GRAPHICS,0,1,2011,99,1,N,Indie,Y
346900,AdVenture Capitalist,30/03/2015,1109,TRUE,463,Radeon Graphics,APU,R GRAPHICS,0,1,2011,99,1,N,Adventure,N
346900,AdVenture Capitalist,30/03/2015,1109,TRUE,463,Radeon Graphics,APU,R GRAPHICS,0,1,2011,99,1,N,Simulation,N
346900,AdVenture Capitalist,30/03/2015,1109,TRUE,463,Radeon Graphics,APU,R GRAPHICS,0,1,2011,99,1,N,RPG,N
346900,AdVenture Capitalist,30/03/2015,1109,TRUE,463,Radeon Graphics,APU,R GRAPHICS,0,1,2011,99,1,N,Strategy,N
346900,AdVenture Capitalist,30/03/2015,1109,TRUE,463,Radeon Graphics,APU,R GRAPHICS,0,1,2011,99,1,N,Free To Play,Y
200510,Pathfinder: Kingmaker ' Enhanced Plus Edition,08/10/2012,590,FALSE,687,Radeon Graphics,APU,R GRAPHICS,0,1,2011,99,1,N,Action,N
200510,Pathfinder: Kingmaker ' Enhanced Plus Edition,08/10/2012,590,FALSE,687,Radeon Graphics,APU,R GRAPHICS,0,1,2011,99,1,N,Indie,N
200510,Pathfinder: Kingmaker ' Enhanced Plus Edition,08/10/2012,590,FALSE,687,Radeon Graphics,APU,R GRAPHICS,0,1,2011,99,1,N,Adventure,N
200510,Pathfinder: Kingmaker ' Enhanced Plus Edition,08/10/2012,590,FALSE,687,Radeon Graphics,APU,R GRAPHICS,0,1,2011,99,1,N,Simulation,N
200510,Pathfinder: Kingmaker ' Enhanced Plus Edition,08/10/2012,590,FALSE,687,Radeon Graphics,APU,R GRAPHICS,0,1,2011,99,1,N,RPG,N
200510,Pathfinder: Kingmaker ' Enhanced Plus Edition,08/10/2012,590,FALSE,687,Radeon Graphics,APU,R GRAPHICS,0,1,2011,99,1,N,Strategy,Y
200510,Pathfinder: Kingmaker ' Enhanced Plus Edition,08/10/2012,590,FALSE,687,Radeon Graphics,APU,R GRAPHICS,0,1,2011,99,1,N,Free To Play,N
400,DCS World Steam Edition,10/10/2007,638,FALSE,644,Radeon Graphics,APU,R GRAPHICS,0,1,2011,99,1,N,Action,Y
400,DCS World Steam Edition,10/10/2007,638,FALSE,644,Radeon Graphics,APU,R GRAPHICS,0,1,2011,99,1,N,Indie,N
400,DCS World Steam Edition,10/10/2007,638,FALSE,644,Radeon Graphics,APU,R GRAPHICS,0,1,2011,99,1,N,Adventure,N
400,DCS World Steam Edition,10/10/2007,638,FALSE,644,Radeon Graphics,APU,R GRAPHICS,0,1,2011,99,1,N,Simulation,N
400,DCS World Steam Edition,10/10/2007,638,FALSE,644,Radeon Graphics,APU,R GRAPHICS,0,1,2011,99,1,N,RPG,N
400,DCS World Steam Edition,10/10/2007,638,FALSE,644,Radeon Graphics,APU,R GRAPHICS,0,1,2011,99,1,N,Strategy,N
400,DCS World Steam Edition,10/10/2007,638,FALSE,644,Radeon Graphics,APU,R GRAPHICS,0,1,2011,99,1,N,Free To Play,N
22320,ｿｮｻｰｱ,16/06/2009,635,FALSE,647,Radeon Graphics,APU,R GRAPHICS,0,1,2011,99,1,N,Action,N
22320,ｿｮｻｰｱ,16/06/2009,635,FALSE,647,Radeon Graphics,APU,R GRAPHICS,0,1,2011,99,1,N,Indie,N
22320,ｿｮｻｰｱ,16/06/2009,635,FALSE,647,Radeon Graphics,APU,R GRAPHICS,0,1,2011,99,1,N,Adventure,N
22320,ｿｮｻｰｱ,16/06/2009,635,FALSE,647,Radeon Graphics,APU,R GRAPHICS,0,1,2011,99,1,N,Simulation,N
22320,ｿｮｻｰｱ,16/06/2009,635,FALSE,647,Radeon Graphics,APU,R GRAPHICS,0,1,2011,99,1,N,RPG,Y
22320,ｿｮｻｰｱ,16/06/2009,635,FALSE,647,Radeon Graphics,APU,R GRAPHICS,0,1,2011,99,1,N,Strategy,N
22320,ｿｮｻｰｱ,16/06/2009,635,FALSE,647,Radeon Graphics,APU,R GRAPHICS,0,1,2011,99,1,N,Free To Play,N
78000,Project Hospital,07/12/2010,387,TRUE,890,Radeon Graphics,APU,R GRAPHICS,0,1,2011,99,1,N,Action,N
78000,Project Hospital,07/12/2010,387,TRUE,890,Radeon Graphics,APU,R GRAPHICS,0,1,2011,99,1,N,Indie,N
78000,Project Hospital,07/12/2010,387,TRUE,890,Radeon Graphics,APU,R GRAPHICS,0,1,2011,99,1,N,Adventure,N
78000,Project Hospital,07/12/2010,387,TRUE,890,Radeon Graphics,APU,R GRAPHICS,0,1,2011,99,1,N,Simulation,N
78000,Project Hospital,07/12/2010,387,TRUE,890,Radeon Graphics,APU,R GRAPHICS,0,1,2011,99,1,N,RPG,N
78000,Project Hospital,07/12/2010,387,TRUE,890,Radeon Graphics,APU,R GRAPHICS,0,1,2011,99,1,N,Strategy,Y
78000,Project Hospital,07/12/2010,387,TRUE,890,Radeon Graphics,APU,R GRAPHICS,0,1,2011,99,1,N,Free To Play,N
70,UBOAT,19/11/1998,634,TRUE,649,Intel HD Graphics,APU,INT HD,0,1,2010,99,1,N,Action,Y
70,UBOAT,19/11/1998,634,TRUE,649,Intel HD Graphics,APU,INT HD,0,1,2010,99,1,N,Indie,N
70,UBOAT,19/11/1998,634,TRUE,649,Intel HD Graphics,APU,INT HD,0,1,2010,99,1,N,Adventure,N
70,UBOAT,19/11/1998,634,TRUE,649,Intel HD Graphics,APU,INT HD,0,1,2010,99,1,N,Simulation,N
70,UBOAT,19/11/1998,634,TRUE,649,Intel HD Graphics,APU,INT HD,0,1,2010,99,1,N,RPG,N
70,UBOAT,19/11/1998,634,TRUE,649,Intel HD Graphics,APU,INT HD,0,1,2010,99,1,N,Strategy,N
70,UBOAT,19/11/1998,634,TRUE,649,Intel HD Graphics,APU,INT HD,0,1,2010,99,1,N,Free To Play,N
240,Counter-Strike: Source,01/11/2004,6187,FALSE,135,Intel HD Graphics,APU,INT HD,0,1,2010,99,1,N,Action,Y
240,Counter-Strike: Source,01/11/2004,6187,FALSE,135,Intel HD Graphics,APU,INT HD,0,1,2010,99,1,N,Indie,N
240,Counter-Strike: Source,01/11/2004,6187,FALSE,135,Intel HD Graphics,APU,INT HD,0,1,2010,99,1,N,Adventure,N
240,Counter-Strike: Source,01/11/2004,6187,FALSE,135,Intel HD Graphics,APU,INT HD,0,1,2010,99,1,N,Simulation,N
240,Counter-Strike: Source,01/11/2004,6187,FALSE,135,Intel HD Graphics,APU,INT HD,0,1,2010,99,1,N,RPG,N
240,Counter-Strike: Source,01/11/2004,6187,FALSE,135,Intel HD Graphics,APU,INT HD,0,1,2010,99,1,N,Strategy,N
240,Counter-Strike: Source,01/11/2004,6187,FALSE,135,Intel HD Graphics,APU,INT HD,0,1,2010,99,1,N,Free To Play,N
265970,Empires of the Undergrowth,19/03/2015,401,TRUE,878,Radeon Graphics,APU,R GRAPHICS,0,1,2011,99,1,N,Action,N
265970,Empires of the Undergrowth,19/03/2015,401,TRUE,878,Radeon Graphics,APU,R GRAPHICS,0,1,2011,99,1,N,Indie,N
265970,Empires of the Undergrowth,19/03/2015,401,TRUE,878,Radeon Graphics,APU,R GRAPHICS,0,1,2011,99,1,N,Adventure,N
265970,Empires of the Undergrowth,19/03/2015,401,TRUE,878,Radeon Graphics,APU,R GRAPHICS,0,1,2011,99,1,N,Simulation,N
265970,Empires of the Undergrowth,19/03/2015,401,TRUE,878,Radeon Graphics,APU,R GRAPHICS,0,1,2011,99,1,N,RPG,Y
265970,Empires of the Undergrowth,19/03/2015,401,TRUE,878,Radeon Graphics,APU,R GRAPHICS,0,1,2011,99,1,N,Strategy,Y
265970,Empires of the Undergrowth,19/03/2015,401,TRUE,878,Radeon Graphics,APU,R GRAPHICS,0,1,2011,99,1,N,Free To Play,N
39510,Dome Keeper,29/11/2005,404,FALSE,875,Intel HD Graphics,APU,INT HD,0,1,2010,99,1,N,Action,Y
39510,Dome Keeper,29/11/2005,404,FALSE,875,Intel HD Graphics,APU,INT HD,0,1,2010,99,1,N,Indie,N
39510,Dome Keeper,29/11/2005,404,FALSE,875,Intel HD Graphics,APU,INT HD,0,1,2010,99,1,N,Adventure,N
39510,Dome Keeper,29/11/2005,404,FALSE,875,Intel HD Graphics,APU,INT HD,0,1,2010,99,1,N,Simulation,N
39510,Dome Keeper,29/11/2005,404,FALSE,875,Intel HD Graphics,APU,INT HD,0,1,2010,99,1,N,RPG,Y
39510,Dome Keeper,29/11/2005,404,FALSE,875,Intel HD Graphics,APU,INT HD,0,1,2010,99,1,N,Strategy,N
39510,Dome Keeper,29/11/2005,404,FALSE,875,Intel HD Graphics,APU,INT HD,0,1,2010,99,1,N,Free To Play,N
219150,Gothic II: Gold Edition,23/10/2012,404,TRUE,875,Radeon Graphics,APU,R GRAPHICS,0,1,2011,99,1,N,Action,Y
219150,Gothic II: Gold Edition,23/10/2012,404,TRUE,875,Radeon Graphics,APU,R GRAPHICS,0,1,2011,99,1,N,Indie,Y
219150,Gothic II: Gold Edition,23/10/2012,404,TRUE,875,Radeon Graphics,APU,R GRAPHICS,0,1,2011,99,1,N,Adventure,N
219150,Gothic II: Gold Edition,23/10/2012,404,TRUE,875,Radeon Graphics,APU,R GRAPHICS,0,1,2011,99,1,N,Simulation,N
219150,Gothic II: Gold Edition,23/10/2012,404,TRUE,875,Radeon Graphics,APU,R GRAPHICS,0,1,2011,99,1,N,RPG,N
219150,Gothic II: Gold Edition,23/10/2012,404,TRUE,875,Radeon Graphics,APU,R GRAPHICS,0,1,2011,99,1,N,Strategy,N
219150,Gothic II: Gold Edition,23/10/2012,404,TRUE,875,Radeon Graphics,APU,R GRAPHICS,0,1,2011,99,1,N,Free To Play,N
223710,Hotline Miami,25/04/2013,405,FALSE,874,Radeon Graphics,APU,R GRAPHICS,0,1,2011,99,1,N,Action,Y
223710,Hotline Miami,25/04/2013,405,FALSE,874,Radeon Graphics,APU,R GRAPHICS,0,1,2011,99,1,N,Indie,Y
223710,Hotline Miami,25/04/2013,405,FALSE,874,Radeon Graphics,APU,R GRAPHICS,0,1,2011,99,1,N,Adventure,Y
223710,Hotline Miami,25/04/2013,405,FALSE,874,Radeon Graphics,APU,R GRAPHICS,0,1,2011,99,1,N,Simulation,N
223710,Hotline Miami,25/04/2013,405,FALSE,874,Radeon Graphics,APU,R GRAPHICS,0,1,2011,99,1,N,RPG,N
223710,Hotline Miami,25/04/2013,405,FALSE,874,Radeon Graphics,APU,R GRAPHICS,0,1,2011,99,1,N,Strategy,N
223710,Hotline Miami,25/04/2013,405,FALSE,874,Radeon Graphics,APU,R GRAPHICS,0,1,2011,99,1,N,Free To Play,N
286160,Tabletop Simulator,05/06/2015,5021,TRUE,156,Radeon Graphics,APU,R GRAPHICS,0,1,2011,99,1,N,Action,N
286160,Tabletop Simulator,05/06/2015,5021,TRUE,156,Radeon Graphics,APU,R GRAPHICS,0,1,2011,99,1,N,Indie,Y
286160,Tabletop Simulator,05/06/2015,5021,TRUE,156,Radeon Graphics,APU,R GRAPHICS,0,1,2011,99,1,N,Adventure,N
286160,Tabletop Simulator,05/06/2015,5021,TRUE,156,Radeon Graphics,APU,R GRAPHICS,0,1,2011,99,1,N,Simulation,Y
286160,Tabletop Simulator,05/06/2015,5021,TRUE,156,Radeon Graphics,APU,R GRAPHICS,0,1,2011,99,1,N,RPG,Y
286160,Tabletop Simulator,05/06/2015,5021,TRUE,156,Radeon Graphics,APU,R GRAPHICS,0,1,2011,99,1,N,Strategy,Y
286160,Tabletop Simulator,05/06/2015,5021,TRUE,156,Radeon Graphics,APU,R GRAPHICS,0,1,2011,99,1,N,Free To Play,N
3900,Borderlands Game of the Year Enhanced,25/10/2006,620,TRUE,657,Intel HD Graphics,APU,INT HD,0,1,2010,99,1,N,Action,N
3900,Borderlands Game of the Year Enhanced,25/10/2006,620,TRUE,657,Intel HD Graphics,APU,INT HD,0,1,2010,99,1,N,Indie,N
3900,Borderlands Game of the Year Enhanced,25/10/2006,620,TRUE,657,Intel HD Graphics,APU,INT HD,0,1,2010,99,1,N,Adventure,N
3900,Borderlands Game of the Year Enhanced,25/10/2006,620,TRUE,657,Intel HD Graphics,APU,INT HD,0,1,2010,99,1,N,Simulation,N
3900,Borderlands Game of the Year Enhanced,25/10/2006,620,TRUE,657,Intel HD Graphics,APU,INT HD,0,1,2010,99,1,N,RPG,N
3900,Borderlands Game of the Year Enhanced,25/10/2006,620,TRUE,657,Intel HD Graphics,APU,INT HD,0,1,2010,99,1,N,Strategy,Y
3900,Borderlands Game of the Year Enhanced,25/10/2006,620,TRUE,657,Intel HD Graphics,APU,INT HD,0,1,2010,99,1,N,Free To Play,N
203140,Ravenfield,19/11/2012,618,FALSE,661,Radeon Graphics,APU,R GRAPHICS,0,1,2011,99,1,N,Action,Y
203140,Ravenfield,19/11/2012,618,FALSE,661,Radeon Graphics,APU,R GRAPHICS,0,1,2011,99,1,N,Indie,N
203140,Ravenfield,19/11/2012,618,FALSE,661,Radeon Graphics,APU,R GRAPHICS,0,1,2011,99,1,N,Adventure,N
203140,Ravenfield,19/11/2012,618,FALSE,661,Radeon Graphics,APU,R GRAPHICS,0,1,2011,99,1,N,Simulation,N
203140,Ravenfield,19/11/2012,618,FALSE,661,Radeon Graphics,APU,R GRAPHICS,0,1,2011,99,1,N,RPG,N
203140,Ravenfield,19/11/2012,618,FALSE,661,Radeon Graphics,APU,R GRAPHICS,0,1,2011,99,1,N,Strategy,N
203140,Ravenfield,19/11/2012,618,FALSE,661,Radeon Graphics,APU,R GRAPHICS,0,1,2011,99,1,N,Free To Play,N
20900,Batman: Arkham Origins,19/09/2008,616,TRUE,665,Radeon Graphics,APU,R GRAPHICS,0,1,2011,99,1,N,Action,Y
20900,Batman: Arkham Origins,19/09/2008,616,TRUE,665,Radeon Graphics,APU,R GRAPHICS,0,1,2011,99,1,N,Indie,N
20900,Batman: Arkham Origins,19/09/2008,616,TRUE,665,Radeon Graphics,APU,R GRAPHICS,0,1,2011,99,1,N,Adventure,N
20900,Batman: Arkham Origins,19/09/2008,616,TRUE,665,Radeon Graphics,APU,R GRAPHICS,0,1,2011,99,1,N,Simulation,N
20900,Batman: Arkham Origins,19/09/2008,616,TRUE,665,Radeon Graphics,APU,R GRAPHICS,0,1,2011,99,1,N,RPG,Y
20900,Batman: Arkham Origins,19/09/2008,616,TRUE,665,Radeon Graphics,APU,R GRAPHICS,0,1,2011,99,1,N,Strategy,N
20900,Batman: Arkham Origins,19/09/2008,616,TRUE,665,Radeon Graphics,APU,R GRAPHICS,0,1,2011,99,1,N,Free To Play,N
209000,Flag Clicker,24/10/2013,616,FALSE,665,Radeon Graphics,APU,R GRAPHICS,0,1,2011,99,1,N,Action,Y
209000,Flag Clicker,24/10/2013,616,FALSE,665,Radeon Graphics,APU,R GRAPHICS,0,1,2011,99,1,N,Indie,N
209000,Flag Clicker,24/10/2013,616,FALSE,665,Radeon Graphics,APU,R GRAPHICS,0,1,2011,99,1,N,Adventure,Y
209000,Flag Clicker,24/10/2013,616,FALSE,665,Radeon Graphics,APU,R GRAPHICS,0,1,2011,99,1,N,Simulation,N
209000,Flag Clicker,24/10/2013,616,FALSE,665,Radeon Graphics,APU,R GRAPHICS,0,1,2011,99,1,N,RPG,N
209000,Flag Clicker,24/10/2013,616,FALSE,665,Radeon Graphics,APU,R GRAPHICS,0,1,2011,99,1,N,Strategy,N
209000,Flag Clicker,24/10/2013,616,FALSE,665,Radeon Graphics,APU,R GRAPHICS,0,1,2011,99,1,N,Free To Play,N
252530,Bugtopia,11/12/2013,587,FALSE,690,Radeon Graphics,APU,R GRAPHICS,0,1,2011,99,1,N,Action,N
252530,Bugtopia,11/12/2013,587,FALSE,690,Radeon Graphics,APU,R GRAPHICS,0,1,2011,99,1,N,Indie,N
252530,Bugtopia,11/12/2013,587,FALSE,690,Radeon Graphics,APU,R GRAPHICS,0,1,2011,99,1,N,Adventure,N
252530,Bugtopia,11/12/2013,587,FALSE,690,Radeon Graphics,APU,R GRAPHICS,0,1,2011,99,1,N,Simulation,Y
252530,Bugtopia,11/12/2013,587,FALSE,690,Radeon Graphics,APU,R GRAPHICS,0,1,2011,99,1,N,RPG,N
252530,Bugtopia,11/12/2013,587,FALSE,690,Radeon Graphics,APU,R GRAPHICS,0,1,2011,99,1,N,Strategy,N
252530,Bugtopia,11/12/2013,587,FALSE,690,Radeon Graphics,APU,R GRAPHICS,0,1,2011,99,1,N,Free To Play,N
239030,Mad Island,08/08/2013,416,TRUE,862,Radeon Graphics,APU,R GRAPHICS,0,1,2011,99,1,N,Action,N
239030,Mad Island,08/08/2013,416,TRUE,862,Radeon Graphics,APU,R GRAPHICS,0,1,2011,99,1,N,Indie,Y
239030,Mad Island,08/08/2013,416,TRUE,862,Radeon Graphics,APU,R GRAPHICS,0,1,2011,99,1,N,Adventure,Y
239030,Mad Island,08/08/2013,416,TRUE,862,Radeon Graphics,APU,R GRAPHICS,0,1,2011,99,1,N,Simulation,N
239030,Mad Island,08/08/2013,416,TRUE,862,Radeon Graphics,APU,R GRAPHICS,0,1,2011,99,1,N,RPG,N
239030,Mad Island,08/08/2013,416,TRUE,862,Radeon Graphics,APU,R GRAPHICS,0,1,2011,99,1,N,Strategy,N
239030,Mad Island,08/08/2013,416,TRUE,862,Radeon Graphics,APU,R GRAPHICS,0,1,2011,99,1,N,Free To Play,N
207610,Your Only Move Is HUSTLE,24/04/2012,614,TRUE,668,Radeon Graphics,APU,R GRAPHICS,0,1,2011,99,1,N,Action,N
207610,Your Only Move Is HUSTLE,24/04/2012,614,TRUE,668,Radeon Graphics,APU,R GRAPHICS,0,1,2011,99,1,N,Indie,N
207610,Your Only Move Is HUSTLE,24/04/2012,614,TRUE,668,Radeon Graphics,APU,R GRAPHICS,0,1,2011,99,1,N,Adventure,Y
207610,Your Only Move Is HUSTLE,24/04/2012,614,TRUE,668,Radeon Graphics,APU,R GRAPHICS,0,1,2011,99,1,N,Simulation,N
207610,Your Only Move Is HUSTLE,24/04/2012,614,TRUE,668,Radeon Graphics,APU,R GRAPHICS,0,1,2011,99,1,N,RPG,N
207610,Your Only Move Is HUSTLE,24/04/2012,614,TRUE,668,Radeon Graphics,APU,R GRAPHICS,0,1,2011,99,1,N,Strategy,N
207610,Your Only Move Is HUSTLE,24/04/2012,614,TRUE,668,Radeon Graphics,APU,R GRAPHICS,0,1,2011,99,1,N,Free To Play,N
32370,Liftoff: FPV Drone Racing,05/09/2009,424,TRUE,853,Radeon Graphics,APU,R GRAPHICS,0,1,2011,99,1,N,Action,N
32370,Liftoff: FPV Drone Racing,05/09/2009,424,TRUE,853,Radeon Graphics,APU,R GRAPHICS,0,1,2011,99,1,N,Indie,N
32370,Liftoff: FPV Drone Racing,05/09/2009,424,TRUE,853,Radeon Graphics,APU,R GRAPHICS,0,1,2011,99,1,N,Adventure,Y
32370,Liftoff: FPV Drone Racing,05/09/2009,424,TRUE,853,Radeon Graphics,APU,R GRAPHICS,0,1,2011,99,1,N,Simulation,N
32370,Liftoff: FPV Drone Racing,05/09/2009,424,TRUE,853,Radeon Graphics,APU,R GRAPHICS,0,1,2011,99,1,N,RPG,Y
32370,Liftoff: FPV Drone Racing,05/09/2009,424,TRUE,853,Radeon Graphics,APU,R GRAPHICS,0,1,2011,99,1,N,Strategy,N
32370,Liftoff: FPV Drone Racing,05/09/2009,424,TRUE,853,Radeon Graphics,APU,R GRAPHICS,0,1,2011,99,1,N,Free To Play,N
214950,Total War: ROME II - Emperor Edition,02/09/2013,3901,TRUE,186,Radeon Graphics,APU,R GRAPHICS,0,1,2011,99,1,N,Action,N
214950,Total War: ROME II - Emperor Edition,02/09/2013,3901,TRUE,186,Radeon Graphics,APU,R GRAPHICS,0,1,2011,99,1,N,Indie,N
214950,Total War: ROME II - Emperor Edition,02/09/2013,3901,TRUE,186,Radeon Graphics,APU,R GRAPHICS,0,1,2011,99,1,N,Adventure,N
214950,Total War: ROME II - Emperor Edition,02/09/2013,3901,TRUE,186,Radeon Graphics,APU,R GRAPHICS,0,1,2011,99,1,N,Simulation,N
214950,Total War: ROME II - Emperor Edition,02/09/2013,3901,TRUE,186,Radeon Graphics,APU,R GRAPHICS,0,1,2011,99,1,N,RPG,N
214950,Total War: ROME II - Emperor Edition,02/09/2013,3901,TRUE,186,Radeon Graphics,APU,R GRAPHICS,0,1,2011,99,1,N,Strategy,Y
214950,Total War: ROME II - Emperor Edition,02/09/2013,3901,TRUE,186,Radeon Graphics,APU,R GRAPHICS,0,1,2011,99,1,N,Free To Play,N
8500,EVE Online,15/12/2010,3705,TRUE,195,Radeon Graphics,APU,R GRAPHICS,0,1,2011,99,1,N,Action,Y
8500,EVE Online,15/12/2010,3705,TRUE,195,Radeon Graphics,APU,R GRAPHICS,0,1,2011,99,1,N,Indie,N
8500,EVE Online,15/12/2010,3705,TRUE,195,Radeon Graphics,APU,R GRAPHICS,0,1,2011,99,1,N,Adventure,N
8500,EVE Online,15/12/2010,3705,TRUE,195,Radeon Graphics,APU,R GRAPHICS,0,1,2011,99,1,N,Simulation,N
8500,EVE Online,15/12/2010,3705,TRUE,195,Radeon Graphics,APU,R GRAPHICS,0,1,2011,99,1,N,RPG,Y
8500,EVE Online,15/12/2010,3705,TRUE,195,Radeon Graphics,APU,R GRAPHICS,0,1,2011,99,1,N,Strategy,Y
8500,EVE Online,15/12/2010,3705,TRUE,195,Radeon Graphics,APU,R GRAPHICS,0,1,2011,99,1,N,Free To Play,Y
35140,Magicraft,26/03/2010,601,FALSE,673,Radeon Graphics,APU,R GRAPHICS,0,1,2011,99,1,N,Action,Y
35140,Magicraft,26/03/2010,601,FALSE,673,Radeon Graphics,APU,R GRAPHICS,0,1,2011,99,1,N,Indie,N
35140,Magicraft,26/03/2010,601,FALSE,673,Radeon Graphics,APU,R GRAPHICS,0,1,2011,99,1,N,Adventure,Y
35140,Magicraft,26/03/2010,601,FALSE,673,Radeon Graphics,APU,R GRAPHICS,0,1,2011,99,1,N,Simulation,N
35140,Magicraft,26/03/2010,601,FALSE,673,Radeon Graphics,APU,R GRAPHICS,0,1,2011,99,1,N,RPG,N
35140,Magicraft,26/03/2010,601,FALSE,673,Radeon Graphics,APU,R GRAPHICS,0,1,2011,99,1,N,Strategy,N
35140,Magicraft,26/03/2010,601,FALSE,673,Radeon Graphics,APU,R GRAPHICS,0,1,2011,99,1,N,Free To Play,N
698780,gogh: Focus with Your Avatar,06/10/2017,427,TRUE,847,Radeon Graphics,APU,R GRAPHICS,0,1,2011,99,1,N,Action,N
698780,gogh: Focus with Your Avatar,06/10/2017,427,TRUE,847,Radeon Graphics,APU,R GRAPHICS,0,1,2011,99,1,N,Indie,Y
698780,gogh: Focus with Your Avatar,06/10/2017,427,TRUE,847,Radeon Graphics,APU,R GRAPHICS,0,1,2011,99,1,N,Adventure,N
698780,gogh: Focus with Your Avatar,06/10/2017,427,TRUE,847,Radeon Graphics,APU,R GRAPHICS,0,1,2011,99,1,N,Simulation,N
698780,gogh: Focus with Your Avatar,06/10/2017,427,TRUE,847,Radeon Graphics,APU,R GRAPHICS,0,1,2011,99,1,N,RPG,N
698780,gogh: Focus with Your Avatar,06/10/2017,427,TRUE,847,Radeon Graphics,APU,R GRAPHICS,0,1,2011,99,1,N,Strategy,N
698780,gogh: Focus with Your Avatar,06/10/2017,427,TRUE,847,Radeon Graphics,APU,R GRAPHICS,0,1,2011,99,1,N,Free To Play,Y
475150,SPORE,31/08/2016,599,FALSE,675,Radeon Graphics,APU,R GRAPHICS,0,1,2011,99,1,N,Action,Y
475150,SPORE,31/08/2016,599,FALSE,675,Radeon Graphics,APU,R GRAPHICS,0,1,2011,99,1,N,Indie,N
475150,SPORE,31/08/2016,599,FALSE,675,Radeon Graphics,APU,R GRAPHICS,0,1,2011,99,1,N,Adventure,N
475150,SPORE,31/08/2016,599,FALSE,675,Radeon Graphics,APU,R GRAPHICS,0,1,2011,99,1,N,Simulation,N
475150,SPORE,31/08/2016,599,FALSE,675,Radeon Graphics,APU,R GRAPHICS,0,1,2011,99,1,N,RPG,Y
475150,SPORE,31/08/2016,599,FALSE,675,Radeon Graphics,APU,R GRAPHICS,0,1,2011,99,1,N,Strategy,N
475150,SPORE,31/08/2016,599,FALSE,675,Radeon Graphics,APU,R GRAPHICS,0,1,2011,99,1,N,Free To Play,N
17390,Krita,19/12/2008,599,FALSE,675,Radeon Graphics,APU,R GRAPHICS,0,1,2011,99,1,N,Action,Y
17390,Krita,19/12/2008,599,FALSE,675,Radeon Graphics,APU,R GRAPHICS,0,1,2011,99,1,N,Indie,N
17390,Krita,19/12/2008,599,FALSE,675,Radeon Graphics,APU,R GRAPHICS,0,1,2011,99,1,N,Adventure,Y
17390,Krita,19/12/2008,599,FALSE,675,Radeon Graphics,APU,R GRAPHICS,0,1,2011,99,1,N,Simulation,Y
17390,Krita,19/12/2008,599,FALSE,675,Radeon Graphics,APU,R GRAPHICS,0,1,2011,99,1,N,RPG,Y
17390,Krita,19/12/2008,599,FALSE,675,Radeon Graphics,APU,R GRAPHICS,0,1,2011,99,1,N,Strategy,Y
17390,Krita,19/12/2008,599,FALSE,675,Radeon Graphics,APU,R GRAPHICS,0,1,2011,99,1,N,Free To Play,N
391540,Undertale,15/09/2015,3331,TRUE,213,Radeon Graphics,APU,R GRAPHICS,0,1,2011,99,1,N,Action,N
391540,Undertale,15/09/2015,3331,TRUE,213,Radeon Graphics,APU,R GRAPHICS,0,1,2011,99,1,N,Indie,Y
391540,Undertale,15/09/2015,3331,TRUE,213,Radeon Graphics,APU,R GRAPHICS,0,1,2011,99,1,N,Adventure,N
391540,Undertale,15/09/2015,3331,TRUE,213,Radeon Graphics,APU,R GRAPHICS,0,1,2011,99,1,N,Simulation,N
391540,Undertale,15/09/2015,3331,TRUE,213,Radeon Graphics,APU,R GRAPHICS,0,1,2011,99,1,N,RPG,Y
391540,Undertale,15/09/2015,3331,TRUE,213,Radeon Graphics,APU,R GRAPHICS,0,1,2011,99,1,N,Strategy,N
391540,Undertale,15/09/2015,3331,TRUE,213,Radeon Graphics,APU,R GRAPHICS,0,1,2011,99,1,N,Free To Play,N
1840,Source Filmmaker,10/07/2012,1047,FALSE,473,Radeon Graphics,APU,R GRAPHICS,0,1,2011,99,1,N,Action,N
1840,Source Filmmaker,10/07/2012,1047,FALSE,473,Radeon Graphics,APU,R GRAPHICS,0,1,2011,99,1,N,Indie,N
1840,Source Filmmaker,10/07/2012,1047,FALSE,473,Radeon Graphics,APU,R GRAPHICS,0,1,2011,99,1,N,Adventure,N
1840,Source Filmmaker,10/07/2012,1047,FALSE,473,Radeon Graphics,APU,R GRAPHICS,0,1,2011,99,1,N,Simulation,N
1840,Source Filmmaker,10/07/2012,1047,FALSE,473,Radeon Graphics,APU,R GRAPHICS,0,1,2011,99,1,N,RPG,N
1840,Source Filmmaker,10/07/2012,1047,FALSE,473,Radeon Graphics,APU,R GRAPHICS,0,1,2011,99,1,N,Strategy,N
1840,Source Filmmaker,10/07/2012,1047,FALSE,473,Radeon Graphics,APU,R GRAPHICS,0,1,2011,99,1,N,Free To Play,N
9900,Star Trek Online,31/01/2012,1057,FALSE,470,Radeon Graphics,APU,R GRAPHICS,0,1,2011,99,1,N,Action,N
9900,Star Trek Online,31/01/2012,1057,FALSE,470,Radeon Graphics,APU,R GRAPHICS,0,1,2011,99,1,N,Indie,N
9900,Star Trek Online,31/01/2012,1057,FALSE,470,Radeon Graphics,APU,R GRAPHICS,0,1,2011,99,1,N,Adventure,N
9900,Star Trek Online,31/01/2012,1057,FALSE,470,Radeon Graphics,APU,R GRAPHICS,0,1,2011,99,1,N,Simulation,N
9900,Star Trek Online,31/01/2012,1057,FALSE,470,Radeon Graphics,APU,R GRAPHICS,0,1,2011,99,1,N,RPG,Y
9900,Star Trek Online,31/01/2012,1057,FALSE,470,Radeon Graphics,APU,R GRAPHICS,0,1,2011,99,1,N,Strategy,N
9900,Star Trek Online,31/01/2012,1057,FALSE,470,Radeon Graphics,APU,R GRAPHICS,0,1,2011,99,1,N,Free To Play,Y
458750,Zombie Army 4: Dead War,22/05/2016,433,TRUE,835,Radeon Graphics,APU,R GRAPHICS,0,1,2011,99,1,N,Action,N
458750,Zombie Army 4: Dead War,22/05/2016,433,TRUE,835,Radeon Graphics,APU,R GRAPHICS,0,1,2011,99,1,N,Indie,N
458750,Zombie Army 4: Dead War,22/05/2016,433,TRUE,835,Radeon Graphics,APU,R GRAPHICS,0,1,2011,99,1,N,Adventure,N
458750,Zombie Army 4: Dead War,22/05/2016,433,TRUE,835,Radeon Graphics,APU,R GRAPHICS,0,1,2011,99,1,N,Simulation,N
458750,Zombie Army 4: Dead War,22/05/2016,433,TRUE,835,Radeon Graphics,APU,R GRAPHICS,0,1,2011,99,1,N,RPG,N
458750,Zombie Army 4: Dead War,22/05/2016,433,TRUE,835,Radeon Graphics,APU,R GRAPHICS,0,1,2011,99,1,N,Strategy,N
458750,Zombie Army 4: Dead War,22/05/2016,433,TRUE,835,Radeon Graphics,APU,R GRAPHICS,0,1,2011,99,1,N,Free To Play,N
10090,FireAlpaca SE,18/11/2008,433,FALSE,835,Radeon Graphics,APU,R GRAPHICS,0,1,2011,99,1,N,Action,Y
10090,FireAlpaca SE,18/11/2008,433,FALSE,835,Radeon Graphics,APU,R GRAPHICS,0,1,2011,99,1,N,Indie,N
10090,FireAlpaca SE,18/11/2008,433,FALSE,835,Radeon Graphics,APU,R GRAPHICS,0,1,2011,99,1,N,Adventure,N
10090,FireAlpaca SE,18/11/2008,433,FALSE,835,Radeon Graphics,APU,R GRAPHICS,0,1,2011,99,1,N,Simulation,N
10090,FireAlpaca SE,18/11/2008,433,FALSE,835,Radeon Graphics,APU,R GRAPHICS,0,1,2011,99,1,N,RPG,N
10090,FireAlpaca SE,18/11/2008,433,FALSE,835,Radeon Graphics,APU,R GRAPHICS,0,1,2011,99,1,N,Strategy,N
10090,FireAlpaca SE,18/11/2008,433,FALSE,835,Radeon Graphics,APU,R GRAPHICS,0,1,2011,99,1,N,Free To Play,N
251060,Call of Duty: World at War,17/04/2014,434,TRUE,834,Radeon Graphics,APU,R GRAPHICS,0,1,2011,99,1,N,Action,N
251060,Call of Duty: World at War,17/04/2014,434,TRUE,834,Radeon Graphics,APU,R GRAPHICS,0,1,2011,99,1,N,Indie,Y
251060,Call of Duty: World at War,17/04/2014,434,TRUE,834,Radeon Graphics,APU,R GRAPHICS,0,1,2011,99,1,N,Adventure,N
251060,Call of Duty: World at War,17/04/2014,434,TRUE,834,Radeon Graphics,APU,R GRAPHICS,0,1,2011,99,1,N,Simulation,Y
251060,Call of Duty: World at War,17/04/2014,434,TRUE,834,Radeon Graphics,APU,R GRAPHICS,0,1,2011,99,1,N,RPG,N
251060,Call of Duty: World at War,17/04/2014,434,TRUE,834,Radeon Graphics,APU,R GRAPHICS,0,1,2011,99,1,N,Strategy,Y
251060,Call of Duty: World at War,17/04/2014,434,TRUE,834,Radeon Graphics,APU,R GRAPHICS,0,1,2011,99,1,N,Free To Play,N
201810,"Papers, Please",19/05/2014,417,FALSE,860,Radeon Graphics,APU,R GRAPHICS,0,1,2011,99,1,N,Action,Y
201810,"Papers, Please",19/05/2014,417,FALSE,860,Radeon Graphics,APU,R GRAPHICS,0,1,2011,99,1,N,Indie,N
201810,"Papers, Please",19/05/2014,417,FALSE,860,Radeon Graphics,APU,R GRAPHICS,0,1,2011,99,1,N,Adventure,N
201810,"Papers, Please",19/05/2014,417,FALSE,860,Radeon Graphics,APU,R GRAPHICS,0,1,2011,99,1,N,Simulation,N
201810,"Papers, Please",19/05/2014,417,FALSE,860,Radeon Graphics,APU,R GRAPHICS,0,1,2011,99,1,N,RPG,N
201810,"Papers, Please",19/05/2014,417,FALSE,860,Radeon Graphics,APU,R GRAPHICS,0,1,2011,99,1,N,Strategy,N
201810,"Papers, Please",19/05/2014,417,FALSE,860,Radeon Graphics,APU,R GRAPHICS,0,1,2011,99,1,N,Free To Play,N
8800,Civilization IV: Beyond the Sword,24/07/2007,1395,TRUE,395,Radeon Graphics,APU,R GRAPHICS,0,1,2011,99,1,N,Action,N
8800,Civilization IV: Beyond the Sword,24/07/2007,1395,TRUE,395,Radeon Graphics,APU,R GRAPHICS,0,1,2011,99,1,N,Indie,N
8800,Civilization IV: Beyond the Sword,24/07/2007,1395,TRUE,395,Radeon Graphics,APU,R GRAPHICS,0,1,2011,99,1,N,Adventure,N
8800,Civilization IV: Beyond the Sword,24/07/2007,1395,TRUE,395,Radeon Graphics,APU,R GRAPHICS,0,1,2011,99,1,N,Simulation,N
8800,Civilization IV: Beyond the Sword,24/07/2007,1395,TRUE,395,Radeon Graphics,APU,R GRAPHICS,0,1,2011,99,1,N,RPG,N
8800,Civilization IV: Beyond the Sword,24/07/2007,1395,TRUE,395,Radeon Graphics,APU,R GRAPHICS,0,1,2011,99,1,N,Strategy,Y
8800,Civilization IV: Beyond the Sword,24/07/2007,1395,TRUE,395,Radeon Graphics,APU,R GRAPHICS,0,1,2011,99,1,N,Free To Play,N
